company,cuenta_normalizada,industria,grupo_economico,tier_cuenta,notas_x,service_name,servicio_normalizado,label_corto,familia,subfamilia,pilar,modelo_comercial,ticket_tipo,en_catalogo,notas_y,cobertura,n_pitches,n_ganados,n_perdidos,n_abiertos,revenue_ganado_eur,pipeline_abierto_eur,valor_perdido_eur,primer_contacto,ultimo_movimiento,ultima_derrota,estados,etiqueta_cobertura,simbolo,es_espacio_blanco
CLARO,Claro,Telco,America Movil,Estrategica,,Custom Bidding,Custom Bidding,Custom Bidding,Activacion & Bidding,Bidding Avanzado,CSA - Tech,Proyecto,Medio,SI,Requiere DV360 y senales propias.,PERDIDO,1.0,0.0,1.0,0.0,0.0,0.0,6936.1,2025-07-27,2025-07-27,2025-07-27,Perdido,Ofrecido y perdido,PERD,False
CLARO,Claro,Telco,America Movil,Estrategica,,BI Services,BI Services,BI Services,Analytics & Optimizacion Digital,Business Intelligence,CSA - Tech,Proyecto,Bajo,SI,Dashboards y visualizacion. Buen gancho para escalar.,BLANCO,0.0,0.0,0.0,0.0,0.0,0.0,0.0,,,,,Nunca ofrecido,,True
CLARO,Claro,Telco,America Movil,Estrategica,,Online Data Optimization - Basic,Online Data Optimization - Basic,ODO Basic,Analytics & Optimizacion Digital,Online Data Optimization,CSA - Tech,Proyecto,Bajo,SI,Version reducida de ODO.,BLANCO,0.0,0.0,0.0,0.0,0.0,0.0,0.0,,,,,Nunca ofrecido,,True
CLARO,Claro,Telco,America Movil,Estrategica,,Online Data Optimization - sites with E-commerce,Online Data Optimization - E-commerce,ODO E-commerce,Analytics & Optimizacion Digital,Online Data Optimization,CSA - Tech,Proyecto,Medio,SI,Auditoria y remediacion de medicion en sitios transaccionales.,EJECUTADO,1.0,1.0,0.0,0.0,5532.01,0.0,0.0,2026-01-01,2026-01-01,,Ganado,Ejecutado,EJEC,False
CLARO,Claro,Telco,America Movil,Estrategica,,Online Data Optimization - sites without E-commerce,Online Data Optimization - No E-commerce,ODO sin E-commerce,Analytics & Optimizacion Digital,Online Data Optimization,CSA - Tech,Proyecto,Bajo,SI,Version para sitios sin transaccion.,BLANCO,0.0,0.0,0.0,0.0,0.0,0.0,0.0,,,,,Nunca ofrecido,,True
CLARO,Claro,Telco,America Movil,Estrategica,,SEO,SEO,SEO,Analytics & Optimizacion Digital,SEO,CSA - Tech,Proyecto,Alto,SI,Ticket alto y ciclo de venta largo.,BLANCO,0.0,0.0,0.0,0.0,0.0,0.0,0.0,,,,,Nunca ofrecido,,True
CLARO,Claro,Telco,America Movil,Estrategica,,Shopping Insider / Feed AI,Shopping Insider / Feed AI,Shopping Insider,Analytics & Optimizacion Digital,Retail & Feed,CSA - Tech,Proyecto,Bajo,SI,Solo aplica a cuentas con e-commerce y feed de productos.,PERDIDO,1.0,0.0,1.0,0.0,0.0,0.0,4219.05,2025-06-30,2025-06-30,2025-06-30,Perdido,Ofrecido y perdido,PERD,False
CLARO,Claro,Telco,America Movil,Estrategica,,Consulting Ad Hoc,Consulting Ad Hoc,Consulting Ad Hoc,Consultoria & Ad Hoc,Consultoria Estrategica,CSA - Tech,Proyecto,Bajo,SI,Puerta de entrada. Alta frecuencia y bajo ticket.,EJECUTADO,1.0,1.0,0.0,0.0,4556.58,0.0,0.0,2026-04-13,2026-04-13,,Ganado,Ejecutado,EJEC,False
CLARO,Claro,Telco,America Movil,Estrategica,,Science Ad Hoc,Science Ad Hoc,Science Ad Hoc,Consultoria & Ad Hoc,Servicios Science,CSA - Science,Proyecto,Medio,SI,Bolsa de horas de data science.,BLANCO,0.0,0.0,0.0,0.0,0.0,0.0,0.0,,,,,Nunca ofrecido,,True
CLARO,Claro,Telco,America Movil,Estrategica,,Tech Services Ad Hoc,Tech Services Ad Hoc,Tech Services Ad Hoc,Consultoria & Ad Hoc,Servicios Tech,CSA - Tech,Proyecto,Bajo,SI,Bolsa de horas tecnicas.,EN_CURSO,2.0,0.0,1.0,1.0,0.0,24648.3,15711.75,2025-09-09,2026-04-01,2025-09-09,En pitch | Perdido,En curso,PITCH,False
CLARO,Claro,Telco,America Movil,Estrategica,,ABCD Detector - Basic (20 Videos) per month,ABCD Detector,ABCD Detector,Creative Intelligence & GenAI,Creative Analytics,CSA - Tech,Recurrente,Bajo,SI,Diagnostico de creatividades en video. Ticket bajo = buen abrepuertas.,BLANCO,0.0,0.0,0.0,0.0,0.0,0.0,0.0,,,,,Nunca ofrecido,,True
CLARO,Claro,Telco,America Movil,Estrategica,,C-GenIA,C-GenIA,C-GenIA,Creative Intelligence & GenAI,Creative GenAI,CSA - Tech,Proyecto,Alto,SI,Version proyecto de generacion creativa.,PERDIDO,1.0,0.0,1.0,0.0,0.0,0.0,25311.96,2025-12-27,2025-12-27,2025-12-27,Perdido,Ofrecido y perdido,PERD,False
CLARO,Claro,Telco,America Movil,Estrategica,,C-GenIA - Basic (200 images) Annual Subscription,C-GenIA Basic Anual,C-GenIA Anual,Creative Intelligence & GenAI,Creative GenAI,CSA - Tech,Licencia,Medio,SI,Suscripcion anual 200 imagenes.,BLANCO,0.0,0.0,0.0,0.0,0.0,0.0,0.0,,,,,Nunca ofrecido,,True
CLARO,Claro,Telco,America Movil,Estrategica,,C-GenIA - Basic (200 images) per month,C-GenIA Basic Mensual,C-GenIA Mensual,Creative Intelligence & GenAI,Creative GenAI,CSA - Tech,Recurrente,Medio,SI,Suscripcion mensual 200 imagenes.,BLANCO,0.0,0.0,0.0,0.0,0.0,0.0,0.0,,,,,Nunca ofrecido,,True
CLARO,Claro,Telco,America Movil,Estrategica,,VIGenAIr,VIGenAIr,VIGenAIr,Creative Intelligence & GenAI,Video GenAI,CSA - Tech,Proyecto,Medio,SI,Reedicion de video con GenAI.,BLANCO,0.0,0.0,0.0,0.0,0.0,0.0,0.0,,,,,Nunca ofrecido,,True
CLARO,Claro,Telco,America Movil,Estrategica,,1PD Integration (until 15 sources) - Google,1PD Integration,1PD Integration,Data Collection & Activacion,First Party Data,CSA - Tech,Proyecto,Alto,SI,Requiere madurez de datos en la cuenta.,BLANCO,0.0,0.0,0.0,0.0,0.0,0.0,0.0,,,,,Nunca ofrecido,,True
CLARO,Claro,Telco,America Movil,Estrategica,,CAPI Automated Offline Integration with CRM,CAPI Offline CRM,CAPI Offline CRM,Data Collection & Activacion,Server-Side / CAPI,CSA - Tech,Proyecto,Medio,SI,Upsell natural sobre CAPI Gateway.,BLANCO,0.0,0.0,0.0,0.0,0.0,0.0,0.0,,,,,Nunca ofrecido,,True
CLARO,Claro,Telco,America Movil,Estrategica,,CAPI x Gateway by CSA - look for special ratecard,CAPI x Gateway,CAPI x Gateway,Data Collection & Activacion,Server-Side / CAPI,CSA - Tech,Recurrente,Bajo,SI,Anclaje tecnico recurrente. Alto win rate.,BLANCO,0.0,0.0,0.0,0.0,0.0,0.0,0.0,,,,,Nunca ofrecido,,True
CLARO,Claro,Telco,America Movil,Estrategica,,Performance Powered Conversions (ECL),Performance Powered Conversions (ECL),Perf. Powered Conv.,Data Collection & Activacion,Conversiones Avanzadas,CSA - Tech,Proyecto,Bajo,SI,Enhanced Conversions for Leads.,PERDIDO,1.0,0.0,1.0,0.0,0.0,0.0,1633.47,2025-10-20,2025-10-20,2025-10-20,Perdido,Ofrecido y perdido,PERD,False
CLARO,Claro,Telco,America Movil,Estrategica,,Licencias GA4 360,Licencias GA4 360,Licencias GA4 360,Licencias & Plataformas,Licencias Analytics,CSA - Tech,Licencia,Alto,SI,Renovacion anual. Revisar ciclo de contrato.,EN_CURSO,1.0,0.0,0.0,1.0,0.0,25314.32,0.0,2026-04-01,2026-04-01,,Prospectado,En curso,PITCH,False
CLARO,Claro,Telco,America Movil,Estrategica,,Licencias SA/DV360,Licencias SA/DV360,Licencias SA/DV360,Licencias & Plataformas,Licencias Media,CSA - Tech,Licencia,Alto,SI,Search Ads 360 / Display & Video 360.,EJECUTADO,2.0,2.0,0.0,0.0,24954.82,0.0,0.0,2026-01-31,2026-02-28,,Ganado,Ejecutado,EJEC,False
CLARO,Claro,Telco,America Movil,Estrategica,,People data fee Media,People Data Fee Media,People Data Fee,Licencias & Plataformas,Data Fee,CSA - Tech,Recurrente,Alto,SI,Fee recurrente asociado a media.,EJECUTADO,1.0,1.0,0.0,0.0,13320.83,0.0,0.0,2026-01-01,2026-01-01,,Ganado,Ejecutado,EJEC,False
CLARO,Claro,Telco,America Movil,Estrategica,,Curves Base contract: 4 channels/2 updates,Curves Base Contract,Curves Base,Measurement & Efectividad,Curvas de Inversion,CSA - Science,Recurrente,Medio,SI,Contrato base con actualizaciones periodicas.,BLANCO,0.0,0.0,0.0,0.0,0.0,0.0,0.0,,,,,Nunca ofrecido,,True
CLARO,Claro,Telco,America Movil,Estrategica,,Geolift,Geolift,Geolift,Measurement & Efectividad,Incrementalidad & Experimentos,CSA - Science,Proyecto,Bajo,SI,Test de incrementalidad geografica.,PERDIDO,1.0,0.0,1.0,0.0,0.0,0.0,3628.39,2025-09-30,2025-09-30,2025-09-30,Perdido,Ofrecido y perdido,PERD,False
CLARO,Claro,Telco,America Movil,Estrategica,,Investment Curves (by conversion:channel),Investment Curves,Investment Curves,Measurement & Efectividad,Curvas de Inversion,CSA - Science,Proyecto,Bajo,SI,Curvas de saturacion por canal.,BLANCO,0.0,0.0,0.0,0.0,0.0,0.0,0.0,,,,,Nunca ofrecido,,True
CLARO,Claro,Telco,America Movil,Estrategica,,MIM Bayesiano,MIM Bayesiano,MIM Bayesiano,Measurement & Efectividad,Marketing Mix Modeling,CSA - Science,Proyecto,Alto,SI,Modelo de inversion bayesiano.,PERDIDO,1.0,0.0,1.0,0.0,0.0,0.0,39915.17,2026-06-05,2026-06-05,2026-06-05,Perdido,Ofrecido y perdido,PERD,False
CLARO,Claro,Telco,America Movil,Estrategica,,MMM Marketing Mix Modeling (without data collection process),MMM Full,MMM Full,Measurement & Efectividad,Marketing Mix Modeling,CSA - Science,Proyecto,Alto,SI,MMM completo sin recoleccion de datos.,BLANCO,0.0,0.0,0.0,0.0,0.0,0.0,0.0,,,,,Nunca ofrecido,,True
CLARO,Claro,Telco,America Movil,Estrategica,,MMM Lite,MMM Lite,MMM Lite,Measurement & Efectividad,Marketing Mix Modeling,CSA - Science,Proyecto,Alto,SI,Version ligera de MMM. Entrada al mundo Science.,BLANCO,0.0,0.0,0.0,0.0,0.0,0.0,0.0,,,,,Nunca ofrecido,,True
CLARO,Claro,Telco,America Movil,Estrategica,,Meridian Google Founds,Meridian (Google Funds),Meridian,Measurement & Efectividad,Marketing Mix Modeling,CSA - Science,Proyecto,Alto,SI,Financiado por Google. Excelente puerta de entrada a Science.,EJECUTADO,1.0,1.0,0.0,0.0,19717.78,0.0,0.0,2025-12-01,2025-12-01,,Ganado,Ejecutado,EJEC,False
CLARO,Claro,Telco,America Movil,Estrategica,,Nested (MMM + BEM) without Data Collection,Nested (MMM + BEM),Nested MMM+BEM,Measurement & Efectividad,Marketing Mix Modeling,CSA - Science,Proyecto,Alto,SI,MMM anidado con Brand Equity Model.,EN_PAUSA,1.0,0.0,0.0,1.0,0.0,18317.12,0.0,2026-04-17,2026-04-17,,En pausa,En pausa,PAUSA,False
COPEC FLUX,Copec Flux,Energia & Combustibles,Copec,Estrategica,,Custom Bidding,Custom Bidding,Custom Bidding,Activacion & Bidding,Bidding Avanzado,CSA - Tech,Proyecto,Medio,SI,Requiere DV360 y senales propias.,BLANCO,0.0,0.0,0.0,0.0,0.0,0.0,0.0,,,,,Nunca ofrecido,,True
COPEC FLUX,Copec Flux,Energia & Combustibles,Copec,Estrategica,,BI Services,BI Services,BI Services,Analytics & Optimizacion Digital,Business Intelligence,CSA - Tech,Proyecto,Bajo,SI,Dashboards y visualizacion. Buen gancho para escalar.,PERDIDO,1.0,0.0,1.0,0.0,0.0,0.0,2698.11,2026-03-05,2026-03-05,2026-03-05,Perdido,Ofrecido y perdido,PERD,False
COPEC FLUX,Copec Flux,Energia & Combustibles,Copec,Estrategica,,Online Data Optimization - Basic,Online Data Optimization - Basic,ODO Basic,Analytics & Optimizacion Digital,Online Data Optimization,CSA - Tech,Proyecto,Bajo,SI,Version reducida de ODO.,EJECUTADO,1.0,1.0,0.0,0.0,2698.11,0.0,0.0,2026-05-03,2026-05-03,,Ganado,Ejecutado,EJEC,False
COPEC FLUX,Copec Flux,Energia & Combustibles,Copec,Estrategica,,Online Data Optimization - sites with E-commerce,Online Data Optimization - E-commerce,ODO E-commerce,Analytics & Optimizacion Digital,Online Data Optimization,CSA - Tech,Proyecto,Medio,SI,Auditoria y remediacion de medicion en sitios transaccionales.,BLANCO,0.0,0.0,0.0,0.0,0.0,0.0,0.0,,,,,Nunca ofrecido,,True
COPEC FLUX,Copec Flux,Energia & Combustibles,Copec,Estrategica,,Online Data Optimization - sites without E-commerce,Online Data Optimization - No E-commerce,ODO sin E-commerce,Analytics & Optimizacion Digital,Online Data Optimization,CSA - Tech,Proyecto,Bajo,SI,Version para sitios sin transaccion.,BLANCO,0.0,0.0,0.0,0.0,0.0,0.0,0.0,,,,,Nunca ofrecido,,True
COPEC FLUX,Copec Flux,Energia & Combustibles,Copec,Estrategica,,SEO,SEO,SEO,Analytics & Optimizacion Digital,SEO,CSA - Tech,Proyecto,Alto,SI,Ticket alto y ciclo de venta largo.,BLANCO,0.0,0.0,0.0,0.0,0.0,0.0,0.0,,,,,Nunca ofrecido,,True
COPEC FLUX,Copec Flux,Energia & Combustibles,Copec,Estrategica,,Shopping Insider / Feed AI,Shopping Insider / Feed AI,Shopping Insider,Analytics & Optimizacion Digital,Retail & Feed,CSA - Tech,Proyecto,Bajo,SI,Solo aplica a cuentas con e-commerce y feed de productos.,BLANCO,0.0,0.0,0.0,0.0,0.0,0.0,0.0,,,,,Nunca ofrecido,,True
COPEC FLUX,Copec Flux,Energia & Combustibles,Copec,Estrategica,,Consulting Ad Hoc,Consulting Ad Hoc,Consulting Ad Hoc,Consultoria & Ad Hoc,Consultoria Estrategica,CSA - Tech,Proyecto,Bajo,SI,Puerta de entrada. Alta frecuencia y bajo ticket.,EJECUTADO,4.0,2.0,1.0,1.0,6491.51,843.81,2333.52,2026-01-01,2026-08-25,2026-01-01,Ganado | En pitch | Perdido,Ejecutado,EJEC,False
COPEC FLUX,Copec Flux,Energia & Combustibles,Copec,Estrategica,,Science Ad Hoc,Science Ad Hoc,Science Ad Hoc,Consultoria & Ad Hoc,Servicios Science,CSA - Science,Proyecto,Medio,SI,Bolsa de horas de data science.,BLANCO,0.0,0.0,0.0,0.0,0.0,0.0,0.0,,,,,Nunca ofrecido,,True
COPEC FLUX,Copec Flux,Energia & Combustibles,Copec,Estrategica,,Tech Services Ad Hoc,Tech Services Ad Hoc,Tech Services Ad Hoc,Consultoria & Ad Hoc,Servicios Tech,CSA - Tech,Proyecto,Bajo,SI,Bolsa de horas tecnicas.,EN_PAUSA,1.0,0.0,0.0,1.0,0.0,3813.55,0.0,2026-08-25,2026-08-25,,En pausa,En pausa,PAUSA,False
COPEC FLUX,Copec Flux,Energia & Combustibles,Copec,Estrategica,,ABCD Detector - Basic (20 Videos) per month,ABCD Detector,ABCD Detector,Creative Intelligence & GenAI,Creative Analytics,CSA - Tech,Recurrente,Bajo,SI,Diagnostico de creatividades en video. Ticket bajo = buen abrepuertas.,BLANCO,0.0,0.0,0.0,0.0,0.0,0.0,0.0,,,,,Nunca ofrecido,,True
COPEC FLUX,Copec Flux,Energia & Combustibles,Copec,Estrategica,,C-GenIA,C-GenIA,C-GenIA,Creative Intelligence & GenAI,Creative GenAI,CSA - Tech,Proyecto,Alto,SI,Version proyecto de generacion creativa.,BLANCO,0.0,0.0,0.0,0.0,0.0,0.0,0.0,,,,,Nunca ofrecido,,True
COPEC FLUX,Copec Flux,Energia & Combustibles,Copec,Estrategica,,C-GenIA - Basic (200 images) Annual Subscription,C-GenIA Basic Anual,C-GenIA Anual,Creative Intelligence & GenAI,Creative GenAI,CSA - Tech,Licencia,Medio,SI,Suscripcion anual 200 imagenes.,BLANCO,0.0,0.0,0.0,0.0,0.0,0.0,0.0,,,,,Nunca ofrecido,,True
COPEC FLUX,Copec Flux,Energia & Combustibles,Copec,Estrategica,,C-GenIA - Basic (200 images) per month,C-GenIA Basic Mensual,C-GenIA Mensual,Creative Intelligence & GenAI,Creative GenAI,CSA - Tech,Recurrente,Medio,SI,Suscripcion mensual 200 imagenes.,EN_CURSO,1.0,0.0,0.0,1.0,0.0,9661.0,0.0,2026-05-20,2026-05-20,,En pitch,En curso,PITCH,False
COPEC FLUX,Copec Flux,Energia & Combustibles,Copec,Estrategica,,VIGenAIr,VIGenAIr,VIGenAIr,Creative Intelligence & GenAI,Video GenAI,CSA - Tech,Proyecto,Medio,SI,Reedicion de video con GenAI.,BLANCO,0.0,0.0,0.0,0.0,0.0,0.0,0.0,,,,,Nunca ofrecido,,True
COPEC FLUX,Copec Flux,Energia & Combustibles,Copec,Estrategica,,1PD Integration (until 15 sources) - Google,1PD Integration,1PD Integration,Data Collection & Activacion,First Party Data,CSA - Tech,Proyecto,Alto,SI,Requiere madurez de datos en la cuenta.,BLANCO,0.0,0.0,0.0,0.0,0.0,0.0,0.0,,,,,Nunca ofrecido,,True
COPEC FLUX,Copec Flux,Energia & Combustibles,Copec,Estrategica,,CAPI Automated Offline Integration with CRM,CAPI Offline CRM,CAPI Offline CRM,Data Collection & Activacion,Server-Side / CAPI,CSA - Tech,Proyecto,Medio,SI,Upsell natural sobre CAPI Gateway.,BLANCO,0.0,0.0,0.0,0.0,0.0,0.0,0.0,,,,,Nunca ofrecido,,True
COPEC FLUX,Copec Flux,Energia & Combustibles,Copec,Estrategica,,CAPI x Gateway by CSA - look for special ratecard,CAPI x Gateway,CAPI x Gateway,Data Collection & Activacion,Server-Side / CAPI,CSA - Tech,Recurrente,Bajo,SI,Anclaje tecnico recurrente. Alto win rate.,BLANCO,0.0,0.0,0.0,0.0,0.0,0.0,0.0,,,,,Nunca ofrecido,,True
COPEC FLUX,Copec Flux,Energia & Combustibles,Copec,Estrategica,,Performance Powered Conversions (ECL),Performance Powered Conversions (ECL),Perf. Powered Conv.,Data Collection & Activacion,Conversiones Avanzadas,CSA - Tech,Proyecto,Bajo,SI,Enhanced Conversions for Leads.,BLANCO,0.0,0.0,0.0,0.0,0.0,0.0,0.0,,,,,Nunca ofrecido,,True
COPEC FLUX,Copec Flux,Energia & Combustibles,Copec,Estrategica,,Licencias GA4 360,Licencias GA4 360,Licencias GA4 360,Licencias & Plataformas,Licencias Analytics,CSA - Tech,Licencia,Alto,SI,Renovacion anual. Revisar ciclo de contrato.,PERDIDO,1.0,0.0,1.0,0.0,0.0,0.0,25423.68,2026-04-27,2026-04-27,2026-04-27,Perdido,Ofrecido y perdido,PERD,False
COPEC FLUX,Copec Flux,Energia & Combustibles,Copec,Estrategica,,Licencias SA/DV360,Licencias SA/DV360,Licencias SA/DV360,Licencias & Plataformas,Licencias Media,CSA - Tech,Licencia,Alto,SI,Search Ads 360 / Display & Video 360.,BLANCO,0.0,0.0,0.0,0.0,0.0,0.0,0.0,,,,,Nunca ofrecido,,True
COPEC FLUX,Copec Flux,Energia & Combustibles,Copec,Estrategica,,People data fee Media,People Data Fee Media,People Data Fee,Licencias & Plataformas,Data Fee,CSA - Tech,Recurrente,Alto,SI,Fee recurrente asociado a media.,BLANCO,0.0,0.0,0.0,0.0,0.0,0.0,0.0,,,,,Nunca ofrecido,,True
COPEC FLUX,Copec Flux,Energia & Combustibles,Copec,Estrategica,,Curves Base contract: 4 channels/2 updates,Curves Base Contract,Curves Base,Measurement & Efectividad,Curvas de Inversion,CSA - Science,Recurrente,Medio,SI,Contrato base con actualizaciones periodicas.,BLANCO,0.0,0.0,0.0,0.0,0.0,0.0,0.0,,,,,Nunca ofrecido,,True
COPEC FLUX,Copec Flux,Energia & Combustibles,Copec,Estrategica,,Geolift,Geolift,Geolift,Measurement & Efectividad,Incrementalidad & Experimentos,CSA - Science,Proyecto,Bajo,SI,Test de incrementalidad geografica.,BLANCO,0.0,0.0,0.0,0.0,0.0,0.0,0.0,,,,,Nunca ofrecido,,True
COPEC FLUX,Copec Flux,Energia & Combustibles,Copec,Estrategica,,Investment Curves (by conversion:channel),Investment Curves,Investment Curves,Measurement & Efectividad,Curvas de Inversion,CSA - Science,Proyecto,Bajo,SI,Curvas de saturacion por canal.,BLANCO,0.0,0.0,0.0,0.0,0.0,0.0,0.0,,,,,Nunca ofrecido,,True
COPEC FLUX,Copec Flux,Energia & Combustibles,Copec,Estrategica,,MIM Bayesiano,MIM Bayesiano,MIM Bayesiano,Measurement & Efectividad,Marketing Mix Modeling,CSA - Science,Proyecto,Alto,SI,Modelo de inversion bayesiano.,BLANCO,0.0,0.0,0.0,0.0,0.0,0.0,0.0,,,,,Nunca ofrecido,,True
COPEC FLUX,Copec Flux,Energia & Combustibles,Copec,Estrategica,,MMM Marketing Mix Modeling (without data collection process),MMM Full,MMM Full,Measurement & Efectividad,Marketing Mix Modeling,CSA - Science,Proyecto,Alto,SI,MMM completo sin recoleccion de datos.,BLANCO,0.0,0.0,0.0,0.0,0.0,0.0,0.0,,,,,Nunca ofrecido,,True
COPEC FLUX,Copec Flux,Energia & Combustibles,Copec,Estrategica,,MMM Lite,MMM Lite,MMM Lite,Measurement & Efectividad,Marketing Mix Modeling,CSA - Science,Proyecto,Alto,SI,Version ligera de MMM. Entrada al mundo Science.,BLANCO,0.0,0.0,0.0,0.0,0.0,0.0,0.0,,,,,Nunca ofrecido,,True
COPEC FLUX,Copec Flux,Energia & Combustibles,Copec,Estrategica,,Meridian Google Founds,Meridian (Google Funds),Meridian,Measurement & Efectividad,Marketing Mix Modeling,CSA - Science,Proyecto,Alto,SI,Financiado por Google. Excelente puerta de entrada a Science.,BLANCO,0.0,0.0,0.0,0.0,0.0,0.0,0.0,,,,,Nunca ofrecido,,True
COPEC FLUX,Copec Flux,Energia & Combustibles,Copec,Estrategica,,Nested (MMM + BEM) without Data Collection,Nested (MMM + BEM),Nested MMM+BEM,Measurement & Efectividad,Marketing Mix Modeling,CSA - Science,Proyecto,Alto,SI,MMM anidado con Brand Equity Model.,BLANCO,0.0,0.0,0.0,0.0,0.0,0.0,0.0,,,,,Nunca ofrecido,,True
CRUZ VERDE,Cruz Verde,Retail Farmacia,SIF,Emergente,,Custom Bidding,Custom Bidding,Custom Bidding,Activacion & Bidding,Bidding Avanzado,CSA - Tech,Proyecto,Medio,SI,Requiere DV360 y senales propias.,BLANCO,0.0,0.0,0.0,0.0,0.0,0.0,0.0,,,,,Nunca ofrecido,,True
CRUZ VERDE,Cruz Verde,Retail Farmacia,SIF,Emergente,,BI Services,BI Services,BI Services,Analytics & Optimizacion Digital,Business Intelligence,CSA - Tech,Proyecto,Bajo,SI,Dashboards y visualizacion. Buen gancho para escalar.,BLANCO,0.0,0.0,0.0,0.0,0.0,0.0,0.0,,,,,Nunca ofrecido,,True
CRUZ VERDE,Cruz Verde,Retail Farmacia,SIF,Emergente,,Online Data Optimization - Basic,Online Data Optimization - Basic,ODO Basic,Analytics & Optimizacion Digital,Online Data Optimization,CSA - Tech,Proyecto,Bajo,SI,Version reducida de ODO.,BLANCO,0.0,0.0,0.0,0.0,0.0,0.0,0.0,,,,,Nunca ofrecido,,True
CRUZ VERDE,Cruz Verde,Retail Farmacia,SIF,Emergente,,Online Data Optimization - sites with E-commerce,Online Data Optimization - E-commerce,ODO E-commerce,Analytics & Optimizacion Digital,Online Data Optimization,CSA - Tech,Proyecto,Medio,SI,Auditoria y remediacion de medicion en sitios transaccionales.,BLANCO,0.0,0.0,0.0,0.0,0.0,0.0,0.0,,,,,Nunca ofrecido,,True
CRUZ VERDE,Cruz Verde,Retail Farmacia,SIF,Emergente,,Online Data Optimization - sites without E-commerce,Online Data Optimization - No E-commerce,ODO sin E-commerce,Analytics & Optimizacion Digital,Online Data Optimization,CSA - Tech,Proyecto,Bajo,SI,Version para sitios sin transaccion.,BLANCO,0.0,0.0,0.0,0.0,0.0,0.0,0.0,,,,,Nunca ofrecido,,True
CRUZ VERDE,Cruz Verde,Retail Farmacia,SIF,Emergente,,SEO,SEO,SEO,Analytics & Optimizacion Digital,SEO,CSA - Tech,Proyecto,Alto,SI,Ticket alto y ciclo de venta largo.,BLANCO,0.0,0.0,0.0,0.0,0.0,0.0,0.0,,,,,Nunca ofrecido,,True
CRUZ VERDE,Cruz Verde,Retail Farmacia,SIF,Emergente,,Shopping Insider / Feed AI,Shopping Insider / Feed AI,Shopping Insider,Analytics & Optimizacion Digital,Retail & Feed,CSA - Tech,Proyecto,Bajo,SI,Solo aplica a cuentas con e-commerce y feed de productos.,BLANCO,0.0,0.0,0.0,0.0,0.0,0.0,0.0,,,,,Nunca ofrecido,,True
CRUZ VERDE,Cruz Verde,Retail Farmacia,SIF,Emergente,,Consulting Ad Hoc,Consulting Ad Hoc,Consulting Ad Hoc,Consultoria & Ad Hoc,Consultoria Estrategica,CSA - Tech,Proyecto,Bajo,SI,Puerta de entrada. Alta frecuencia y bajo ticket.,BLANCO,0.0,0.0,0.0,0.0,0.0,0.0,0.0,,,,,Nunca ofrecido,,True
CRUZ VERDE,Cruz Verde,Retail Farmacia,SIF,Emergente,,Science Ad Hoc,Science Ad Hoc,Science Ad Hoc,Consultoria & Ad Hoc,Servicios Science,CSA - Science,Proyecto,Medio,SI,Bolsa de horas de data science.,BLANCO,0.0,0.0,0.0,0.0,0.0,0.0,0.0,,,,,Nunca ofrecido,,True
CRUZ VERDE,Cruz Verde,Retail Farmacia,SIF,Emergente,,Tech Services Ad Hoc,Tech Services Ad Hoc,Tech Services Ad Hoc,Consultoria & Ad Hoc,Servicios Tech,CSA - Tech,Proyecto,Bajo,SI,Bolsa de horas tecnicas.,BLANCO,0.0,0.0,0.0,0.0,0.0,0.0,0.0,,,,,Nunca ofrecido,,True
CRUZ VERDE,Cruz Verde,Retail Farmacia,SIF,Emergente,,ABCD Detector - Basic (20 Videos) per month,ABCD Detector,ABCD Detector,Creative Intelligence & GenAI,Creative Analytics,CSA - Tech,Recurrente,Bajo,SI,Diagnostico de creatividades en video. Ticket bajo = buen abrepuertas.,BLANCO,0.0,0.0,0.0,0.0,0.0,0.0,0.0,,,,,Nunca ofrecido,,True
CRUZ VERDE,Cruz Verde,Retail Farmacia,SIF,Emergente,,C-GenIA,C-GenIA,C-GenIA,Creative Intelligence & GenAI,Creative GenAI,CSA - Tech,Proyecto,Alto,SI,Version proyecto de generacion creativa.,BLANCO,0.0,0.0,0.0,0.0,0.0,0.0,0.0,,,,,Nunca ofrecido,,True
CRUZ VERDE,Cruz Verde,Retail Farmacia,SIF,Emergente,,C-GenIA - Basic (200 images) Annual Subscription,C-GenIA Basic Anual,C-GenIA Anual,Creative Intelligence & GenAI,Creative GenAI,CSA - Tech,Licencia,Medio,SI,Suscripcion anual 200 imagenes.,BLANCO,0.0,0.0,0.0,0.0,0.0,0.0,0.0,,,,,Nunca ofrecido,,True
CRUZ VERDE,Cruz Verde,Retail Farmacia,SIF,Emergente,,C-GenIA - Basic (200 images) per month,C-GenIA Basic Mensual,C-GenIA Mensual,Creative Intelligence & GenAI,Creative GenAI,CSA - Tech,Recurrente,Medio,SI,Suscripcion mensual 200 imagenes.,BLANCO,0.0,0.0,0.0,0.0,0.0,0.0,0.0,,,,,Nunca ofrecido,,True
CRUZ VERDE,Cruz Verde,Retail Farmacia,SIF,Emergente,,VIGenAIr,VIGenAIr,VIGenAIr,Creative Intelligence & GenAI,Video GenAI,CSA - Tech,Proyecto,Medio,SI,Reedicion de video con GenAI.,BLANCO,0.0,0.0,0.0,0.0,0.0,0.0,0.0,,,,,Nunca ofrecido,,True
CRUZ VERDE,Cruz Verde,Retail Farmacia,SIF,Emergente,,1PD Integration (until 15 sources) - Google,1PD Integration,1PD Integration,Data Collection & Activacion,First Party Data,CSA - Tech,Proyecto,Alto,SI,Requiere madurez de datos en la cuenta.,BLANCO,0.0,0.0,0.0,0.0,0.0,0.0,0.0,,,,,Nunca ofrecido,,True
CRUZ VERDE,Cruz Verde,Retail Farmacia,SIF,Emergente,,CAPI Automated Offline Integration with CRM,CAPI Offline CRM,CAPI Offline CRM,Data Collection & Activacion,Server-Side / CAPI,CSA - Tech,Proyecto,Medio,SI,Upsell natural sobre CAPI Gateway.,BLANCO,0.0,0.0,0.0,0.0,0.0,0.0,0.0,,,,,Nunca ofrecido,,True
CRUZ VERDE,Cruz Verde,Retail Farmacia,SIF,Emergente,,CAPI x Gateway by CSA - look for special ratecard,CAPI x Gateway,CAPI x Gateway,Data Collection & Activacion,Server-Side / CAPI,CSA - Tech,Recurrente,Bajo,SI,Anclaje tecnico recurrente. Alto win rate.,BLANCO,0.0,0.0,0.0,0.0,0.0,0.0,0.0,,,,,Nunca ofrecido,,True
CRUZ VERDE,Cruz Verde,Retail Farmacia,SIF,Emergente,,Performance Powered Conversions (ECL),Performance Powered Conversions (ECL),Perf. Powered Conv.,Data Collection & Activacion,Conversiones Avanzadas,CSA - Tech,Proyecto,Bajo,SI,Enhanced Conversions for Leads.,BLANCO,0.0,0.0,0.0,0.0,0.0,0.0,0.0,,,,,Nunca ofrecido,,True
CRUZ VERDE,Cruz Verde,Retail Farmacia,SIF,Emergente,,Licencias GA4 360,Licencias GA4 360,Licencias GA4 360,Licencias & Plataformas,Licencias Analytics,CSA - Tech,Licencia,Alto,SI,Renovacion anual. Revisar ciclo de contrato.,BLANCO,0.0,0.0,0.0,0.0,0.0,0.0,0.0,,,,,Nunca ofrecido,,True
CRUZ VERDE,Cruz Verde,Retail Farmacia,SIF,Emergente,,Licencias SA/DV360,Licencias SA/DV360,Licencias SA/DV360,Licencias & Plataformas,Licencias Media,CSA - Tech,Licencia,Alto,SI,Search Ads 360 / Display & Video 360.,BLANCO,0.0,0.0,0.0,0.0,0.0,0.0,0.0,,,,,Nunca ofrecido,,True
CRUZ VERDE,Cruz Verde,Retail Farmacia,SIF,Emergente,,People data fee Media,People Data Fee Media,People Data Fee,Licencias & Plataformas,Data Fee,CSA - Tech,Recurrente,Alto,SI,Fee recurrente asociado a media.,BLANCO,0.0,0.0,0.0,0.0,0.0,0.0,0.0,,,,,Nunca ofrecido,,True
CRUZ VERDE,Cruz Verde,Retail Farmacia,SIF,Emergente,,Curves Base contract: 4 channels/2 updates,Curves Base Contract,Curves Base,Measurement & Efectividad,Curvas de Inversion,CSA - Science,Recurrente,Medio,SI,Contrato base con actualizaciones periodicas.,BLANCO,0.0,0.0,0.0,0.0,0.0,0.0,0.0,,,,,Nunca ofrecido,,True
CRUZ VERDE,Cruz Verde,Retail Farmacia,SIF,Emergente,,Geolift,Geolift,Geolift,Measurement & Efectividad,Incrementalidad & Experimentos,CSA - Science,Proyecto,Bajo,SI,Test de incrementalidad geografica.,BLANCO,0.0,0.0,0.0,0.0,0.0,0.0,0.0,,,,,Nunca ofrecido,,True
CRUZ VERDE,Cruz Verde,Retail Farmacia,SIF,Emergente,,Investment Curves (by conversion:channel),Investment Curves,Investment Curves,Measurement & Efectividad,Curvas de Inversion,CSA - Science,Proyecto,Bajo,SI,Curvas de saturacion por canal.,BLANCO,0.0,0.0,0.0,0.0,0.0,0.0,0.0,,,,,Nunca ofrecido,,True
CRUZ VERDE,Cruz Verde,Retail Farmacia,SIF,Emergente,,MIM Bayesiano,MIM Bayesiano,MIM Bayesiano,Measurement & Efectividad,Marketing Mix Modeling,CSA - Science,Proyecto,Alto,SI,Modelo de inversion bayesiano.,BLANCO,0.0,0.0,0.0,0.0,0.0,0.0,0.0,,,,,Nunca ofrecido,,True
CRUZ VERDE,Cruz Verde,Retail Farmacia,SIF,Emergente,,MMM Marketing Mix Modeling (without data collection process),MMM Full,MMM Full,Measurement & Efectividad,Marketing Mix Modeling,CSA - Science,Proyecto,Alto,SI,MMM completo sin recoleccion de datos.,EN_CURSO,1.0,0.0,0.0,1.0,0.0,54108.36,0.0,2026-08-05,2026-08-05,,Prospectado,En curso,PITCH,False
CRUZ VERDE,Cruz Verde,Retail Farmacia,SIF,Emergente,,MMM Lite,MMM Lite,MMM Lite,Measurement & Efectividad,Marketing Mix Modeling,CSA - Science,Proyecto,Alto,SI,Version ligera de MMM. Entrada al mundo Science.,BLANCO,0.0,0.0,0.0,0.0,0.0,0.0,0.0,,,,,Nunca ofrecido,,True
CRUZ VERDE,Cruz Verde,Retail Farmacia,SIF,Emergente,,Meridian Google Founds,Meridian (Google Funds),Meridian,Measurement & Efectividad,Marketing Mix Modeling,CSA - Science,Proyecto,Alto,SI,Financiado por Google. Excelente puerta de entrada a Science.,BLANCO,0.0,0.0,0.0,0.0,0.0,0.0,0.0,,,,,Nunca ofrecido,,True
CRUZ VERDE,Cruz Verde,Retail Farmacia,SIF,Emergente,,Nested (MMM + BEM) without Data Collection,Nested (MMM + BEM),Nested MMM+BEM,Measurement & Efectividad,Marketing Mix Modeling,CSA - Science,Proyecto,Alto,SI,MMM anidado con Brand Equity Model.,BLANCO,0.0,0.0,0.0,0.0,0.0,0.0,0.0,,,,,Nunca ofrecido,,True
DECATHLON,Decathlon,Retail Deportes,Decathlon,Emergente,,Custom Bidding,Custom Bidding,Custom Bidding,Activacion & Bidding,Bidding Avanzado,CSA - Tech,Proyecto,Medio,SI,Requiere DV360 y senales propias.,BLANCO,0.0,0.0,0.0,0.0,0.0,0.0,0.0,,,,,Nunca ofrecido,,True
DECATHLON,Decathlon,Retail Deportes,Decathlon,Emergente,,BI Services,BI Services,BI Services,Analytics & Optimizacion Digital,Business Intelligence,CSA - Tech,Proyecto,Bajo,SI,Dashboards y visualizacion. Buen gancho para escalar.,BLANCO,0.0,0.0,0.0,0.0,0.0,0.0,0.0,,,,,Nunca ofrecido,,True
DECATHLON,Decathlon,Retail Deportes,Decathlon,Emergente,,Online Data Optimization - Basic,Online Data Optimization - Basic,ODO Basic,Analytics & Optimizacion Digital,Online Data Optimization,CSA - Tech,Proyecto,Bajo,SI,Version reducida de ODO.,BLANCO,0.0,0.0,0.0,0.0,0.0,0.0,0.0,,,,,Nunca ofrecido,,True
DECATHLON,Decathlon,Retail Deportes,Decathlon,Emergente,,Online Data Optimization - sites with E-commerce,Online Data Optimization - E-commerce,ODO E-commerce,Analytics & Optimizacion Digital,Online Data Optimization,CSA - Tech,Proyecto,Medio,SI,Auditoria y remediacion de medicion en sitios transaccionales.,BLANCO,0.0,0.0,0.0,0.0,0.0,0.0,0.0,,,,,Nunca ofrecido,,True
DECATHLON,Decathlon,Retail Deportes,Decathlon,Emergente,,Online Data Optimization - sites without E-commerce,Online Data Optimization - No E-commerce,ODO sin E-commerce,Analytics & Optimizacion Digital,Online Data Optimization,CSA - Tech,Proyecto,Bajo,SI,Version para sitios sin transaccion.,BLANCO,0.0,0.0,0.0,0.0,0.0,0.0,0.0,,,,,Nunca ofrecido,,True
DECATHLON,Decathlon,Retail Deportes,Decathlon,Emergente,,SEO,SEO,SEO,Analytics & Optimizacion Digital,SEO,CSA - Tech,Proyecto,Alto,SI,Ticket alto y ciclo de venta largo.,BLANCO,0.0,0.0,0.0,0.0,0.0,0.0,0.0,,,,,Nunca ofrecido,,True
DECATHLON,Decathlon,Retail Deportes,Decathlon,Emergente,,Shopping Insider / Feed AI,Shopping Insider / Feed AI,Shopping Insider,Analytics & Optimizacion Digital,Retail & Feed,CSA - Tech,Proyecto,Bajo,SI,Solo aplica a cuentas con e-commerce y feed de productos.,BLANCO,0.0,0.0,0.0,0.0,0.0,0.0,0.0,,,,,Nunca ofrecido,,True
DECATHLON,Decathlon,Retail Deportes,Decathlon,Emergente,,Consulting Ad Hoc,Consulting Ad Hoc,Consulting Ad Hoc,Consultoria & Ad Hoc,Consultoria Estrategica,CSA - Tech,Proyecto,Bajo,SI,Puerta de entrada. Alta frecuencia y bajo ticket.,EN_CURSO,1.0,0.0,0.0,1.0,0.0,3235.17,0.0,2026-08-27,2026-08-27,,En pitch,En curso,PITCH,False
DECATHLON,Decathlon,Retail Deportes,Decathlon,Emergente,,Science Ad Hoc,Science Ad Hoc,Science Ad Hoc,Consultoria & Ad Hoc,Servicios Science,CSA - Science,Proyecto,Medio,SI,Bolsa de horas de data science.,BLANCO,0.0,0.0,0.0,0.0,0.0,0.0,0.0,,,,,Nunca ofrecido,,True
DECATHLON,Decathlon,Retail Deportes,Decathlon,Emergente,,Tech Services Ad Hoc,Tech Services Ad Hoc,Tech Services Ad Hoc,Consultoria & Ad Hoc,Servicios Tech,CSA - Tech,Proyecto,Bajo,SI,Bolsa de horas tecnicas.,BLANCO,0.0,0.0,0.0,0.0,0.0,0.0,0.0,,,,,Nunca ofrecido,,True
DECATHLON,Decathlon,Retail Deportes,Decathlon,Emergente,,ABCD Detector - Basic (20 Videos) per month,ABCD Detector,ABCD Detector,Creative Intelligence & GenAI,Creative Analytics,CSA - Tech,Recurrente,Bajo,SI,Diagnostico de creatividades en video. Ticket bajo = buen abrepuertas.,BLANCO,0.0,0.0,0.0,0.0,0.0,0.0,0.0,,,,,Nunca ofrecido,,True
DECATHLON,Decathlon,Retail Deportes,Decathlon,Emergente,,C-GenIA,C-GenIA,C-GenIA,Creative Intelligence & GenAI,Creative GenAI,CSA - Tech,Proyecto,Alto,SI,Version proyecto de generacion creativa.,BLANCO,0.0,0.0,0.0,0.0,0.0,0.0,0.0,,,,,Nunca ofrecido,,True
DECATHLON,Decathlon,Retail Deportes,Decathlon,Emergente,,C-GenIA - Basic (200 images) Annual Subscription,C-GenIA Basic Anual,C-GenIA Anual,Creative Intelligence & GenAI,Creative GenAI,CSA - Tech,Licencia,Medio,SI,Suscripcion anual 200 imagenes.,BLANCO,0.0,0.0,0.0,0.0,0.0,0.0,0.0,,,,,Nunca ofrecido,,True
DECATHLON,Decathlon,Retail Deportes,Decathlon,Emergente,,C-GenIA - Basic (200 images) per month,C-GenIA Basic Mensual,C-GenIA Mensual,Creative Intelligence & GenAI,Creative GenAI,CSA - Tech,Recurrente,Medio,SI,Suscripcion mensual 200 imagenes.,BLANCO,0.0,0.0,0.0,0.0,0.0,0.0,0.0,,,,,Nunca ofrecido,,True
DECATHLON,Decathlon,Retail Deportes,Decathlon,Emergente,,VIGenAIr,VIGenAIr,VIGenAIr,Creative Intelligence & GenAI,Video GenAI,CSA - Tech,Proyecto,Medio,SI,Reedicion de video con GenAI.,BLANCO,0.0,0.0,0.0,0.0,0.0,0.0,0.0,,,,,Nunca ofrecido,,True
DECATHLON,Decathlon,Retail Deportes,Decathlon,Emergente,,1PD Integration (until 15 sources) - Google,1PD Integration,1PD Integration,Data Collection & Activacion,First Party Data,CSA - Tech,Proyecto,Alto,SI,Requiere madurez de datos en la cuenta.,BLANCO,0.0,0.0,0.0,0.0,0.0,0.0,0.0,,,,,Nunca ofrecido,,True
DECATHLON,Decathlon,Retail Deportes,Decathlon,Emergente,,CAPI Automated Offline Integration with CRM,CAPI Offline CRM,CAPI Offline CRM,Data Collection & Activacion,Server-Side / CAPI,CSA - Tech,Proyecto,Medio,SI,Upsell natural sobre CAPI Gateway.,BLANCO,0.0,0.0,0.0,0.0,0.0,0.0,0.0,,,,,Nunca ofrecido,,True
DECATHLON,Decathlon,Retail Deportes,Decathlon,Emergente,,CAPI x Gateway by CSA - look for special ratecard,CAPI x Gateway,CAPI x Gateway,Data Collection & Activacion,Server-Side / CAPI,CSA - Tech,Recurrente,Bajo,SI,Anclaje tecnico recurrente. Alto win rate.,BLANCO,0.0,0.0,0.0,0.0,0.0,0.0,0.0,,,,,Nunca ofrecido,,True
DECATHLON,Decathlon,Retail Deportes,Decathlon,Emergente,,Performance Powered Conversions (ECL),Performance Powered Conversions (ECL),Perf. Powered Conv.,Data Collection & Activacion,Conversiones Avanzadas,CSA - Tech,Proyecto,Bajo,SI,Enhanced Conversions for Leads.,BLANCO,0.0,0.0,0.0,0.0,0.0,0.0,0.0,,,,,Nunca ofrecido,,True
DECATHLON,Decathlon,Retail Deportes,Decathlon,Emergente,,Licencias GA4 360,Licencias GA4 360,Licencias GA4 360,Licencias & Plataformas,Licencias Analytics,CSA - Tech,Licencia,Alto,SI,Renovacion anual. Revisar ciclo de contrato.,BLANCO,0.0,0.0,0.0,0.0,0.0,0.0,0.0,,,,,Nunca ofrecido,,True
DECATHLON,Decathlon,Retail Deportes,Decathlon,Emergente,,Licencias SA/DV360,Licencias SA/DV360,Licencias SA/DV360,Licencias & Plataformas,Licencias Media,CSA - Tech,Licencia,Alto,SI,Search Ads 360 / Display & Video 360.,BLANCO,0.0,0.0,0.0,0.0,0.0,0.0,0.0,,,,,Nunca ofrecido,,True
DECATHLON,Decathlon,Retail Deportes,Decathlon,Emergente,,People data fee Media,People Data Fee Media,People Data Fee,Licencias & Plataformas,Data Fee,CSA - Tech,Recurrente,Alto,SI,Fee recurrente asociado a media.,BLANCO,0.0,0.0,0.0,0.0,0.0,0.0,0.0,,,,,Nunca ofrecido,,True
DECATHLON,Decathlon,Retail Deportes,Decathlon,Emergente,,Curves Base contract: 4 channels/2 updates,Curves Base Contract,Curves Base,Measurement & Efectividad,Curvas de Inversion,CSA - Science,Recurrente,Medio,SI,Contrato base con actualizaciones periodicas.,BLANCO,0.0,0.0,0.0,0.0,0.0,0.0,0.0,,,,,Nunca ofrecido,,True
DECATHLON,Decathlon,Retail Deportes,Decathlon,Emergente,,Geolift,Geolift,Geolift,Measurement & Efectividad,Incrementalidad & Experimentos,CSA - Science,Proyecto,Bajo,SI,Test de incrementalidad geografica.,BLANCO,0.0,0.0,0.0,0.0,0.0,0.0,0.0,,,,,Nunca ofrecido,,True
DECATHLON,Decathlon,Retail Deportes,Decathlon,Emergente,,Investment Curves (by conversion:channel),Investment Curves,Investment Curves,Measurement & Efectividad,Curvas de Inversion,CSA - Science,Proyecto,Bajo,SI,Curvas de saturacion por canal.,BLANCO,0.0,0.0,0.0,0.0,0.0,0.0,0.0,,,,,Nunca ofrecido,,True
DECATHLON,Decathlon,Retail Deportes,Decathlon,Emergente,,MIM Bayesiano,MIM Bayesiano,MIM Bayesiano,Measurement & Efectividad,Marketing Mix Modeling,CSA - Science,Proyecto,Alto,SI,Modelo de inversion bayesiano.,BLANCO,0.0,0.0,0.0,0.0,0.0,0.0,0.0,,,,,Nunca ofrecido,,True
DECATHLON,Decathlon,Retail Deportes,Decathlon,Emergente,,MMM Marketing Mix Modeling (without data collection process),MMM Full,MMM Full,Measurement & Efectividad,Marketing Mix Modeling,CSA - Science,Proyecto,Alto,SI,MMM completo sin recoleccion de datos.,BLANCO,0.0,0.0,0.0,0.0,0.0,0.0,0.0,,,,,Nunca ofrecido,,True
DECATHLON,Decathlon,Retail Deportes,Decathlon,Emergente,,MMM Lite,MMM Lite,MMM Lite,Measurement & Efectividad,Marketing Mix Modeling,CSA - Science,Proyecto,Alto,SI,Version ligera de MMM. Entrada al mundo Science.,BLANCO,0.0,0.0,0.0,0.0,0.0,0.0,0.0,,,,,Nunca ofrecido,,True
DECATHLON,Decathlon,Retail Deportes,Decathlon,Emergente,,Meridian Google Founds,Meridian (Google Funds),Meridian,Measurement & Efectividad,Marketing Mix Modeling,CSA - Science,Proyecto,Alto,SI,Financiado por Google. Excelente puerta de entrada a Science.,BLANCO,0.0,0.0,0.0,0.0,0.0,0.0,0.0,,,,,Nunca ofrecido,,True
DECATHLON,Decathlon,Retail Deportes,Decathlon,Emergente,,Nested (MMM + BEM) without Data Collection,Nested (MMM + BEM),Nested MMM+BEM,Measurement & Efectividad,Marketing Mix Modeling,CSA - Science,Proyecto,Alto,SI,MMM anidado con Brand Equity Model.,BLANCO,0.0,0.0,0.0,0.0,0.0,0.0,0.0,,,,,Nunca ofrecido,,True
ENEX,Enex,Energia & Combustibles,Quinenco,Desarrollo,,Custom Bidding,Custom Bidding,Custom Bidding,Activacion & Bidding,Bidding Avanzado,CSA - Tech,Proyecto,Medio,SI,Requiere DV360 y senales propias.,BLANCO,0.0,0.0,0.0,0.0,0.0,0.0,0.0,,,,,Nunca ofrecido,,True
ENEX,Enex,Energia & Combustibles,Quinenco,Desarrollo,,BI Services,BI Services,BI Services,Analytics & Optimizacion Digital,Business Intelligence,CSA - Tech,Proyecto,Bajo,SI,Dashboards y visualizacion. Buen gancho para escalar.,BLANCO,0.0,0.0,0.0,0.0,0.0,0.0,0.0,,,,,Nunca ofrecido,,True
ENEX,Enex,Energia & Combustibles,Quinenco,Desarrollo,,Online Data Optimization - Basic,Online Data Optimization - Basic,ODO Basic,Analytics & Optimizacion Digital,Online Data Optimization,CSA - Tech,Proyecto,Bajo,SI,Version reducida de ODO.,BLANCO,0.0,0.0,0.0,0.0,0.0,0.0,0.0,,,,,Nunca ofrecido,,True
ENEX,Enex,Energia & Combustibles,Quinenco,Desarrollo,,Online Data Optimization - sites with E-commerce,Online Data Optimization - E-commerce,ODO E-commerce,Analytics & Optimizacion Digital,Online Data Optimization,CSA - Tech,Proyecto,Medio,SI,Auditoria y remediacion de medicion en sitios transaccionales.,BLANCO,0.0,0.0,0.0,0.0,0.0,0.0,0.0,,,,,Nunca ofrecido,,True
ENEX,Enex,Energia & Combustibles,Quinenco,Desarrollo,,Online Data Optimization - sites without E-commerce,Online Data Optimization - No E-commerce,ODO sin E-commerce,Analytics & Optimizacion Digital,Online Data Optimization,CSA - Tech,Proyecto,Bajo,SI,Version para sitios sin transaccion.,BLANCO,0.0,0.0,0.0,0.0,0.0,0.0,0.0,,,,,Nunca ofrecido,,True
ENEX,Enex,Energia & Combustibles,Quinenco,Desarrollo,,SEO,SEO,SEO,Analytics & Optimizacion Digital,SEO,CSA - Tech,Proyecto,Alto,SI,Ticket alto y ciclo de venta largo.,BLANCO,0.0,0.0,0.0,0.0,0.0,0.0,0.0,,,,,Nunca ofrecido,,True
ENEX,Enex,Energia & Combustibles,Quinenco,Desarrollo,,Shopping Insider / Feed AI,Shopping Insider / Feed AI,Shopping Insider,Analytics & Optimizacion Digital,Retail & Feed,CSA - Tech,Proyecto,Bajo,SI,Solo aplica a cuentas con e-commerce y feed de productos.,BLANCO,0.0,0.0,0.0,0.0,0.0,0.0,0.0,,,,,Nunca ofrecido,,True
ENEX,Enex,Energia & Combustibles,Quinenco,Desarrollo,,Consulting Ad Hoc,Consulting Ad Hoc,Consulting Ad Hoc,Consultoria & Ad Hoc,Consultoria Estrategica,CSA - Tech,Proyecto,Bajo,SI,Puerta de entrada. Alta frecuencia y bajo ticket.,EJECUTADO,2.0,1.0,0.0,1.0,821.25,3235.17,0.0,2026-01-01,2026-08-27,,Ganado | En pitch,Ejecutado,EJEC,False
ENEX,Enex,Energia & Combustibles,Quinenco,Desarrollo,,Science Ad Hoc,Science Ad Hoc,Science Ad Hoc,Consultoria & Ad Hoc,Servicios Science,CSA - Science,Proyecto,Medio,SI,Bolsa de horas de data science.,BLANCO,0.0,0.0,0.0,0.0,0.0,0.0,0.0,,,,,Nunca ofrecido,,True
ENEX,Enex,Energia & Combustibles,Quinenco,Desarrollo,,Tech Services Ad Hoc,Tech Services Ad Hoc,Tech Services Ad Hoc,Consultoria & Ad Hoc,Servicios Tech,CSA - Tech,Proyecto,Bajo,SI,Bolsa de horas tecnicas.,PERDIDO,1.0,0.0,1.0,0.0,0.0,0.0,4161.45,2025-08-30,2025-08-30,2025-08-30,Perdido,Ofrecido y perdido,PERD,False
ENEX,Enex,Energia & Combustibles,Quinenco,Desarrollo,,ABCD Detector - Basic (20 Videos) per month,ABCD Detector,ABCD Detector,Creative Intelligence & GenAI,Creative Analytics,CSA - Tech,Recurrente,Bajo,SI,Diagnostico de creatividades en video. Ticket bajo = buen abrepuertas.,BLANCO,0.0,0.0,0.0,0.0,0.0,0.0,0.0,,,,,Nunca ofrecido,,True
ENEX,Enex,Energia & Combustibles,Quinenco,Desarrollo,,C-GenIA,C-GenIA,C-GenIA,Creative Intelligence & GenAI,Creative GenAI,CSA - Tech,Proyecto,Alto,SI,Version proyecto de generacion creativa.,BLANCO,0.0,0.0,0.0,0.0,0.0,0.0,0.0,,,,,Nunca ofrecido,,True
ENEX,Enex,Energia & Combustibles,Quinenco,Desarrollo,,C-GenIA - Basic (200 images) Annual Subscription,C-GenIA Basic Anual,C-GenIA Anual,Creative Intelligence & GenAI,Creative GenAI,CSA - Tech,Licencia,Medio,SI,Suscripcion anual 200 imagenes.,BLANCO,0.0,0.0,0.0,0.0,0.0,0.0,0.0,,,,,Nunca ofrecido,,True
ENEX,Enex,Energia & Combustibles,Quinenco,Desarrollo,,C-GenIA - Basic (200 images) per month,C-GenIA Basic Mensual,C-GenIA Mensual,Creative Intelligence & GenAI,Creative GenAI,CSA - Tech,Recurrente,Medio,SI,Suscripcion mensual 200 imagenes.,BLANCO,0.0,0.0,0.0,0.0,0.0,0.0,0.0,,,,,Nunca ofrecido,,True
ENEX,Enex,Energia & Combustibles,Quinenco,Desarrollo,,VIGenAIr,VIGenAIr,VIGenAIr,Creative Intelligence & GenAI,Video GenAI,CSA - Tech,Proyecto,Medio,SI,Reedicion de video con GenAI.,BLANCO,0.0,0.0,0.0,0.0,0.0,0.0,0.0,,,,,Nunca ofrecido,,True
ENEX,Enex,Energia & Combustibles,Quinenco,Desarrollo,,1PD Integration (until 15 sources) - Google,1PD Integration,1PD Integration,Data Collection & Activacion,First Party Data,CSA - Tech,Proyecto,Alto,SI,Requiere madurez de datos en la cuenta.,BLANCO,0.0,0.0,0.0,0.0,0.0,0.0,0.0,,,,,Nunca ofrecido,,True
ENEX,Enex,Energia & Combustibles,Quinenco,Desarrollo,,CAPI Automated Offline Integration with CRM,CAPI Offline CRM,CAPI Offline CRM,Data Collection & Activacion,Server-Side / CAPI,CSA - Tech,Proyecto,Medio,SI,Upsell natural sobre CAPI Gateway.,BLANCO,0.0,0.0,0.0,0.0,0.0,0.0,0.0,,,,,Nunca ofrecido,,True
ENEX,Enex,Energia & Combustibles,Quinenco,Desarrollo,,CAPI x Gateway by CSA - look for special ratecard,CAPI x Gateway,CAPI x Gateway,Data Collection & Activacion,Server-Side / CAPI,CSA - Tech,Recurrente,Bajo,SI,Anclaje tecnico recurrente. Alto win rate.,BLANCO,0.0,0.0,0.0,0.0,0.0,0.0,0.0,,,,,Nunca ofrecido,,True
ENEX,Enex,Energia & Combustibles,Quinenco,Desarrollo,,Performance Powered Conversions (ECL),Performance Powered Conversions (ECL),Perf. Powered Conv.,Data Collection & Activacion,Conversiones Avanzadas,CSA - Tech,Proyecto,Bajo,SI,Enhanced Conversions for Leads.,BLANCO,0.0,0.0,0.0,0.0,0.0,0.0,0.0,,,,,Nunca ofrecido,,True
ENEX,Enex,Energia & Combustibles,Quinenco,Desarrollo,,Licencias GA4 360,Licencias GA4 360,Licencias GA4 360,Licencias & Plataformas,Licencias Analytics,CSA - Tech,Licencia,Alto,SI,Renovacion anual. Revisar ciclo de contrato.,BLANCO,0.0,0.0,0.0,0.0,0.0,0.0,0.0,,,,,Nunca ofrecido,,True
ENEX,Enex,Energia & Combustibles,Quinenco,Desarrollo,,Licencias SA/DV360,Licencias SA/DV360,Licencias SA/DV360,Licencias & Plataformas,Licencias Media,CSA - Tech,Licencia,Alto,SI,Search Ads 360 / Display & Video 360.,BLANCO,0.0,0.0,0.0,0.0,0.0,0.0,0.0,,,,,Nunca ofrecido,,True
ENEX,Enex,Energia & Combustibles,Quinenco,Desarrollo,,People data fee Media,People Data Fee Media,People Data Fee,Licencias & Plataformas,Data Fee,CSA - Tech,Recurrente,Alto,SI,Fee recurrente asociado a media.,BLANCO,0.0,0.0,0.0,0.0,0.0,0.0,0.0,,,,,Nunca ofrecido,,True
ENEX,Enex,Energia & Combustibles,Quinenco,Desarrollo,,Curves Base contract: 4 channels/2 updates,Curves Base Contract,Curves Base,Measurement & Efectividad,Curvas de Inversion,CSA - Science,Recurrente,Medio,SI,Contrato base con actualizaciones periodicas.,BLANCO,0.0,0.0,0.0,0.0,0.0,0.0,0.0,,,,,Nunca ofrecido,,True
ENEX,Enex,Energia & Combustibles,Quinenco,Desarrollo,,Geolift,Geolift,Geolift,Measurement & Efectividad,Incrementalidad & Experimentos,CSA - Science,Proyecto,Bajo,SI,Test de incrementalidad geografica.,BLANCO,0.0,0.0,0.0,0.0,0.0,0.0,0.0,,,,,Nunca ofrecido,,True
ENEX,Enex,Energia & Combustibles,Quinenco,Desarrollo,,Investment Curves (by conversion:channel),Investment Curves,Investment Curves,Measurement & Efectividad,Curvas de Inversion,CSA - Science,Proyecto,Bajo,SI,Curvas de saturacion por canal.,BLANCO,0.0,0.0,0.0,0.0,0.0,0.0,0.0,,,,,Nunca ofrecido,,True
ENEX,Enex,Energia & Combustibles,Quinenco,Desarrollo,,MIM Bayesiano,MIM Bayesiano,MIM Bayesiano,Measurement & Efectividad,Marketing Mix Modeling,CSA - Science,Proyecto,Alto,SI,Modelo de inversion bayesiano.,BLANCO,0.0,0.0,0.0,0.0,0.0,0.0,0.0,,,,,Nunca ofrecido,,True
ENEX,Enex,Energia & Combustibles,Quinenco,Desarrollo,,MMM Marketing Mix Modeling (without data collection process),MMM Full,MMM Full,Measurement & Efectividad,Marketing Mix Modeling,CSA - Science,Proyecto,Alto,SI,MMM completo sin recoleccion de datos.,BLANCO,0.0,0.0,0.0,0.0,0.0,0.0,0.0,,,,,Nunca ofrecido,,True
ENEX,Enex,Energia & Combustibles,Quinenco,Desarrollo,,MMM Lite,MMM Lite,MMM Lite,Measurement & Efectividad,Marketing Mix Modeling,CSA - Science,Proyecto,Alto,SI,Version ligera de MMM. Entrada al mundo Science.,BLANCO,0.0,0.0,0.0,0.0,0.0,0.0,0.0,,,,,Nunca ofrecido,,True
ENEX,Enex,Energia & Combustibles,Quinenco,Desarrollo,,Meridian Google Founds,Meridian (Google Funds),Meridian,Measurement & Efectividad,Marketing Mix Modeling,CSA - Science,Proyecto,Alto,SI,Financiado por Google. Excelente puerta de entrada a Science.,BLANCO,0.0,0.0,0.0,0.0,0.0,0.0,0.0,,,,,Nunca ofrecido,,True
ENEX,Enex,Energia & Combustibles,Quinenco,Desarrollo,,Nested (MMM + BEM) without Data Collection,Nested (MMM + BEM),Nested MMM+BEM,Measurement & Efectividad,Marketing Mix Modeling,CSA - Science,Proyecto,Alto,SI,MMM anidado con Brand Equity Model.,BLANCO,0.0,0.0,0.0,0.0,0.0,0.0,0.0,,,,,Nunca ofrecido,,True
ESCUELA DE COMERCIO Y SERVICIO,Escuela de Comercio y Servicio,Educacion,Independiente,Emergente,,Custom Bidding,Custom Bidding,Custom Bidding,Activacion & Bidding,Bidding Avanzado,CSA - Tech,Proyecto,Medio,SI,Requiere DV360 y senales propias.,BLANCO,0.0,0.0,0.0,0.0,0.0,0.0,0.0,,,,,Nunca ofrecido,,True
ESCUELA DE COMERCIO Y SERVICIO,Escuela de Comercio y Servicio,Educacion,Independiente,Emergente,,BI Services,BI Services,BI Services,Analytics & Optimizacion Digital,Business Intelligence,CSA - Tech,Proyecto,Bajo,SI,Dashboards y visualizacion. Buen gancho para escalar.,BLANCO,0.0,0.0,0.0,0.0,0.0,0.0,0.0,,,,,Nunca ofrecido,,True
ESCUELA DE COMERCIO Y SERVICIO,Escuela de Comercio y Servicio,Educacion,Independiente,Emergente,,Online Data Optimization - Basic,Online Data Optimization - Basic,ODO Basic,Analytics & Optimizacion Digital,Online Data Optimization,CSA - Tech,Proyecto,Bajo,SI,Version reducida de ODO.,BLANCO,0.0,0.0,0.0,0.0,0.0,0.0,0.0,,,,,Nunca ofrecido,,True
ESCUELA DE COMERCIO Y SERVICIO,Escuela de Comercio y Servicio,Educacion,Independiente,Emergente,,Online Data Optimization - sites with E-commerce,Online Data Optimization - E-commerce,ODO E-commerce,Analytics & Optimizacion Digital,Online Data Optimization,CSA - Tech,Proyecto,Medio,SI,Auditoria y remediacion de medicion en sitios transaccionales.,BLANCO,0.0,0.0,0.0,0.0,0.0,0.0,0.0,,,,,Nunca ofrecido,,True
ESCUELA DE COMERCIO Y SERVICIO,Escuela de Comercio y Servicio,Educacion,Independiente,Emergente,,Online Data Optimization - sites without E-commerce,Online Data Optimization - No E-commerce,ODO sin E-commerce,Analytics & Optimizacion Digital,Online Data Optimization,CSA - Tech,Proyecto,Bajo,SI,Version para sitios sin transaccion.,BLANCO,0.0,0.0,0.0,0.0,0.0,0.0,0.0,,,,,Nunca ofrecido,,True
ESCUELA DE COMERCIO Y SERVICIO,Escuela de Comercio y Servicio,Educacion,Independiente,Emergente,,SEO,SEO,SEO,Analytics & Optimizacion Digital,SEO,CSA - Tech,Proyecto,Alto,SI,Ticket alto y ciclo de venta largo.,BLANCO,0.0,0.0,0.0,0.0,0.0,0.0,0.0,,,,,Nunca ofrecido,,True
ESCUELA DE COMERCIO Y SERVICIO,Escuela de Comercio y Servicio,Educacion,Independiente,Emergente,,Shopping Insider / Feed AI,Shopping Insider / Feed AI,Shopping Insider,Analytics & Optimizacion Digital,Retail & Feed,CSA - Tech,Proyecto,Bajo,SI,Solo aplica a cuentas con e-commerce y feed de productos.,BLANCO,0.0,0.0,0.0,0.0,0.0,0.0,0.0,,,,,Nunca ofrecido,,True
ESCUELA DE COMERCIO Y SERVICIO,Escuela de Comercio y Servicio,Educacion,Independiente,Emergente,,Consulting Ad Hoc,Consulting Ad Hoc,Consulting Ad Hoc,Consultoria & Ad Hoc,Consultoria Estrategica,CSA - Tech,Proyecto,Bajo,SI,Puerta de entrada. Alta frecuencia y bajo ticket.,EN_CURSO,1.0,0.0,0.0,1.0,0.0,12821.08,0.0,2026-07-17,2026-07-17,,En pitch,En curso,PITCH,False
ESCUELA DE COMERCIO Y SERVICIO,Escuela de Comercio y Servicio,Educacion,Independiente,Emergente,,Science Ad Hoc,Science Ad Hoc,Science Ad Hoc,Consultoria & Ad Hoc,Servicios Science,CSA - Science,Proyecto,Medio,SI,Bolsa de horas de data science.,BLANCO,0.0,0.0,0.0,0.0,0.0,0.0,0.0,,,,,Nunca ofrecido,,True
ESCUELA DE COMERCIO Y SERVICIO,Escuela de Comercio y Servicio,Educacion,Independiente,Emergente,,Tech Services Ad Hoc,Tech Services Ad Hoc,Tech Services Ad Hoc,Consultoria & Ad Hoc,Servicios Tech,CSA - Tech,Proyecto,Bajo,SI,Bolsa de horas tecnicas.,BLANCO,0.0,0.0,0.0,0.0,0.0,0.0,0.0,,,,,Nunca ofrecido,,True
ESCUELA DE COMERCIO Y SERVICIO,Escuela de Comercio y Servicio,Educacion,Independiente,Emergente,,ABCD Detector - Basic (20 Videos) per month,ABCD Detector,ABCD Detector,Creative Intelligence & GenAI,Creative Analytics,CSA - Tech,Recurrente,Bajo,SI,Diagnostico de creatividades en video. Ticket bajo = buen abrepuertas.,BLANCO,0.0,0.0,0.0,0.0,0.0,0.0,0.0,,,,,Nunca ofrecido,,True
ESCUELA DE COMERCIO Y SERVICIO,Escuela de Comercio y Servicio,Educacion,Independiente,Emergente,,C-GenIA,C-GenIA,C-GenIA,Creative Intelligence & GenAI,Creative GenAI,CSA - Tech,Proyecto,Alto,SI,Version proyecto de generacion creativa.,BLANCO,0.0,0.0,0.0,0.0,0.0,0.0,0.0,,,,,Nunca ofrecido,,True
ESCUELA DE COMERCIO Y SERVICIO,Escuela de Comercio y Servicio,Educacion,Independiente,Emergente,,C-GenIA - Basic (200 images) Annual Subscription,C-GenIA Basic Anual,C-GenIA Anual,Creative Intelligence & GenAI,Creative GenAI,CSA - Tech,Licencia,Medio,SI,Suscripcion anual 200 imagenes.,BLANCO,0.0,0.0,0.0,0.0,0.0,0.0,0.0,,,,,Nunca ofrecido,,True
ESCUELA DE COMERCIO Y SERVICIO,Escuela de Comercio y Servicio,Educacion,Independiente,Emergente,,C-GenIA - Basic (200 images) per month,C-GenIA Basic Mensual,C-GenIA Mensual,Creative Intelligence & GenAI,Creative GenAI,CSA - Tech,Recurrente,Medio,SI,Suscripcion mensual 200 imagenes.,BLANCO,0.0,0.0,0.0,0.0,0.0,0.0,0.0,,,,,Nunca ofrecido,,True
ESCUELA DE COMERCIO Y SERVICIO,Escuela de Comercio y Servicio,Educacion,Independiente,Emergente,,VIGenAIr,VIGenAIr,VIGenAIr,Creative Intelligence & GenAI,Video GenAI,CSA - Tech,Proyecto,Medio,SI,Reedicion de video con GenAI.,BLANCO,0.0,0.0,0.0,0.0,0.0,0.0,0.0,,,,,Nunca ofrecido,,True
ESCUELA DE COMERCIO Y SERVICIO,Escuela de Comercio y Servicio,Educacion,Independiente,Emergente,,1PD Integration (until 15 sources) - Google,1PD Integration,1PD Integration,Data Collection & Activacion,First Party Data,CSA - Tech,Proyecto,Alto,SI,Requiere madurez de datos en la cuenta.,BLANCO,0.0,0.0,0.0,0.0,0.0,0.0,0.0,,,,,Nunca ofrecido,,True
ESCUELA DE COMERCIO Y SERVICIO,Escuela de Comercio y Servicio,Educacion,Independiente,Emergente,,CAPI Automated Offline Integration with CRM,CAPI Offline CRM,CAPI Offline CRM,Data Collection & Activacion,Server-Side / CAPI,CSA - Tech,Proyecto,Medio,SI,Upsell natural sobre CAPI Gateway.,BLANCO,0.0,0.0,0.0,0.0,0.0,0.0,0.0,,,,,Nunca ofrecido,,True
ESCUELA DE COMERCIO Y SERVICIO,Escuela de Comercio y Servicio,Educacion,Independiente,Emergente,,CAPI x Gateway by CSA - look for special ratecard,CAPI x Gateway,CAPI x Gateway,Data Collection & Activacion,Server-Side / CAPI,CSA - Tech,Recurrente,Bajo,SI,Anclaje tecnico recurrente. Alto win rate.,BLANCO,0.0,0.0,0.0,0.0,0.0,0.0,0.0,,,,,Nunca ofrecido,,True
ESCUELA DE COMERCIO Y SERVICIO,Escuela de Comercio y Servicio,Educacion,Independiente,Emergente,,Performance Powered Conversions (ECL),Performance Powered Conversions (ECL),Perf. Powered Conv.,Data Collection & Activacion,Conversiones Avanzadas,CSA - Tech,Proyecto,Bajo,SI,Enhanced Conversions for Leads.,BLANCO,0.0,0.0,0.0,0.0,0.0,0.0,0.0,,,,,Nunca ofrecido,,True
ESCUELA DE COMERCIO Y SERVICIO,Escuela de Comercio y Servicio,Educacion,Independiente,Emergente,,Licencias GA4 360,Licencias GA4 360,Licencias GA4 360,Licencias & Plataformas,Licencias Analytics,CSA - Tech,Licencia,Alto,SI,Renovacion anual. Revisar ciclo de contrato.,BLANCO,0.0,0.0,0.0,0.0,0.0,0.0,0.0,,,,,Nunca ofrecido,,True
ESCUELA DE COMERCIO Y SERVICIO,Escuela de Comercio y Servicio,Educacion,Independiente,Emergente,,Licencias SA/DV360,Licencias SA/DV360,Licencias SA/DV360,Licencias & Plataformas,Licencias Media,CSA - Tech,Licencia,Alto,SI,Search Ads 360 / Display & Video 360.,BLANCO,0.0,0.0,0.0,0.0,0.0,0.0,0.0,,,,,Nunca ofrecido,,True
ESCUELA DE COMERCIO Y SERVICIO,Escuela de Comercio y Servicio,Educacion,Independiente,Emergente,,People data fee Media,People Data Fee Media,People Data Fee,Licencias & Plataformas,Data Fee,CSA - Tech,Recurrente,Alto,SI,Fee recurrente asociado a media.,BLANCO,0.0,0.0,0.0,0.0,0.0,0.0,0.0,,,,,Nunca ofrecido,,True
ESCUELA DE COMERCIO Y SERVICIO,Escuela de Comercio y Servicio,Educacion,Independiente,Emergente,,Curves Base contract: 4 channels/2 updates,Curves Base Contract,Curves Base,Measurement & Efectividad,Curvas de Inversion,CSA - Science,Recurrente,Medio,SI,Contrato base con actualizaciones periodicas.,BLANCO,0.0,0.0,0.0,0.0,0.0,0.0,0.0,,,,,Nunca ofrecido,,True
ESCUELA DE COMERCIO Y SERVICIO,Escuela de Comercio y Servicio,Educacion,Independiente,Emergente,,Geolift,Geolift,Geolift,Measurement & Efectividad,Incrementalidad & Experimentos,CSA - Science,Proyecto,Bajo,SI,Test de incrementalidad geografica.,BLANCO,0.0,0.0,0.0,0.0,0.0,0.0,0.0,,,,,Nunca ofrecido,,True
ESCUELA DE COMERCIO Y SERVICIO,Escuela de Comercio y Servicio,Educacion,Independiente,Emergente,,Investment Curves (by conversion:channel),Investment Curves,Investment Curves,Measurement & Efectividad,Curvas de Inversion,CSA - Science,Proyecto,Bajo,SI,Curvas de saturacion por canal.,BLANCO,0.0,0.0,0.0,0.0,0.0,0.0,0.0,,,,,Nunca ofrecido,,True
ESCUELA DE COMERCIO Y SERVICIO,Escuela de Comercio y Servicio,Educacion,Independiente,Emergente,,MIM Bayesiano,MIM Bayesiano,MIM Bayesiano,Measurement & Efectividad,Marketing Mix Modeling,CSA - Science,Proyecto,Alto,SI,Modelo de inversion bayesiano.,BLANCO,0.0,0.0,0.0,0.0,0.0,0.0,0.0,,,,,Nunca ofrecido,,True
ESCUELA DE COMERCIO Y SERVICIO,Escuela de Comercio y Servicio,Educacion,Independiente,Emergente,,MMM Marketing Mix Modeling (without data collection process),MMM Full,MMM Full,Measurement & Efectividad,Marketing Mix Modeling,CSA - Science,Proyecto,Alto,SI,MMM completo sin recoleccion de datos.,BLANCO,0.0,0.0,0.0,0.0,0.0,0.0,0.0,,,,,Nunca ofrecido,,True
ESCUELA DE COMERCIO Y SERVICIO,Escuela de Comercio y Servicio,Educacion,Independiente,Emergente,,MMM Lite,MMM Lite,MMM Lite,Measurement & Efectividad,Marketing Mix Modeling,CSA - Science,Proyecto,Alto,SI,Version ligera de MMM. Entrada al mundo Science.,BLANCO,0.0,0.0,0.0,0.0,0.0,0.0,0.0,,,,,Nunca ofrecido,,True
ESCUELA DE COMERCIO Y SERVICIO,Escuela de Comercio y Servicio,Educacion,Independiente,Emergente,,Meridian Google Founds,Meridian (Google Funds),Meridian,Measurement & Efectividad,Marketing Mix Modeling,CSA - Science,Proyecto,Alto,SI,Financiado por Google. Excelente puerta de entrada a Science.,BLANCO,0.0,0.0,0.0,0.0,0.0,0.0,0.0,,,,,Nunca ofrecido,,True
ESCUELA DE COMERCIO Y SERVICIO,Escuela de Comercio y Servicio,Educacion,Independiente,Emergente,,Nested (MMM + BEM) without Data Collection,Nested (MMM + BEM),Nested MMM+BEM,Measurement & Efectividad,Marketing Mix Modeling,CSA - Science,Proyecto,Alto,SI,MMM anidado con Brand Equity Model.,BLANCO,0.0,0.0,0.0,0.0,0.0,0.0,0.0,,,,,Nunca ofrecido,,True
ESMAX,Esmax,Energia & Combustibles,Esmax,Desarrollo,,Custom Bidding,Custom Bidding,Custom Bidding,Activacion & Bidding,Bidding Avanzado,CSA - Tech,Proyecto,Medio,SI,Requiere DV360 y senales propias.,BLANCO,0.0,0.0,0.0,0.0,0.0,0.0,0.0,,,,,Nunca ofrecido,,True
ESMAX,Esmax,Energia & Combustibles,Esmax,Desarrollo,,BI Services,BI Services,BI Services,Analytics & Optimizacion Digital,Business Intelligence,CSA - Tech,Proyecto,Bajo,SI,Dashboards y visualizacion. Buen gancho para escalar.,BLANCO,0.0,0.0,0.0,0.0,0.0,0.0,0.0,,,,,Nunca ofrecido,,True
ESMAX,Esmax,Energia & Combustibles,Esmax,Desarrollo,,Online Data Optimization - Basic,Online Data Optimization - Basic,ODO Basic,Analytics & Optimizacion Digital,Online Data Optimization,CSA - Tech,Proyecto,Bajo,SI,Version reducida de ODO.,BLANCO,0.0,0.0,0.0,0.0,0.0,0.0,0.0,,,,,Nunca ofrecido,,True
ESMAX,Esmax,Energia & Combustibles,Esmax,Desarrollo,,Online Data Optimization - sites with E-commerce,Online Data Optimization - E-commerce,ODO E-commerce,Analytics & Optimizacion Digital,Online Data Optimization,CSA - Tech,Proyecto,Medio,SI,Auditoria y remediacion de medicion en sitios transaccionales.,BLANCO,0.0,0.0,0.0,0.0,0.0,0.0,0.0,,,,,Nunca ofrecido,,True
ESMAX,Esmax,Energia & Combustibles,Esmax,Desarrollo,,Online Data Optimization - sites without E-commerce,Online Data Optimization - No E-commerce,ODO sin E-commerce,Analytics & Optimizacion Digital,Online Data Optimization,CSA - Tech,Proyecto,Bajo,SI,Version para sitios sin transaccion.,BLANCO,0.0,0.0,0.0,0.0,0.0,0.0,0.0,,,,,Nunca ofrecido,,True
ESMAX,Esmax,Energia & Combustibles,Esmax,Desarrollo,,SEO,SEO,SEO,Analytics & Optimizacion Digital,SEO,CSA - Tech,Proyecto,Alto,SI,Ticket alto y ciclo de venta largo.,BLANCO,0.0,0.0,0.0,0.0,0.0,0.0,0.0,,,,,Nunca ofrecido,,True
ESMAX,Esmax,Energia & Combustibles,Esmax,Desarrollo,,Shopping Insider / Feed AI,Shopping Insider / Feed AI,Shopping Insider,Analytics & Optimizacion Digital,Retail & Feed,CSA - Tech,Proyecto,Bajo,SI,Solo aplica a cuentas con e-commerce y feed de productos.,BLANCO,0.0,0.0,0.0,0.0,0.0,0.0,0.0,,,,,Nunca ofrecido,,True
ESMAX,Esmax,Energia & Combustibles,Esmax,Desarrollo,,Consulting Ad Hoc,Consulting Ad Hoc,Consulting Ad Hoc,Consultoria & Ad Hoc,Consultoria Estrategica,CSA - Tech,Proyecto,Bajo,SI,Puerta de entrada. Alta frecuencia y bajo ticket.,BLANCO,0.0,0.0,0.0,0.0,0.0,0.0,0.0,,,,,Nunca ofrecido,,True
ESMAX,Esmax,Energia & Combustibles,Esmax,Desarrollo,,Science Ad Hoc,Science Ad Hoc,Science Ad Hoc,Consultoria & Ad Hoc,Servicios Science,CSA - Science,Proyecto,Medio,SI,Bolsa de horas de data science.,BLANCO,0.0,0.0,0.0,0.0,0.0,0.0,0.0,,,,,Nunca ofrecido,,True
ESMAX,Esmax,Energia & Combustibles,Esmax,Desarrollo,,Tech Services Ad Hoc,Tech Services Ad Hoc,Tech Services Ad Hoc,Consultoria & Ad Hoc,Servicios Tech,CSA - Tech,Proyecto,Bajo,SI,Bolsa de horas tecnicas.,PERDIDO,1.0,0.0,1.0,0.0,0.0,0.0,2489.09,2026-07-20,2026-07-20,2026-07-20,Perdido,Ofrecido y perdido,PERD,False
ESMAX,Esmax,Energia & Combustibles,Esmax,Desarrollo,,ABCD Detector - Basic (20 Videos) per month,ABCD Detector,ABCD Detector,Creative Intelligence & GenAI,Creative Analytics,CSA - Tech,Recurrente,Bajo,SI,Diagnostico de creatividades en video. Ticket bajo = buen abrepuertas.,EN_CURSO,1.0,0.0,0.0,1.0,0.0,3544.0,0.0,2026-04-30,2026-04-30,,Prospectado,En curso,PITCH,False
ESMAX,Esmax,Energia & Combustibles,Esmax,Desarrollo,,C-GenIA,C-GenIA,C-GenIA,Creative Intelligence & GenAI,Creative GenAI,CSA - Tech,Proyecto,Alto,SI,Version proyecto de generacion creativa.,BLANCO,0.0,0.0,0.0,0.0,0.0,0.0,0.0,,,,,Nunca ofrecido,,True
ESMAX,Esmax,Energia & Combustibles,Esmax,Desarrollo,,C-GenIA - Basic (200 images) Annual Subscription,C-GenIA Basic Anual,C-GenIA Anual,Creative Intelligence & GenAI,Creative GenAI,CSA - Tech,Licencia,Medio,SI,Suscripcion anual 200 imagenes.,BLANCO,0.0,0.0,0.0,0.0,0.0,0.0,0.0,,,,,Nunca ofrecido,,True
ESMAX,Esmax,Energia & Combustibles,Esmax,Desarrollo,,C-GenIA - Basic (200 images) per month,C-GenIA Basic Mensual,C-GenIA Mensual,Creative Intelligence & GenAI,Creative GenAI,CSA - Tech,Recurrente,Medio,SI,Suscripcion mensual 200 imagenes.,PERDIDO,1.0,0.0,1.0,0.0,0.0,0.0,9661.0,2026-05-20,2026-05-20,2026-05-20,Perdido,Ofrecido y perdido,PERD,False
ESMAX,Esmax,Energia & Combustibles,Esmax,Desarrollo,,VIGenAIr,VIGenAIr,VIGenAIr,Creative Intelligence & GenAI,Video GenAI,CSA - Tech,Proyecto,Medio,SI,Reedicion de video con GenAI.,BLANCO,0.0,0.0,0.0,0.0,0.0,0.0,0.0,,,,,Nunca ofrecido,,True
ESMAX,Esmax,Energia & Combustibles,Esmax,Desarrollo,,1PD Integration (until 15 sources) - Google,1PD Integration,1PD Integration,Data Collection & Activacion,First Party Data,CSA - Tech,Proyecto,Alto,SI,Requiere madurez de datos en la cuenta.,BLANCO,0.0,0.0,0.0,0.0,0.0,0.0,0.0,,,,,Nunca ofrecido,,True
ESMAX,Esmax,Energia & Combustibles,Esmax,Desarrollo,,CAPI Automated Offline Integration with CRM,CAPI Offline CRM,CAPI Offline CRM,Data Collection & Activacion,Server-Side / CAPI,CSA - Tech,Proyecto,Medio,SI,Upsell natural sobre CAPI Gateway.,BLANCO,0.0,0.0,0.0,0.0,0.0,0.0,0.0,,,,,Nunca ofrecido,,True
ESMAX,Esmax,Energia & Combustibles,Esmax,Desarrollo,,CAPI x Gateway by CSA - look for special ratecard,CAPI x Gateway,CAPI x Gateway,Data Collection & Activacion,Server-Side / CAPI,CSA - Tech,Recurrente,Bajo,SI,Anclaje tecnico recurrente. Alto win rate.,BLANCO,0.0,0.0,0.0,0.0,0.0,0.0,0.0,,,,,Nunca ofrecido,,True
ESMAX,Esmax,Energia & Combustibles,Esmax,Desarrollo,,Performance Powered Conversions (ECL),Performance Powered Conversions (ECL),Perf. Powered Conv.,Data Collection & Activacion,Conversiones Avanzadas,CSA - Tech,Proyecto,Bajo,SI,Enhanced Conversions for Leads.,BLANCO,0.0,0.0,0.0,0.0,0.0,0.0,0.0,,,,,Nunca ofrecido,,True
ESMAX,Esmax,Energia & Combustibles,Esmax,Desarrollo,,Licencias GA4 360,Licencias GA4 360,Licencias GA4 360,Licencias & Plataformas,Licencias Analytics,CSA - Tech,Licencia,Alto,SI,Renovacion anual. Revisar ciclo de contrato.,BLANCO,0.0,0.0,0.0,0.0,0.0,0.0,0.0,,,,,Nunca ofrecido,,True
ESMAX,Esmax,Energia & Combustibles,Esmax,Desarrollo,,Licencias SA/DV360,Licencias SA/DV360,Licencias SA/DV360,Licencias & Plataformas,Licencias Media,CSA - Tech,Licencia,Alto,SI,Search Ads 360 / Display & Video 360.,BLANCO,0.0,0.0,0.0,0.0,0.0,0.0,0.0,,,,,Nunca ofrecido,,True
ESMAX,Esmax,Energia & Combustibles,Esmax,Desarrollo,,People data fee Media,People Data Fee Media,People Data Fee,Licencias & Plataformas,Data Fee,CSA - Tech,Recurrente,Alto,SI,Fee recurrente asociado a media.,PERDIDO,2.0,0.0,2.0,0.0,0.0,0.0,8707.84,2026-01-01,2026-07-01,2026-07-01,Perdido,Ofrecido y perdido,PERD,False
ESMAX,Esmax,Energia & Combustibles,Esmax,Desarrollo,,Curves Base contract: 4 channels/2 updates,Curves Base Contract,Curves Base,Measurement & Efectividad,Curvas de Inversion,CSA - Science,Recurrente,Medio,SI,Contrato base con actualizaciones periodicas.,BLANCO,0.0,0.0,0.0,0.0,0.0,0.0,0.0,,,,,Nunca ofrecido,,True
ESMAX,Esmax,Energia & Combustibles,Esmax,Desarrollo,,Geolift,Geolift,Geolift,Measurement & Efectividad,Incrementalidad & Experimentos,CSA - Science,Proyecto,Bajo,SI,Test de incrementalidad geografica.,BLANCO,0.0,0.0,0.0,0.0,0.0,0.0,0.0,,,,,Nunca ofrecido,,True
ESMAX,Esmax,Energia & Combustibles,Esmax,Desarrollo,,Investment Curves (by conversion:channel),Investment Curves,Investment Curves,Measurement & Efectividad,Curvas de Inversion,CSA - Science,Proyecto,Bajo,SI,Curvas de saturacion por canal.,BLANCO,0.0,0.0,0.0,0.0,0.0,0.0,0.0,,,,,Nunca ofrecido,,True
ESMAX,Esmax,Energia & Combustibles,Esmax,Desarrollo,,MIM Bayesiano,MIM Bayesiano,MIM Bayesiano,Measurement & Efectividad,Marketing Mix Modeling,CSA - Science,Proyecto,Alto,SI,Modelo de inversion bayesiano.,BLANCO,0.0,0.0,0.0,0.0,0.0,0.0,0.0,,,,,Nunca ofrecido,,True
ESMAX,Esmax,Energia & Combustibles,Esmax,Desarrollo,,MMM Marketing Mix Modeling (without data collection process),MMM Full,MMM Full,Measurement & Efectividad,Marketing Mix Modeling,CSA - Science,Proyecto,Alto,SI,MMM completo sin recoleccion de datos.,BLANCO,0.0,0.0,0.0,0.0,0.0,0.0,0.0,,,,,Nunca ofrecido,,True
ESMAX,Esmax,Energia & Combustibles,Esmax,Desarrollo,,MMM Lite,MMM Lite,MMM Lite,Measurement & Efectividad,Marketing Mix Modeling,CSA - Science,Proyecto,Alto,SI,Version ligera de MMM. Entrada al mundo Science.,EJECUTADO,1.0,1.0,0.0,0.0,12372.88,0.0,0.0,2026-02-04,2026-02-04,,Ganado,Ejecutado,EJEC,False
ESMAX,Esmax,Energia & Combustibles,Esmax,Desarrollo,,Meridian Google Founds,Meridian (Google Funds),Meridian,Measurement & Efectividad,Marketing Mix Modeling,CSA - Science,Proyecto,Alto,SI,Financiado por Google. Excelente puerta de entrada a Science.,BLANCO,0.0,0.0,0.0,0.0,0.0,0.0,0.0,,,,,Nunca ofrecido,,True
ESMAX,Esmax,Energia & Combustibles,Esmax,Desarrollo,,Nested (MMM + BEM) without Data Collection,Nested (MMM + BEM),Nested MMM+BEM,Measurement & Efectividad,Marketing Mix Modeling,CSA - Science,Proyecto,Alto,SI,MMM anidado con Brand Equity Model.,BLANCO,0.0,0.0,0.0,0.0,0.0,0.0,0.0,,,,,Nunca ofrecido,,True
GAES,GAES,Salud,Amplifon,Emergente,,Custom Bidding,Custom Bidding,Custom Bidding,Activacion & Bidding,Bidding Avanzado,CSA - Tech,Proyecto,Medio,SI,Requiere DV360 y senales propias.,BLANCO,0.0,0.0,0.0,0.0,0.0,0.0,0.0,,,,,Nunca ofrecido,,True
GAES,GAES,Salud,Amplifon,Emergente,,BI Services,BI Services,BI Services,Analytics & Optimizacion Digital,Business Intelligence,CSA - Tech,Proyecto,Bajo,SI,Dashboards y visualizacion. Buen gancho para escalar.,BLANCO,0.0,0.0,0.0,0.0,0.0,0.0,0.0,,,,,Nunca ofrecido,,True
GAES,GAES,Salud,Amplifon,Emergente,,Online Data Optimization - Basic,Online Data Optimization - Basic,ODO Basic,Analytics & Optimizacion Digital,Online Data Optimization,CSA - Tech,Proyecto,Bajo,SI,Version reducida de ODO.,BLANCO,0.0,0.0,0.0,0.0,0.0,0.0,0.0,,,,,Nunca ofrecido,,True
GAES,GAES,Salud,Amplifon,Emergente,,Online Data Optimization - sites with E-commerce,Online Data Optimization - E-commerce,ODO E-commerce,Analytics & Optimizacion Digital,Online Data Optimization,CSA - Tech,Proyecto,Medio,SI,Auditoria y remediacion de medicion en sitios transaccionales.,BLANCO,0.0,0.0,0.0,0.0,0.0,0.0,0.0,,,,,Nunca ofrecido,,True
GAES,GAES,Salud,Amplifon,Emergente,,Online Data Optimization - sites without E-commerce,Online Data Optimization - No E-commerce,ODO sin E-commerce,Analytics & Optimizacion Digital,Online Data Optimization,CSA - Tech,Proyecto,Bajo,SI,Version para sitios sin transaccion.,BLANCO,0.0,0.0,0.0,0.0,0.0,0.0,0.0,,,,,Nunca ofrecido,,True
GAES,GAES,Salud,Amplifon,Emergente,,SEO,SEO,SEO,Analytics & Optimizacion Digital,SEO,CSA - Tech,Proyecto,Alto,SI,Ticket alto y ciclo de venta largo.,PERDIDO,1.0,0.0,1.0,0.0,0.0,0.0,41896.33,2025-12-30,2025-12-30,2025-12-30,Perdido,Ofrecido y perdido,PERD,False
GAES,GAES,Salud,Amplifon,Emergente,,Shopping Insider / Feed AI,Shopping Insider / Feed AI,Shopping Insider,Analytics & Optimizacion Digital,Retail & Feed,CSA - Tech,Proyecto,Bajo,SI,Solo aplica a cuentas con e-commerce y feed de productos.,BLANCO,0.0,0.0,0.0,0.0,0.0,0.0,0.0,,,,,Nunca ofrecido,,True
GAES,GAES,Salud,Amplifon,Emergente,,Consulting Ad Hoc,Consulting Ad Hoc,Consulting Ad Hoc,Consultoria & Ad Hoc,Consultoria Estrategica,CSA - Tech,Proyecto,Bajo,SI,Puerta de entrada. Alta frecuencia y bajo ticket.,BLANCO,0.0,0.0,0.0,0.0,0.0,0.0,0.0,,,,,Nunca ofrecido,,True
GAES,GAES,Salud,Amplifon,Emergente,,Science Ad Hoc,Science Ad Hoc,Science Ad Hoc,Consultoria & Ad Hoc,Servicios Science,CSA - Science,Proyecto,Medio,SI,Bolsa de horas de data science.,BLANCO,0.0,0.0,0.0,0.0,0.0,0.0,0.0,,,,,Nunca ofrecido,,True
GAES,GAES,Salud,Amplifon,Emergente,,Tech Services Ad Hoc,Tech Services Ad Hoc,Tech Services Ad Hoc,Consultoria & Ad Hoc,Servicios Tech,CSA - Tech,Proyecto,Bajo,SI,Bolsa de horas tecnicas.,BLANCO,0.0,0.0,0.0,0.0,0.0,0.0,0.0,,,,,Nunca ofrecido,,True
GAES,GAES,Salud,Amplifon,Emergente,,ABCD Detector - Basic (20 Videos) per month,ABCD Detector,ABCD Detector,Creative Intelligence & GenAI,Creative Analytics,CSA - Tech,Recurrente,Bajo,SI,Diagnostico de creatividades en video. Ticket bajo = buen abrepuertas.,BLANCO,0.0,0.0,0.0,0.0,0.0,0.0,0.0,,,,,Nunca ofrecido,,True
GAES,GAES,Salud,Amplifon,Emergente,,C-GenIA,C-GenIA,C-GenIA,Creative Intelligence & GenAI,Creative GenAI,CSA - Tech,Proyecto,Alto,SI,Version proyecto de generacion creativa.,BLANCO,0.0,0.0,0.0,0.0,0.0,0.0,0.0,,,,,Nunca ofrecido,,True
GAES,GAES,Salud,Amplifon,Emergente,,C-GenIA - Basic (200 images) Annual Subscription,C-GenIA Basic Anual,C-GenIA Anual,Creative Intelligence & GenAI,Creative GenAI,CSA - Tech,Licencia,Medio,SI,Suscripcion anual 200 imagenes.,BLANCO,0.0,0.0,0.0,0.0,0.0,0.0,0.0,,,,,Nunca ofrecido,,True
GAES,GAES,Salud,Amplifon,Emergente,,C-GenIA - Basic (200 images) per month,C-GenIA Basic Mensual,C-GenIA Mensual,Creative Intelligence & GenAI,Creative GenAI,CSA - Tech,Recurrente,Medio,SI,Suscripcion mensual 200 imagenes.,BLANCO,0.0,0.0,0.0,0.0,0.0,0.0,0.0,,,,,Nunca ofrecido,,True
GAES,GAES,Salud,Amplifon,Emergente,,VIGenAIr,VIGenAIr,VIGenAIr,Creative Intelligence & GenAI,Video GenAI,CSA - Tech,Proyecto,Medio,SI,Reedicion de video con GenAI.,BLANCO,0.0,0.0,0.0,0.0,0.0,0.0,0.0,,,,,Nunca ofrecido,,True
GAES,GAES,Salud,Amplifon,Emergente,,1PD Integration (until 15 sources) - Google,1PD Integration,1PD Integration,Data Collection & Activacion,First Party Data,CSA - Tech,Proyecto,Alto,SI,Requiere madurez de datos en la cuenta.,BLANCO,0.0,0.0,0.0,0.0,0.0,0.0,0.0,,,,,Nunca ofrecido,,True
GAES,GAES,Salud,Amplifon,Emergente,,CAPI Automated Offline Integration with CRM,CAPI Offline CRM,CAPI Offline CRM,Data Collection & Activacion,Server-Side / CAPI,CSA - Tech,Proyecto,Medio,SI,Upsell natural sobre CAPI Gateway.,BLANCO,0.0,0.0,0.0,0.0,0.0,0.0,0.0,,,,,Nunca ofrecido,,True
GAES,GAES,Salud,Amplifon,Emergente,,CAPI x Gateway by CSA - look for special ratecard,CAPI x Gateway,CAPI x Gateway,Data Collection & Activacion,Server-Side / CAPI,CSA - Tech,Recurrente,Bajo,SI,Anclaje tecnico recurrente. Alto win rate.,BLANCO,0.0,0.0,0.0,0.0,0.0,0.0,0.0,,,,,Nunca ofrecido,,True
GAES,GAES,Salud,Amplifon,Emergente,,Performance Powered Conversions (ECL),Performance Powered Conversions (ECL),Perf. Powered Conv.,Data Collection & Activacion,Conversiones Avanzadas,CSA - Tech,Proyecto,Bajo,SI,Enhanced Conversions for Leads.,BLANCO,0.0,0.0,0.0,0.0,0.0,0.0,0.0,,,,,Nunca ofrecido,,True
GAES,GAES,Salud,Amplifon,Emergente,,Licencias GA4 360,Licencias GA4 360,Licencias GA4 360,Licencias & Plataformas,Licencias Analytics,CSA - Tech,Licencia,Alto,SI,Renovacion anual. Revisar ciclo de contrato.,BLANCO,0.0,0.0,0.0,0.0,0.0,0.0,0.0,,,,,Nunca ofrecido,,True
GAES,GAES,Salud,Amplifon,Emergente,,Licencias SA/DV360,Licencias SA/DV360,Licencias SA/DV360,Licencias & Plataformas,Licencias Media,CSA - Tech,Licencia,Alto,SI,Search Ads 360 / Display & Video 360.,BLANCO,0.0,0.0,0.0,0.0,0.0,0.0,0.0,,,,,Nunca ofrecido,,True
GAES,GAES,Salud,Amplifon,Emergente,,People data fee Media,People Data Fee Media,People Data Fee,Licencias & Plataformas,Data Fee,CSA - Tech,Recurrente,Alto,SI,Fee recurrente asociado a media.,BLANCO,0.0,0.0,0.0,0.0,0.0,0.0,0.0,,,,,Nunca ofrecido,,True
GAES,GAES,Salud,Amplifon,Emergente,,Curves Base contract: 4 channels/2 updates,Curves Base Contract,Curves Base,Measurement & Efectividad,Curvas de Inversion,CSA - Science,Recurrente,Medio,SI,Contrato base con actualizaciones periodicas.,BLANCO,0.0,0.0,0.0,0.0,0.0,0.0,0.0,,,,,Nunca ofrecido,,True
GAES,GAES,Salud,Amplifon,Emergente,,Geolift,Geolift,Geolift,Measurement & Efectividad,Incrementalidad & Experimentos,CSA - Science,Proyecto,Bajo,SI,Test de incrementalidad geografica.,BLANCO,0.0,0.0,0.0,0.0,0.0,0.0,0.0,,,,,Nunca ofrecido,,True
GAES,GAES,Salud,Amplifon,Emergente,,Investment Curves (by conversion:channel),Investment Curves,Investment Curves,Measurement & Efectividad,Curvas de Inversion,CSA - Science,Proyecto,Bajo,SI,Curvas de saturacion por canal.,BLANCO,0.0,0.0,0.0,0.0,0.0,0.0,0.0,,,,,Nunca ofrecido,,True
GAES,GAES,Salud,Amplifon,Emergente,,MIM Bayesiano,MIM Bayesiano,MIM Bayesiano,Measurement & Efectividad,Marketing Mix Modeling,CSA - Science,Proyecto,Alto,SI,Modelo de inversion bayesiano.,BLANCO,0.0,0.0,0.0,0.0,0.0,0.0,0.0,,,,,Nunca ofrecido,,True
GAES,GAES,Salud,Amplifon,Emergente,,MMM Marketing Mix Modeling (without data collection process),MMM Full,MMM Full,Measurement & Efectividad,Marketing Mix Modeling,CSA - Science,Proyecto,Alto,SI,MMM completo sin recoleccion de datos.,BLANCO,0.0,0.0,0.0,0.0,0.0,0.0,0.0,,,,,Nunca ofrecido,,True
GAES,GAES,Salud,Amplifon,Emergente,,MMM Lite,MMM Lite,MMM Lite,Measurement & Efectividad,Marketing Mix Modeling,CSA - Science,Proyecto,Alto,SI,Version ligera de MMM. Entrada al mundo Science.,BLANCO,0.0,0.0,0.0,0.0,0.0,0.0,0.0,,,,,Nunca ofrecido,,True
GAES,GAES,Salud,Amplifon,Emergente,,Meridian Google Founds,Meridian (Google Funds),Meridian,Measurement & Efectividad,Marketing Mix Modeling,CSA - Science,Proyecto,Alto,SI,Financiado por Google. Excelente puerta de entrada a Science.,BLANCO,0.0,0.0,0.0,0.0,0.0,0.0,0.0,,,,,Nunca ofrecido,,True
GAES,GAES,Salud,Amplifon,Emergente,,Nested (MMM + BEM) without Data Collection,Nested (MMM + BEM),Nested MMM+BEM,Measurement & Efectividad,Marketing Mix Modeling,CSA - Science,Proyecto,Alto,SI,MMM anidado con Brand Equity Model.,BLANCO,0.0,0.0,0.0,0.0,0.0,0.0,0.0,,,,,Nunca ofrecido,,True
GASCO,Gasco,Energia & Combustibles,Gasco,Emergente,,Custom Bidding,Custom Bidding,Custom Bidding,Activacion & Bidding,Bidding Avanzado,CSA - Tech,Proyecto,Medio,SI,Requiere DV360 y senales propias.,BLANCO,0.0,0.0,0.0,0.0,0.0,0.0,0.0,,,,,Nunca ofrecido,,True
GASCO,Gasco,Energia & Combustibles,Gasco,Emergente,,BI Services,BI Services,BI Services,Analytics & Optimizacion Digital,Business Intelligence,CSA - Tech,Proyecto,Bajo,SI,Dashboards y visualizacion. Buen gancho para escalar.,BLANCO,0.0,0.0,0.0,0.0,0.0,0.0,0.0,,,,,Nunca ofrecido,,True
GASCO,Gasco,Energia & Combustibles,Gasco,Emergente,,Online Data Optimization - Basic,Online Data Optimization - Basic,ODO Basic,Analytics & Optimizacion Digital,Online Data Optimization,CSA - Tech,Proyecto,Bajo,SI,Version reducida de ODO.,BLANCO,0.0,0.0,0.0,0.0,0.0,0.0,0.0,,,,,Nunca ofrecido,,True
GASCO,Gasco,Energia & Combustibles,Gasco,Emergente,,Online Data Optimization - sites with E-commerce,Online Data Optimization - E-commerce,ODO E-commerce,Analytics & Optimizacion Digital,Online Data Optimization,CSA - Tech,Proyecto,Medio,SI,Auditoria y remediacion de medicion en sitios transaccionales.,BLANCO,0.0,0.0,0.0,0.0,0.0,0.0,0.0,,,,,Nunca ofrecido,,True
GASCO,Gasco,Energia & Combustibles,Gasco,Emergente,,Online Data Optimization - sites without E-commerce,Online Data Optimization - No E-commerce,ODO sin E-commerce,Analytics & Optimizacion Digital,Online Data Optimization,CSA - Tech,Proyecto,Bajo,SI,Version para sitios sin transaccion.,BLANCO,0.0,0.0,0.0,0.0,0.0,0.0,0.0,,,,,Nunca ofrecido,,True
GASCO,Gasco,Energia & Combustibles,Gasco,Emergente,,SEO,SEO,SEO,Analytics & Optimizacion Digital,SEO,CSA - Tech,Proyecto,Alto,SI,Ticket alto y ciclo de venta largo.,BLANCO,0.0,0.0,0.0,0.0,0.0,0.0,0.0,,,,,Nunca ofrecido,,True
GASCO,Gasco,Energia & Combustibles,Gasco,Emergente,,Shopping Insider / Feed AI,Shopping Insider / Feed AI,Shopping Insider,Analytics & Optimizacion Digital,Retail & Feed,CSA - Tech,Proyecto,Bajo,SI,Solo aplica a cuentas con e-commerce y feed de productos.,BLANCO,0.0,0.0,0.0,0.0,0.0,0.0,0.0,,,,,Nunca ofrecido,,True
GASCO,Gasco,Energia & Combustibles,Gasco,Emergente,,Consulting Ad Hoc,Consulting Ad Hoc,Consulting Ad Hoc,Consultoria & Ad Hoc,Consultoria Estrategica,CSA - Tech,Proyecto,Bajo,SI,Puerta de entrada. Alta frecuencia y bajo ticket.,BLANCO,0.0,0.0,0.0,0.0,0.0,0.0,0.0,,,,,Nunca ofrecido,,True
GASCO,Gasco,Energia & Combustibles,Gasco,Emergente,,Science Ad Hoc,Science Ad Hoc,Science Ad Hoc,Consultoria & Ad Hoc,Servicios Science,CSA - Science,Proyecto,Medio,SI,Bolsa de horas de data science.,BLANCO,0.0,0.0,0.0,0.0,0.0,0.0,0.0,,,,,Nunca ofrecido,,True
GASCO,Gasco,Energia & Combustibles,Gasco,Emergente,,Tech Services Ad Hoc,Tech Services Ad Hoc,Tech Services Ad Hoc,Consultoria & Ad Hoc,Servicios Tech,CSA - Tech,Proyecto,Bajo,SI,Bolsa de horas tecnicas.,BLANCO,0.0,0.0,0.0,0.0,0.0,0.0,0.0,,,,,Nunca ofrecido,,True
GASCO,Gasco,Energia & Combustibles,Gasco,Emergente,,ABCD Detector - Basic (20 Videos) per month,ABCD Detector,ABCD Detector,Creative Intelligence & GenAI,Creative Analytics,CSA - Tech,Recurrente,Bajo,SI,Diagnostico de creatividades en video. Ticket bajo = buen abrepuertas.,BLANCO,0.0,0.0,0.0,0.0,0.0,0.0,0.0,,,,,Nunca ofrecido,,True
GASCO,Gasco,Energia & Combustibles,Gasco,Emergente,,C-GenIA,C-GenIA,C-GenIA,Creative Intelligence & GenAI,Creative GenAI,CSA - Tech,Proyecto,Alto,SI,Version proyecto de generacion creativa.,BLANCO,0.0,0.0,0.0,0.0,0.0,0.0,0.0,,,,,Nunca ofrecido,,True
GASCO,Gasco,Energia & Combustibles,Gasco,Emergente,,C-GenIA - Basic (200 images) Annual Subscription,C-GenIA Basic Anual,C-GenIA Anual,Creative Intelligence & GenAI,Creative GenAI,CSA - Tech,Licencia,Medio,SI,Suscripcion anual 200 imagenes.,BLANCO,0.0,0.0,0.0,0.0,0.0,0.0,0.0,,,,,Nunca ofrecido,,True
GASCO,Gasco,Energia & Combustibles,Gasco,Emergente,,C-GenIA - Basic (200 images) per month,C-GenIA Basic Mensual,C-GenIA Mensual,Creative Intelligence & GenAI,Creative GenAI,CSA - Tech,Recurrente,Medio,SI,Suscripcion mensual 200 imagenes.,EN_CURSO,1.0,0.0,0.0,1.0,0.0,9661.0,0.0,2026-05-20,2026-05-20,,Prospectado,En curso,PITCH,False
GASCO,Gasco,Energia & Combustibles,Gasco,Emergente,,VIGenAIr,VIGenAIr,VIGenAIr,Creative Intelligence & GenAI,Video GenAI,CSA - Tech,Proyecto,Medio,SI,Reedicion de video con GenAI.,BLANCO,0.0,0.0,0.0,0.0,0.0,0.0,0.0,,,,,Nunca ofrecido,,True
GASCO,Gasco,Energia & Combustibles,Gasco,Emergente,,1PD Integration (until 15 sources) - Google,1PD Integration,1PD Integration,Data Collection & Activacion,First Party Data,CSA - Tech,Proyecto,Alto,SI,Requiere madurez de datos en la cuenta.,BLANCO,0.0,0.0,0.0,0.0,0.0,0.0,0.0,,,,,Nunca ofrecido,,True
GASCO,Gasco,Energia & Combustibles,Gasco,Emergente,,CAPI Automated Offline Integration with CRM,CAPI Offline CRM,CAPI Offline CRM,Data Collection & Activacion,Server-Side / CAPI,CSA - Tech,Proyecto,Medio,SI,Upsell natural sobre CAPI Gateway.,BLANCO,0.0,0.0,0.0,0.0,0.0,0.0,0.0,,,,,Nunca ofrecido,,True
GASCO,Gasco,Energia & Combustibles,Gasco,Emergente,,CAPI x Gateway by CSA - look for special ratecard,CAPI x Gateway,CAPI x Gateway,Data Collection & Activacion,Server-Side / CAPI,CSA - Tech,Recurrente,Bajo,SI,Anclaje tecnico recurrente. Alto win rate.,BLANCO,0.0,0.0,0.0,0.0,0.0,0.0,0.0,,,,,Nunca ofrecido,,True
GASCO,Gasco,Energia & Combustibles,Gasco,Emergente,,Performance Powered Conversions (ECL),Performance Powered Conversions (ECL),Perf. Powered Conv.,Data Collection & Activacion,Conversiones Avanzadas,CSA - Tech,Proyecto,Bajo,SI,Enhanced Conversions for Leads.,BLANCO,0.0,0.0,0.0,0.0,0.0,0.0,0.0,,,,,Nunca ofrecido,,True
GASCO,Gasco,Energia & Combustibles,Gasco,Emergente,,Licencias GA4 360,Licencias GA4 360,Licencias GA4 360,Licencias & Plataformas,Licencias Analytics,CSA - Tech,Licencia,Alto,SI,Renovacion anual. Revisar ciclo de contrato.,BLANCO,0.0,0.0,0.0,0.0,0.0,0.0,0.0,,,,,Nunca ofrecido,,True
GASCO,Gasco,Energia & Combustibles,Gasco,Emergente,,Licencias SA/DV360,Licencias SA/DV360,Licencias SA/DV360,Licencias & Plataformas,Licencias Media,CSA - Tech,Licencia,Alto,SI,Search Ads 360 / Display & Video 360.,BLANCO,0.0,0.0,0.0,0.0,0.0,0.0,0.0,,,,,Nunca ofrecido,,True
GASCO,Gasco,Energia & Combustibles,Gasco,Emergente,,People data fee Media,People Data Fee Media,People Data Fee,Licencias & Plataformas,Data Fee,CSA - Tech,Recurrente,Alto,SI,Fee recurrente asociado a media.,BLANCO,0.0,0.0,0.0,0.0,0.0,0.0,0.0,,,,,Nunca ofrecido,,True
GASCO,Gasco,Energia & Combustibles,Gasco,Emergente,,Curves Base contract: 4 channels/2 updates,Curves Base Contract,Curves Base,Measurement & Efectividad,Curvas de Inversion,CSA - Science,Recurrente,Medio,SI,Contrato base con actualizaciones periodicas.,BLANCO,0.0,0.0,0.0,0.0,0.0,0.0,0.0,,,,,Nunca ofrecido,,True
GASCO,Gasco,Energia & Combustibles,Gasco,Emergente,,Geolift,Geolift,Geolift,Measurement & Efectividad,Incrementalidad & Experimentos,CSA - Science,Proyecto,Bajo,SI,Test de incrementalidad geografica.,BLANCO,0.0,0.0,0.0,0.0,0.0,0.0,0.0,,,,,Nunca ofrecido,,True
GASCO,Gasco,Energia & Combustibles,Gasco,Emergente,,Investment Curves (by conversion:channel),Investment Curves,Investment Curves,Measurement & Efectividad,Curvas de Inversion,CSA - Science,Proyecto,Bajo,SI,Curvas de saturacion por canal.,BLANCO,0.0,0.0,0.0,0.0,0.0,0.0,0.0,,,,,Nunca ofrecido,,True
GASCO,Gasco,Energia & Combustibles,Gasco,Emergente,,MIM Bayesiano,MIM Bayesiano,MIM Bayesiano,Measurement & Efectividad,Marketing Mix Modeling,CSA - Science,Proyecto,Alto,SI,Modelo de inversion bayesiano.,BLANCO,0.0,0.0,0.0,0.0,0.0,0.0,0.0,,,,,Nunca ofrecido,,True
GASCO,Gasco,Energia & Combustibles,Gasco,Emergente,,MMM Marketing Mix Modeling (without data collection process),MMM Full,MMM Full,Measurement & Efectividad,Marketing Mix Modeling,CSA - Science,Proyecto,Alto,SI,MMM completo sin recoleccion de datos.,BLANCO,0.0,0.0,0.0,0.0,0.0,0.0,0.0,,,,,Nunca ofrecido,,True
GASCO,Gasco,Energia & Combustibles,Gasco,Emergente,,MMM Lite,MMM Lite,MMM Lite,Measurement & Efectividad,Marketing Mix Modeling,CSA - Science,Proyecto,Alto,SI,Version ligera de MMM. Entrada al mundo Science.,BLANCO,0.0,0.0,0.0,0.0,0.0,0.0,0.0,,,,,Nunca ofrecido,,True
GASCO,Gasco,Energia & Combustibles,Gasco,Emergente,,Meridian Google Founds,Meridian (Google Funds),Meridian,Measurement & Efectividad,Marketing Mix Modeling,CSA - Science,Proyecto,Alto,SI,Financiado por Google. Excelente puerta de entrada a Science.,BLANCO,0.0,0.0,0.0,0.0,0.0,0.0,0.0,,,,,Nunca ofrecido,,True
GASCO,Gasco,Energia & Combustibles,Gasco,Emergente,,Nested (MMM + BEM) without Data Collection,Nested (MMM + BEM),Nested MMM+BEM,Measurement & Efectividad,Marketing Mix Modeling,CSA - Science,Proyecto,Alto,SI,MMM anidado con Brand Equity Model.,BLANCO,0.0,0.0,0.0,0.0,0.0,0.0,0.0,,,,,Nunca ofrecido,,True
GILDEMEISTER,Gildemeister,Automotriz,Gildemeister,Estrategica,,Custom Bidding,Custom Bidding,Custom Bidding,Activacion & Bidding,Bidding Avanzado,CSA - Tech,Proyecto,Medio,SI,Requiere DV360 y senales propias.,BLANCO,0.0,0.0,0.0,0.0,0.0,0.0,0.0,,,,,Nunca ofrecido,,True
GILDEMEISTER,Gildemeister,Automotriz,Gildemeister,Estrategica,,BI Services,BI Services,BI Services,Analytics & Optimizacion Digital,Business Intelligence,CSA - Tech,Proyecto,Bajo,SI,Dashboards y visualizacion. Buen gancho para escalar.,EJECUTADO,2.0,1.0,0.0,1.0,266.1,266.1,0.0,2026-08-03,2026-08-03,,Ganado | En pitch,Ejecutado,EJEC,False
GILDEMEISTER,Gildemeister,Automotriz,Gildemeister,Estrategica,,Online Data Optimization - Basic,Online Data Optimization - Basic,ODO Basic,Analytics & Optimizacion Digital,Online Data Optimization,CSA - Tech,Proyecto,Bajo,SI,Version reducida de ODO.,BLANCO,0.0,0.0,0.0,0.0,0.0,0.0,0.0,,,,,Nunca ofrecido,,True
GILDEMEISTER,Gildemeister,Automotriz,Gildemeister,Estrategica,,Online Data Optimization - sites with E-commerce,Online Data Optimization - E-commerce,ODO E-commerce,Analytics & Optimizacion Digital,Online Data Optimization,CSA - Tech,Proyecto,Medio,SI,Auditoria y remediacion de medicion en sitios transaccionales.,BLANCO,0.0,0.0,0.0,0.0,0.0,0.0,0.0,,,,,Nunca ofrecido,,True
GILDEMEISTER,Gildemeister,Automotriz,Gildemeister,Estrategica,,Online Data Optimization - sites without E-commerce,Online Data Optimization - No E-commerce,ODO sin E-commerce,Analytics & Optimizacion Digital,Online Data Optimization,CSA - Tech,Proyecto,Bajo,SI,Version para sitios sin transaccion.,BLANCO,0.0,0.0,0.0,0.0,0.0,0.0,0.0,,,,,Nunca ofrecido,,True
GILDEMEISTER,Gildemeister,Automotriz,Gildemeister,Estrategica,,SEO,SEO,SEO,Analytics & Optimizacion Digital,SEO,CSA - Tech,Proyecto,Alto,SI,Ticket alto y ciclo de venta largo.,EN_PAUSA,1.0,0.0,0.0,1.0,0.0,15805.05,0.0,2026-04-13,2026-04-13,,En pausa,En pausa,PAUSA,False
GILDEMEISTER,Gildemeister,Automotriz,Gildemeister,Estrategica,,Shopping Insider / Feed AI,Shopping Insider / Feed AI,Shopping Insider,Analytics & Optimizacion Digital,Retail & Feed,CSA - Tech,Proyecto,Bajo,SI,Solo aplica a cuentas con e-commerce y feed de productos.,BLANCO,0.0,0.0,0.0,0.0,0.0,0.0,0.0,,,,,Nunca ofrecido,,True
GILDEMEISTER,Gildemeister,Automotriz,Gildemeister,Estrategica,,Consulting Ad Hoc,Consulting Ad Hoc,Consulting Ad Hoc,Consultoria & Ad Hoc,Consultoria Estrategica,CSA - Tech,Proyecto,Bajo,SI,Puerta de entrada. Alta frecuencia y bajo ticket.,EJECUTADO,2.0,2.0,0.0,0.0,2790.04,0.0,0.0,2026-02-25,2026-06-10,,Ganado,Ejecutado,EJEC,False
GILDEMEISTER,Gildemeister,Automotriz,Gildemeister,Estrategica,,Science Ad Hoc,Science Ad Hoc,Science Ad Hoc,Consultoria & Ad Hoc,Servicios Science,CSA - Science,Proyecto,Medio,SI,Bolsa de horas de data science.,BLANCO,0.0,0.0,0.0,0.0,0.0,0.0,0.0,,,,,Nunca ofrecido,,True
GILDEMEISTER,Gildemeister,Automotriz,Gildemeister,Estrategica,,Tech Services Ad Hoc,Tech Services Ad Hoc,Tech Services Ad Hoc,Consultoria & Ad Hoc,Servicios Tech,CSA - Tech,Proyecto,Bajo,SI,Bolsa de horas tecnicas.,BLANCO,0.0,0.0,0.0,0.0,0.0,0.0,0.0,,,,,Nunca ofrecido,,True
GILDEMEISTER,Gildemeister,Automotriz,Gildemeister,Estrategica,,ABCD Detector - Basic (20 Videos) per month,ABCD Detector,ABCD Detector,Creative Intelligence & GenAI,Creative Analytics,CSA - Tech,Recurrente,Bajo,SI,Diagnostico de creatividades en video. Ticket bajo = buen abrepuertas.,BLANCO,0.0,0.0,0.0,0.0,0.0,0.0,0.0,,,,,Nunca ofrecido,,True
GILDEMEISTER,Gildemeister,Automotriz,Gildemeister,Estrategica,,C-GenIA,C-GenIA,C-GenIA,Creative Intelligence & GenAI,Creative GenAI,CSA - Tech,Proyecto,Alto,SI,Version proyecto de generacion creativa.,PERDIDO,1.0,0.0,1.0,0.0,0.0,0.0,18305.05,2025-12-27,2025-12-27,2025-12-27,Perdido,Ofrecido y perdido,PERD,False
GILDEMEISTER,Gildemeister,Automotriz,Gildemeister,Estrategica,,C-GenIA - Basic (200 images) Annual Subscription,C-GenIA Basic Anual,C-GenIA Anual,Creative Intelligence & GenAI,Creative GenAI,CSA - Tech,Licencia,Medio,SI,Suscripcion anual 200 imagenes.,BLANCO,0.0,0.0,0.0,0.0,0.0,0.0,0.0,,,,,Nunca ofrecido,,True
GILDEMEISTER,Gildemeister,Automotriz,Gildemeister,Estrategica,,C-GenIA - Basic (200 images) per month,C-GenIA Basic Mensual,C-GenIA Mensual,Creative Intelligence & GenAI,Creative GenAI,CSA - Tech,Recurrente,Medio,SI,Suscripcion mensual 200 imagenes.,BLANCO,0.0,0.0,0.0,0.0,0.0,0.0,0.0,,,,,Nunca ofrecido,,True
GILDEMEISTER,Gildemeister,Automotriz,Gildemeister,Estrategica,,VIGenAIr,VIGenAIr,VIGenAIr,Creative Intelligence & GenAI,Video GenAI,CSA - Tech,Proyecto,Medio,SI,Reedicion de video con GenAI.,BLANCO,0.0,0.0,0.0,0.0,0.0,0.0,0.0,,,,,Nunca ofrecido,,True
GILDEMEISTER,Gildemeister,Automotriz,Gildemeister,Estrategica,,1PD Integration (until 15 sources) - Google,1PD Integration,1PD Integration,Data Collection & Activacion,First Party Data,CSA - Tech,Proyecto,Alto,SI,Requiere madurez de datos en la cuenta.,BLANCO,0.0,0.0,0.0,0.0,0.0,0.0,0.0,,,,,Nunca ofrecido,,True
GILDEMEISTER,Gildemeister,Automotriz,Gildemeister,Estrategica,,CAPI Automated Offline Integration with CRM,CAPI Offline CRM,CAPI Offline CRM,Data Collection & Activacion,Server-Side / CAPI,CSA - Tech,Proyecto,Medio,SI,Upsell natural sobre CAPI Gateway.,BLANCO,0.0,0.0,0.0,0.0,0.0,0.0,0.0,,,,,Nunca ofrecido,,True
GILDEMEISTER,Gildemeister,Automotriz,Gildemeister,Estrategica,,CAPI x Gateway by CSA - look for special ratecard,CAPI x Gateway,CAPI x Gateway,Data Collection & Activacion,Server-Side / CAPI,CSA - Tech,Recurrente,Bajo,SI,Anclaje tecnico recurrente. Alto win rate.,EJECUTADO,3.0,3.0,0.0,0.0,4566.1,0.0,0.0,2026-01-01,2026-06-10,,Ganado,Ejecutado,EJEC,False
GILDEMEISTER,Gildemeister,Automotriz,Gildemeister,Estrategica,,Performance Powered Conversions (ECL),Performance Powered Conversions (ECL),Perf. Powered Conv.,Data Collection & Activacion,Conversiones Avanzadas,CSA - Tech,Proyecto,Bajo,SI,Enhanced Conversions for Leads.,EJECUTADO,1.0,1.0,0.0,0.0,762.71,0.0,0.0,2026-06-10,2026-06-10,,Ganado,Ejecutado,EJEC,False
GILDEMEISTER,Gildemeister,Automotriz,Gildemeister,Estrategica,,Licencias GA4 360,Licencias GA4 360,Licencias GA4 360,Licencias & Plataformas,Licencias Analytics,CSA - Tech,Licencia,Alto,SI,Renovacion anual. Revisar ciclo de contrato.,EN_CURSO,1.0,0.0,0.0,1.0,0.0,25314.32,0.0,2026-04-01,2026-04-01,,Prospectado,En curso,PITCH,False
GILDEMEISTER,Gildemeister,Automotriz,Gildemeister,Estrategica,,Licencias SA/DV360,Licencias SA/DV360,Licencias SA/DV360,Licencias & Plataformas,Licencias Media,CSA - Tech,Licencia,Alto,SI,Search Ads 360 / Display & Video 360.,BLANCO,0.0,0.0,0.0,0.0,0.0,0.0,0.0,,,,,Nunca ofrecido,,True
GILDEMEISTER,Gildemeister,Automotriz,Gildemeister,Estrategica,,People data fee Media,People Data Fee Media,People Data Fee,Licencias & Plataformas,Data Fee,CSA - Tech,Recurrente,Alto,SI,Fee recurrente asociado a media.,BLANCO,0.0,0.0,0.0,0.0,0.0,0.0,0.0,,,,,Nunca ofrecido,,True
GILDEMEISTER,Gildemeister,Automotriz,Gildemeister,Estrategica,,Curves Base contract: 4 channels/2 updates,Curves Base Contract,Curves Base,Measurement & Efectividad,Curvas de Inversion,CSA - Science,Recurrente,Medio,SI,Contrato base con actualizaciones periodicas.,BLANCO,0.0,0.0,0.0,0.0,0.0,0.0,0.0,,,,,Nunca ofrecido,,True
GILDEMEISTER,Gildemeister,Automotriz,Gildemeister,Estrategica,,Geolift,Geolift,Geolift,Measurement & Efectividad,Incrementalidad & Experimentos,CSA - Science,Proyecto,Bajo,SI,Test de incrementalidad geografica.,BLANCO,0.0,0.0,0.0,0.0,0.0,0.0,0.0,,,,,Nunca ofrecido,,True
GILDEMEISTER,Gildemeister,Automotriz,Gildemeister,Estrategica,,Investment Curves (by conversion:channel),Investment Curves,Investment Curves,Measurement & Efectividad,Curvas de Inversion,CSA - Science,Proyecto,Bajo,SI,Curvas de saturacion por canal.,BLANCO,0.0,0.0,0.0,0.0,0.0,0.0,0.0,,,,,Nunca ofrecido,,True
GILDEMEISTER,Gildemeister,Automotriz,Gildemeister,Estrategica,,MIM Bayesiano,MIM Bayesiano,MIM Bayesiano,Measurement & Efectividad,Marketing Mix Modeling,CSA - Science,Proyecto,Alto,SI,Modelo de inversion bayesiano.,BLANCO,0.0,0.0,0.0,0.0,0.0,0.0,0.0,,,,,Nunca ofrecido,,True
GILDEMEISTER,Gildemeister,Automotriz,Gildemeister,Estrategica,,MMM Marketing Mix Modeling (without data collection process),MMM Full,MMM Full,Measurement & Efectividad,Marketing Mix Modeling,CSA - Science,Proyecto,Alto,SI,MMM completo sin recoleccion de datos.,BLANCO,0.0,0.0,0.0,0.0,0.0,0.0,0.0,,,,,Nunca ofrecido,,True
GILDEMEISTER,Gildemeister,Automotriz,Gildemeister,Estrategica,,MMM Lite,MMM Lite,MMM Lite,Measurement & Efectividad,Marketing Mix Modeling,CSA - Science,Proyecto,Alto,SI,Version ligera de MMM. Entrada al mundo Science.,PERDIDO,2.0,0.0,2.0,0.0,0.0,0.0,19756.1,2026-02-24,2026-02-24,2026-02-24,Perdido,Ofrecido y perdido,PERD,False
GILDEMEISTER,Gildemeister,Automotriz,Gildemeister,Estrategica,,Meridian Google Founds,Meridian (Google Funds),Meridian,Measurement & Efectividad,Marketing Mix Modeling,CSA - Science,Proyecto,Alto,SI,Financiado por Google. Excelente puerta de entrada a Science.,BLANCO,0.0,0.0,0.0,0.0,0.0,0.0,0.0,,,,,Nunca ofrecido,,True
GILDEMEISTER,Gildemeister,Automotriz,Gildemeister,Estrategica,,Nested (MMM + BEM) without Data Collection,Nested (MMM + BEM),Nested MMM+BEM,Measurement & Efectividad,Marketing Mix Modeling,CSA - Science,Proyecto,Alto,SI,MMM anidado con Brand Equity Model.,BLANCO,0.0,0.0,0.0,0.0,0.0,0.0,0.0,,,,,Nunca ofrecido,,True
INCHAPE AMERICAS,Inchcape Americas,Automotriz,Inchcape,Desarrollo,Incluye Autoplanet.,Custom Bidding,Custom Bidding,Custom Bidding,Activacion & Bidding,Bidding Avanzado,CSA - Tech,Proyecto,Medio,SI,Requiere DV360 y senales propias.,BLANCO,0.0,0.0,0.0,0.0,0.0,0.0,0.0,,,,,Nunca ofrecido,,True
INCHAPE AMERICAS,Inchcape Americas,Automotriz,Inchcape,Desarrollo,Incluye Autoplanet.,BI Services,BI Services,BI Services,Analytics & Optimizacion Digital,Business Intelligence,CSA - Tech,Proyecto,Bajo,SI,Dashboards y visualizacion. Buen gancho para escalar.,BLANCO,0.0,0.0,0.0,0.0,0.0,0.0,0.0,,,,,Nunca ofrecido,,True
INCHAPE AMERICAS,Inchcape Americas,Automotriz,Inchcape,Desarrollo,Incluye Autoplanet.,Online Data Optimization - Basic,Online Data Optimization - Basic,ODO Basic,Analytics & Optimizacion Digital,Online Data Optimization,CSA - Tech,Proyecto,Bajo,SI,Version reducida de ODO.,BLANCO,0.0,0.0,0.0,0.0,0.0,0.0,0.0,,,,,Nunca ofrecido,,True
INCHAPE AMERICAS,Inchcape Americas,Automotriz,Inchcape,Desarrollo,Incluye Autoplanet.,Online Data Optimization - sites with E-commerce,Online Data Optimization - E-commerce,ODO E-commerce,Analytics & Optimizacion Digital,Online Data Optimization,CSA - Tech,Proyecto,Medio,SI,Auditoria y remediacion de medicion en sitios transaccionales.,EN_CURSO,1.0,0.0,0.0,1.0,0.0,0.0,0.0,2026-08-03,2026-08-03,,Prospectado,En curso,PITCH,False
INCHAPE AMERICAS,Inchcape Americas,Automotriz,Inchcape,Desarrollo,Incluye Autoplanet.,Online Data Optimization - sites without E-commerce,Online Data Optimization - No E-commerce,ODO sin E-commerce,Analytics & Optimizacion Digital,Online Data Optimization,CSA - Tech,Proyecto,Bajo,SI,Version para sitios sin transaccion.,BLANCO,0.0,0.0,0.0,0.0,0.0,0.0,0.0,,,,,Nunca ofrecido,,True
INCHAPE AMERICAS,Inchcape Americas,Automotriz,Inchcape,Desarrollo,Incluye Autoplanet.,SEO,SEO,SEO,Analytics & Optimizacion Digital,SEO,CSA - Tech,Proyecto,Alto,SI,Ticket alto y ciclo de venta largo.,BLANCO,0.0,0.0,0.0,0.0,0.0,0.0,0.0,,,,,Nunca ofrecido,,True
INCHAPE AMERICAS,Inchcape Americas,Automotriz,Inchcape,Desarrollo,Incluye Autoplanet.,Shopping Insider / Feed AI,Shopping Insider / Feed AI,Shopping Insider,Analytics & Optimizacion Digital,Retail & Feed,CSA - Tech,Proyecto,Bajo,SI,Solo aplica a cuentas con e-commerce y feed de productos.,BLANCO,0.0,0.0,0.0,0.0,0.0,0.0,0.0,,,,,Nunca ofrecido,,True
INCHAPE AMERICAS,Inchcape Americas,Automotriz,Inchcape,Desarrollo,Incluye Autoplanet.,Consulting Ad Hoc,Consulting Ad Hoc,Consulting Ad Hoc,Consultoria & Ad Hoc,Consultoria Estrategica,CSA - Tech,Proyecto,Bajo,SI,Puerta de entrada. Alta frecuencia y bajo ticket.,BLANCO,0.0,0.0,0.0,0.0,0.0,0.0,0.0,,,,,Nunca ofrecido,,True
INCHAPE AMERICAS,Inchcape Americas,Automotriz,Inchcape,Desarrollo,Incluye Autoplanet.,Science Ad Hoc,Science Ad Hoc,Science Ad Hoc,Consultoria & Ad Hoc,Servicios Science,CSA - Science,Proyecto,Medio,SI,Bolsa de horas de data science.,BLANCO,0.0,0.0,0.0,0.0,0.0,0.0,0.0,,,,,Nunca ofrecido,,True
INCHAPE AMERICAS,Inchcape Americas,Automotriz,Inchcape,Desarrollo,Incluye Autoplanet.,Tech Services Ad Hoc,Tech Services Ad Hoc,Tech Services Ad Hoc,Consultoria & Ad Hoc,Servicios Tech,CSA - Tech,Proyecto,Bajo,SI,Bolsa de horas tecnicas.,BLANCO,0.0,0.0,0.0,0.0,0.0,0.0,0.0,,,,,Nunca ofrecido,,True
INCHAPE AMERICAS,Inchcape Americas,Automotriz,Inchcape,Desarrollo,Incluye Autoplanet.,ABCD Detector - Basic (20 Videos) per month,ABCD Detector,ABCD Detector,Creative Intelligence & GenAI,Creative Analytics,CSA - Tech,Recurrente,Bajo,SI,Diagnostico de creatividades en video. Ticket bajo = buen abrepuertas.,BLANCO,0.0,0.0,0.0,0.0,0.0,0.0,0.0,,,,,Nunca ofrecido,,True
INCHAPE AMERICAS,Inchcape Americas,Automotriz,Inchcape,Desarrollo,Incluye Autoplanet.,C-GenIA,C-GenIA,C-GenIA,Creative Intelligence & GenAI,Creative GenAI,CSA - Tech,Proyecto,Alto,SI,Version proyecto de generacion creativa.,BLANCO,0.0,0.0,0.0,0.0,0.0,0.0,0.0,,,,,Nunca ofrecido,,True
INCHAPE AMERICAS,Inchcape Americas,Automotriz,Inchcape,Desarrollo,Incluye Autoplanet.,C-GenIA - Basic (200 images) Annual Subscription,C-GenIA Basic Anual,C-GenIA Anual,Creative Intelligence & GenAI,Creative GenAI,CSA - Tech,Licencia,Medio,SI,Suscripcion anual 200 imagenes.,BLANCO,0.0,0.0,0.0,0.0,0.0,0.0,0.0,,,,,Nunca ofrecido,,True
INCHAPE AMERICAS,Inchcape Americas,Automotriz,Inchcape,Desarrollo,Incluye Autoplanet.,C-GenIA - Basic (200 images) per month,C-GenIA Basic Mensual,C-GenIA Mensual,Creative Intelligence & GenAI,Creative GenAI,CSA - Tech,Recurrente,Medio,SI,Suscripcion mensual 200 imagenes.,BLANCO,0.0,0.0,0.0,0.0,0.0,0.0,0.0,,,,,Nunca ofrecido,,True
INCHAPE AMERICAS,Inchcape Americas,Automotriz,Inchcape,Desarrollo,Incluye Autoplanet.,VIGenAIr,VIGenAIr,VIGenAIr,Creative Intelligence & GenAI,Video GenAI,CSA - Tech,Proyecto,Medio,SI,Reedicion de video con GenAI.,BLANCO,0.0,0.0,0.0,0.0,0.0,0.0,0.0,,,,,Nunca ofrecido,,True
INCHAPE AMERICAS,Inchcape Americas,Automotriz,Inchcape,Desarrollo,Incluye Autoplanet.,1PD Integration (until 15 sources) - Google,1PD Integration,1PD Integration,Data Collection & Activacion,First Party Data,CSA - Tech,Proyecto,Alto,SI,Requiere madurez de datos en la cuenta.,BLANCO,0.0,0.0,0.0,0.0,0.0,0.0,0.0,,,,,Nunca ofrecido,,True
INCHAPE AMERICAS,Inchcape Americas,Automotriz,Inchcape,Desarrollo,Incluye Autoplanet.,CAPI Automated Offline Integration with CRM,CAPI Offline CRM,CAPI Offline CRM,Data Collection & Activacion,Server-Side / CAPI,CSA - Tech,Proyecto,Medio,SI,Upsell natural sobre CAPI Gateway.,BLANCO,0.0,0.0,0.0,0.0,0.0,0.0,0.0,,,,,Nunca ofrecido,,True
INCHAPE AMERICAS,Inchcape Americas,Automotriz,Inchcape,Desarrollo,Incluye Autoplanet.,CAPI x Gateway by CSA - look for special ratecard,CAPI x Gateway,CAPI x Gateway,Data Collection & Activacion,Server-Side / CAPI,CSA - Tech,Recurrente,Bajo,SI,Anclaje tecnico recurrente. Alto win rate.,BLANCO,0.0,0.0,0.0,0.0,0.0,0.0,0.0,,,,,Nunca ofrecido,,True
INCHAPE AMERICAS,Inchcape Americas,Automotriz,Inchcape,Desarrollo,Incluye Autoplanet.,Performance Powered Conversions (ECL),Performance Powered Conversions (ECL),Perf. Powered Conv.,Data Collection & Activacion,Conversiones Avanzadas,CSA - Tech,Proyecto,Bajo,SI,Enhanced Conversions for Leads.,BLANCO,0.0,0.0,0.0,0.0,0.0,0.0,0.0,,,,,Nunca ofrecido,,True
INCHAPE AMERICAS,Inchcape Americas,Automotriz,Inchcape,Desarrollo,Incluye Autoplanet.,Licencias GA4 360,Licencias GA4 360,Licencias GA4 360,Licencias & Plataformas,Licencias Analytics,CSA - Tech,Licencia,Alto,SI,Renovacion anual. Revisar ciclo de contrato.,BLANCO,0.0,0.0,0.0,0.0,0.0,0.0,0.0,,,,,Nunca ofrecido,,True
INCHAPE AMERICAS,Inchcape Americas,Automotriz,Inchcape,Desarrollo,Incluye Autoplanet.,Licencias SA/DV360,Licencias SA/DV360,Licencias SA/DV360,Licencias & Plataformas,Licencias Media,CSA - Tech,Licencia,Alto,SI,Search Ads 360 / Display & Video 360.,BLANCO,0.0,0.0,0.0,0.0,0.0,0.0,0.0,,,,,Nunca ofrecido,,True
INCHAPE AMERICAS,Inchcape Americas,Automotriz,Inchcape,Desarrollo,Incluye Autoplanet.,People data fee Media,People Data Fee Media,People Data Fee,Licencias & Plataformas,Data Fee,CSA - Tech,Recurrente,Alto,SI,Fee recurrente asociado a media.,BLANCO,0.0,0.0,0.0,0.0,0.0,0.0,0.0,,,,,Nunca ofrecido,,True
INCHAPE AMERICAS,Inchcape Americas,Automotriz,Inchcape,Desarrollo,Incluye Autoplanet.,Curves Base contract: 4 channels/2 updates,Curves Base Contract,Curves Base,Measurement & Efectividad,Curvas de Inversion,CSA - Science,Recurrente,Medio,SI,Contrato base con actualizaciones periodicas.,EN_CURSO,2.0,0.0,0.0,2.0,0.0,13784.01,0.0,2026-06-03,2026-06-08,,En pausa | Prospectado,En curso,PITCH,False
INCHAPE AMERICAS,Inchcape Americas,Automotriz,Inchcape,Desarrollo,Incluye Autoplanet.,Geolift,Geolift,Geolift,Measurement & Efectividad,Incrementalidad & Experimentos,CSA - Science,Proyecto,Bajo,SI,Test de incrementalidad geografica.,BLANCO,0.0,0.0,0.0,0.0,0.0,0.0,0.0,,,,,Nunca ofrecido,,True
INCHAPE AMERICAS,Inchcape Americas,Automotriz,Inchcape,Desarrollo,Incluye Autoplanet.,Investment Curves (by conversion:channel),Investment Curves,Investment Curves,Measurement & Efectividad,Curvas de Inversion,CSA - Science,Proyecto,Bajo,SI,Curvas de saturacion por canal.,BLANCO,0.0,0.0,0.0,0.0,0.0,0.0,0.0,,,,,Nunca ofrecido,,True
INCHAPE AMERICAS,Inchcape Americas,Automotriz,Inchcape,Desarrollo,Incluye Autoplanet.,MIM Bayesiano,MIM Bayesiano,MIM Bayesiano,Measurement & Efectividad,Marketing Mix Modeling,CSA - Science,Proyecto,Alto,SI,Modelo de inversion bayesiano.,BLANCO,0.0,0.0,0.0,0.0,0.0,0.0,0.0,,,,,Nunca ofrecido,,True
INCHAPE AMERICAS,Inchcape Americas,Automotriz,Inchcape,Desarrollo,Incluye Autoplanet.,MMM Marketing Mix Modeling (without data collection process),MMM Full,MMM Full,Measurement & Efectividad,Marketing Mix Modeling,CSA - Science,Proyecto,Alto,SI,MMM completo sin recoleccion de datos.,BLANCO,0.0,0.0,0.0,0.0,0.0,0.0,0.0,,,,,Nunca ofrecido,,True
INCHAPE AMERICAS,Inchcape Americas,Automotriz,Inchcape,Desarrollo,Incluye Autoplanet.,MMM Lite,MMM Lite,MMM Lite,Measurement & Efectividad,Marketing Mix Modeling,CSA - Science,Proyecto,Alto,SI,Version ligera de MMM. Entrada al mundo Science.,PERDIDO,1.0,0.0,1.0,0.0,0.0,0.0,20251.46,2026-02-24,2026-02-24,2026-02-24,Perdido,Ofrecido y perdido,PERD,False
INCHAPE AMERICAS,Inchcape Americas,Automotriz,Inchcape,Desarrollo,Incluye Autoplanet.,Meridian Google Founds,Meridian (Google Funds),Meridian,Measurement & Efectividad,Marketing Mix Modeling,CSA - Science,Proyecto,Alto,SI,Financiado por Google. Excelente puerta de entrada a Science.,BLANCO,0.0,0.0,0.0,0.0,0.0,0.0,0.0,,,,,Nunca ofrecido,,True
INCHAPE AMERICAS,Inchcape Americas,Automotriz,Inchcape,Desarrollo,Incluye Autoplanet.,Nested (MMM + BEM) without Data Collection,Nested (MMM + BEM),Nested MMM+BEM,Measurement & Efectividad,Marketing Mix Modeling,CSA - Science,Proyecto,Alto,SI,MMM anidado con Brand Equity Model.,BLANCO,0.0,0.0,0.0,0.0,0.0,0.0,0.0,,,,,Nunca ofrecido,,True
INDUMOTORA,Indumotora,Automotriz,Indumotora,Estrategica,,Custom Bidding,Custom Bidding,Custom Bidding,Activacion & Bidding,Bidding Avanzado,CSA - Tech,Proyecto,Medio,SI,Requiere DV360 y senales propias.,BLANCO,0.0,0.0,0.0,0.0,0.0,0.0,0.0,,,,,Nunca ofrecido,,True
INDUMOTORA,Indumotora,Automotriz,Indumotora,Estrategica,,BI Services,BI Services,BI Services,Analytics & Optimizacion Digital,Business Intelligence,CSA - Tech,Proyecto,Bajo,SI,Dashboards y visualizacion. Buen gancho para escalar.,BLANCO,0.0,0.0,0.0,0.0,0.0,0.0,0.0,,,,,Nunca ofrecido,,True
INDUMOTORA,Indumotora,Automotriz,Indumotora,Estrategica,,Online Data Optimization - Basic,Online Data Optimization - Basic,ODO Basic,Analytics & Optimizacion Digital,Online Data Optimization,CSA - Tech,Proyecto,Bajo,SI,Version reducida de ODO.,EN_CURSO,1.0,0.0,0.0,1.0,0.0,3813.55,0.0,2026-06-03,2026-06-03,,En pitch,En curso,PITCH,False
INDUMOTORA,Indumotora,Automotriz,Indumotora,Estrategica,,Online Data Optimization - sites with E-commerce,Online Data Optimization - E-commerce,ODO E-commerce,Analytics & Optimizacion Digital,Online Data Optimization,CSA - Tech,Proyecto,Medio,SI,Auditoria y remediacion de medicion en sitios transaccionales.,BLANCO,0.0,0.0,0.0,0.0,0.0,0.0,0.0,,,,,Nunca ofrecido,,True
INDUMOTORA,Indumotora,Automotriz,Indumotora,Estrategica,,Online Data Optimization - sites without E-commerce,Online Data Optimization - No E-commerce,ODO sin E-commerce,Analytics & Optimizacion Digital,Online Data Optimization,CSA - Tech,Proyecto,Bajo,SI,Version para sitios sin transaccion.,BLANCO,0.0,0.0,0.0,0.0,0.0,0.0,0.0,,,,,Nunca ofrecido,,True
INDUMOTORA,Indumotora,Automotriz,Indumotora,Estrategica,,SEO,SEO,SEO,Analytics & Optimizacion Digital,SEO,CSA - Tech,Proyecto,Alto,SI,Ticket alto y ciclo de venta largo.,BLANCO,0.0,0.0,0.0,0.0,0.0,0.0,0.0,,,,,Nunca ofrecido,,True
INDUMOTORA,Indumotora,Automotriz,Indumotora,Estrategica,,Shopping Insider / Feed AI,Shopping Insider / Feed AI,Shopping Insider,Analytics & Optimizacion Digital,Retail & Feed,CSA - Tech,Proyecto,Bajo,SI,Solo aplica a cuentas con e-commerce y feed de productos.,BLANCO,0.0,0.0,0.0,0.0,0.0,0.0,0.0,,,,,Nunca ofrecido,,True
INDUMOTORA,Indumotora,Automotriz,Indumotora,Estrategica,,Consulting Ad Hoc,Consulting Ad Hoc,Consulting Ad Hoc,Consultoria & Ad Hoc,Consultoria Estrategica,CSA - Tech,Proyecto,Bajo,SI,Puerta de entrada. Alta frecuencia y bajo ticket.,BLANCO,0.0,0.0,0.0,0.0,0.0,0.0,0.0,,,,,Nunca ofrecido,,True
INDUMOTORA,Indumotora,Automotriz,Indumotora,Estrategica,,Science Ad Hoc,Science Ad Hoc,Science Ad Hoc,Consultoria & Ad Hoc,Servicios Science,CSA - Science,Proyecto,Medio,SI,Bolsa de horas de data science.,BLANCO,0.0,0.0,0.0,0.0,0.0,0.0,0.0,,,,,Nunca ofrecido,,True
INDUMOTORA,Indumotora,Automotriz,Indumotora,Estrategica,,Tech Services Ad Hoc,Tech Services Ad Hoc,Tech Services Ad Hoc,Consultoria & Ad Hoc,Servicios Tech,CSA - Tech,Proyecto,Bajo,SI,Bolsa de horas tecnicas.,BLANCO,0.0,0.0,0.0,0.0,0.0,0.0,0.0,,,,,Nunca ofrecido,,True
INDUMOTORA,Indumotora,Automotriz,Indumotora,Estrategica,,ABCD Detector - Basic (20 Videos) per month,ABCD Detector,ABCD Detector,Creative Intelligence & GenAI,Creative Analytics,CSA - Tech,Recurrente,Bajo,SI,Diagnostico de creatividades en video. Ticket bajo = buen abrepuertas.,PERDIDO,1.0,0.0,1.0,0.0,0.0,0.0,1477.9,2026-01-02,2026-01-02,2026-01-02,Perdido,Ofrecido y perdido,PERD,False
INDUMOTORA,Indumotora,Automotriz,Indumotora,Estrategica,,C-GenIA,C-GenIA,C-GenIA,Creative Intelligence & GenAI,Creative GenAI,CSA - Tech,Proyecto,Alto,SI,Version proyecto de generacion creativa.,BLANCO,0.0,0.0,0.0,0.0,0.0,0.0,0.0,,,,,Nunca ofrecido,,True
INDUMOTORA,Indumotora,Automotriz,Indumotora,Estrategica,,C-GenIA - Basic (200 images) Annual Subscription,C-GenIA Basic Anual,C-GenIA Anual,Creative Intelligence & GenAI,Creative GenAI,CSA - Tech,Licencia,Medio,SI,Suscripcion anual 200 imagenes.,PERDIDO,1.0,0.0,1.0,0.0,0.0,0.0,3966.99,2026-01-02,2026-01-02,2026-01-02,Perdido,Ofrecido y perdido,PERD,False
INDUMOTORA,Indumotora,Automotriz,Indumotora,Estrategica,,C-GenIA - Basic (200 images) per month,C-GenIA Basic Mensual,C-GenIA Mensual,Creative Intelligence & GenAI,Creative GenAI,CSA - Tech,Recurrente,Medio,SI,Suscripcion mensual 200 imagenes.,BLANCO,0.0,0.0,0.0,0.0,0.0,0.0,0.0,,,,,Nunca ofrecido,,True
INDUMOTORA,Indumotora,Automotriz,Indumotora,Estrategica,,VIGenAIr,VIGenAIr,VIGenAIr,Creative Intelligence & GenAI,Video GenAI,CSA - Tech,Proyecto,Medio,SI,Reedicion de video con GenAI.,BLANCO,0.0,0.0,0.0,0.0,0.0,0.0,0.0,,,,,Nunca ofrecido,,True
INDUMOTORA,Indumotora,Automotriz,Indumotora,Estrategica,,1PD Integration (until 15 sources) - Google,1PD Integration,1PD Integration,Data Collection & Activacion,First Party Data,CSA - Tech,Proyecto,Alto,SI,Requiere madurez de datos en la cuenta.,EN_CURSO,1.0,0.0,0.0,1.0,0.0,12156.75,0.0,2026-06-03,2026-06-03,,En pitch,En curso,PITCH,False
INDUMOTORA,Indumotora,Automotriz,Indumotora,Estrategica,,CAPI Automated Offline Integration with CRM,CAPI Offline CRM,CAPI Offline CRM,Data Collection & Activacion,Server-Side / CAPI,CSA - Tech,Proyecto,Medio,SI,Upsell natural sobre CAPI Gateway.,EN_CURSO,1.0,0.0,0.0,1.0,0.0,4067.79,0.0,2026-07-09,2026-07-09,,En pitch,En curso,PITCH,False
INDUMOTORA,Indumotora,Automotriz,Indumotora,Estrategica,,CAPI x Gateway by CSA - look for special ratecard,CAPI x Gateway,CAPI x Gateway,Data Collection & Activacion,Server-Side / CAPI,CSA - Tech,Recurrente,Bajo,SI,Anclaje tecnico recurrente. Alto win rate.,EJECUTADO,6.0,6.0,0.0,0.0,8852.529999999999,0.0,0.0,2026-01-01,2026-04-27,,Ganado,Ejecutado,EJEC,False
INDUMOTORA,Indumotora,Automotriz,Indumotora,Estrategica,,Performance Powered Conversions (ECL),Performance Powered Conversions (ECL),Perf. Powered Conv.,Data Collection & Activacion,Conversiones Avanzadas,CSA - Tech,Proyecto,Bajo,SI,Enhanced Conversions for Leads.,EN_CURSO,2.0,0.0,0.0,2.0,0.0,7350.99,0.0,2026-05-08,2026-06-03,,En pitch | Prospectado,En curso,PITCH,False
INDUMOTORA,Indumotora,Automotriz,Indumotora,Estrategica,,Licencias GA4 360,Licencias GA4 360,Licencias GA4 360,Licencias & Plataformas,Licencias Analytics,CSA - Tech,Licencia,Alto,SI,Renovacion anual. Revisar ciclo de contrato.,BLANCO,0.0,0.0,0.0,0.0,0.0,0.0,0.0,,,,,Nunca ofrecido,,True
INDUMOTORA,Indumotora,Automotriz,Indumotora,Estrategica,,Licencias SA/DV360,Licencias SA/DV360,Licencias SA/DV360,Licencias & Plataformas,Licencias Media,CSA - Tech,Licencia,Alto,SI,Search Ads 360 / Display & Video 360.,BLANCO,0.0,0.0,0.0,0.0,0.0,0.0,0.0,,,,,Nunca ofrecido,,True
INDUMOTORA,Indumotora,Automotriz,Indumotora,Estrategica,,People data fee Media,People Data Fee Media,People Data Fee,Licencias & Plataformas,Data Fee,CSA - Tech,Recurrente,Alto,SI,Fee recurrente asociado a media.,BLANCO,0.0,0.0,0.0,0.0,0.0,0.0,0.0,,,,,Nunca ofrecido,,True
INDUMOTORA,Indumotora,Automotriz,Indumotora,Estrategica,,Curves Base contract: 4 channels/2 updates,Curves Base Contract,Curves Base,Measurement & Efectividad,Curvas de Inversion,CSA - Science,Recurrente,Medio,SI,Contrato base con actualizaciones periodicas.,BLANCO,0.0,0.0,0.0,0.0,0.0,0.0,0.0,,,,,Nunca ofrecido,,True
INDUMOTORA,Indumotora,Automotriz,Indumotora,Estrategica,,Geolift,Geolift,Geolift,Measurement & Efectividad,Incrementalidad & Experimentos,CSA - Science,Proyecto,Bajo,SI,Test de incrementalidad geografica.,BLANCO,0.0,0.0,0.0,0.0,0.0,0.0,0.0,,,,,Nunca ofrecido,,True
INDUMOTORA,Indumotora,Automotriz,Indumotora,Estrategica,,Investment Curves (by conversion:channel),Investment Curves,Investment Curves,Measurement & Efectividad,Curvas de Inversion,CSA - Science,Proyecto,Bajo,SI,Curvas de saturacion por canal.,BLANCO,0.0,0.0,0.0,0.0,0.0,0.0,0.0,,,,,Nunca ofrecido,,True
INDUMOTORA,Indumotora,Automotriz,Indumotora,Estrategica,,MIM Bayesiano,MIM Bayesiano,MIM Bayesiano,Measurement & Efectividad,Marketing Mix Modeling,CSA - Science,Proyecto,Alto,SI,Modelo de inversion bayesiano.,BLANCO,0.0,0.0,0.0,0.0,0.0,0.0,0.0,,,,,Nunca ofrecido,,True
INDUMOTORA,Indumotora,Automotriz,Indumotora,Estrategica,,MMM Marketing Mix Modeling (without data collection process),MMM Full,MMM Full,Measurement & Efectividad,Marketing Mix Modeling,CSA - Science,Proyecto,Alto,SI,MMM completo sin recoleccion de datos.,BLANCO,0.0,0.0,0.0,0.0,0.0,0.0,0.0,,,,,Nunca ofrecido,,True
INDUMOTORA,Indumotora,Automotriz,Indumotora,Estrategica,,MMM Lite,MMM Lite,MMM Lite,Measurement & Efectividad,Marketing Mix Modeling,CSA - Science,Proyecto,Alto,SI,Version ligera de MMM. Entrada al mundo Science.,BLANCO,0.0,0.0,0.0,0.0,0.0,0.0,0.0,,,,,Nunca ofrecido,,True
INDUMOTORA,Indumotora,Automotriz,Indumotora,Estrategica,,Meridian Google Founds,Meridian (Google Funds),Meridian,Measurement & Efectividad,Marketing Mix Modeling,CSA - Science,Proyecto,Alto,SI,Financiado por Google. Excelente puerta de entrada a Science.,BLANCO,0.0,0.0,0.0,0.0,0.0,0.0,0.0,,,,,Nunca ofrecido,,True
INDUMOTORA,Indumotora,Automotriz,Indumotora,Estrategica,,Nested (MMM + BEM) without Data Collection,Nested (MMM + BEM),Nested MMM+BEM,Measurement & Efectividad,Marketing Mix Modeling,CSA - Science,Proyecto,Alto,SI,MMM anidado con Brand Equity Model.,BLANCO,0.0,0.0,0.0,0.0,0.0,0.0,0.0,,,,,Nunca ofrecido,,True
LACTALIS,Lactalis,CPG Alimentos,Lactalis,Emergente,,Custom Bidding,Custom Bidding,Custom Bidding,Activacion & Bidding,Bidding Avanzado,CSA - Tech,Proyecto,Medio,SI,Requiere DV360 y senales propias.,BLANCO,0.0,0.0,0.0,0.0,0.0,0.0,0.0,,,,,Nunca ofrecido,,True
LACTALIS,Lactalis,CPG Alimentos,Lactalis,Emergente,,BI Services,BI Services,BI Services,Analytics & Optimizacion Digital,Business Intelligence,CSA - Tech,Proyecto,Bajo,SI,Dashboards y visualizacion. Buen gancho para escalar.,BLANCO,0.0,0.0,0.0,0.0,0.0,0.0,0.0,,,,,Nunca ofrecido,,True
LACTALIS,Lactalis,CPG Alimentos,Lactalis,Emergente,,Online Data Optimization - Basic,Online Data Optimization - Basic,ODO Basic,Analytics & Optimizacion Digital,Online Data Optimization,CSA - Tech,Proyecto,Bajo,SI,Version reducida de ODO.,BLANCO,0.0,0.0,0.0,0.0,0.0,0.0,0.0,,,,,Nunca ofrecido,,True
LACTALIS,Lactalis,CPG Alimentos,Lactalis,Emergente,,Online Data Optimization - sites with E-commerce,Online Data Optimization - E-commerce,ODO E-commerce,Analytics & Optimizacion Digital,Online Data Optimization,CSA - Tech,Proyecto,Medio,SI,Auditoria y remediacion de medicion en sitios transaccionales.,BLANCO,0.0,0.0,0.0,0.0,0.0,0.0,0.0,,,,,Nunca ofrecido,,True
LACTALIS,Lactalis,CPG Alimentos,Lactalis,Emergente,,Online Data Optimization - sites without E-commerce,Online Data Optimization - No E-commerce,ODO sin E-commerce,Analytics & Optimizacion Digital,Online Data Optimization,CSA - Tech,Proyecto,Bajo,SI,Version para sitios sin transaccion.,BLANCO,0.0,0.0,0.0,0.0,0.0,0.0,0.0,,,,,Nunca ofrecido,,True
LACTALIS,Lactalis,CPG Alimentos,Lactalis,Emergente,,SEO,SEO,SEO,Analytics & Optimizacion Digital,SEO,CSA - Tech,Proyecto,Alto,SI,Ticket alto y ciclo de venta largo.,BLANCO,0.0,0.0,0.0,0.0,0.0,0.0,0.0,,,,,Nunca ofrecido,,True
LACTALIS,Lactalis,CPG Alimentos,Lactalis,Emergente,,Shopping Insider / Feed AI,Shopping Insider / Feed AI,Shopping Insider,Analytics & Optimizacion Digital,Retail & Feed,CSA - Tech,Proyecto,Bajo,SI,Solo aplica a cuentas con e-commerce y feed de productos.,BLANCO,0.0,0.0,0.0,0.0,0.0,0.0,0.0,,,,,Nunca ofrecido,,True
LACTALIS,Lactalis,CPG Alimentos,Lactalis,Emergente,,Consulting Ad Hoc,Consulting Ad Hoc,Consulting Ad Hoc,Consultoria & Ad Hoc,Consultoria Estrategica,CSA - Tech,Proyecto,Bajo,SI,Puerta de entrada. Alta frecuencia y bajo ticket.,BLANCO,0.0,0.0,0.0,0.0,0.0,0.0,0.0,,,,,Nunca ofrecido,,True
LACTALIS,Lactalis,CPG Alimentos,Lactalis,Emergente,,Science Ad Hoc,Science Ad Hoc,Science Ad Hoc,Consultoria & Ad Hoc,Servicios Science,CSA - Science,Proyecto,Medio,SI,Bolsa de horas de data science.,BLANCO,0.0,0.0,0.0,0.0,0.0,0.0,0.0,,,,,Nunca ofrecido,,True
LACTALIS,Lactalis,CPG Alimentos,Lactalis,Emergente,,Tech Services Ad Hoc,Tech Services Ad Hoc,Tech Services Ad Hoc,Consultoria & Ad Hoc,Servicios Tech,CSA - Tech,Proyecto,Bajo,SI,Bolsa de horas tecnicas.,BLANCO,0.0,0.0,0.0,0.0,0.0,0.0,0.0,,,,,Nunca ofrecido,,True
LACTALIS,Lactalis,CPG Alimentos,Lactalis,Emergente,,ABCD Detector - Basic (20 Videos) per month,ABCD Detector,ABCD Detector,Creative Intelligence & GenAI,Creative Analytics,CSA - Tech,Recurrente,Bajo,SI,Diagnostico de creatividades en video. Ticket bajo = buen abrepuertas.,BLANCO,0.0,0.0,0.0,0.0,0.0,0.0,0.0,,,,,Nunca ofrecido,,True
LACTALIS,Lactalis,CPG Alimentos,Lactalis,Emergente,,C-GenIA,C-GenIA,C-GenIA,Creative Intelligence & GenAI,Creative GenAI,CSA - Tech,Proyecto,Alto,SI,Version proyecto de generacion creativa.,BLANCO,0.0,0.0,0.0,0.0,0.0,0.0,0.0,,,,,Nunca ofrecido,,True
LACTALIS,Lactalis,CPG Alimentos,Lactalis,Emergente,,C-GenIA - Basic (200 images) Annual Subscription,C-GenIA Basic Anual,C-GenIA Anual,Creative Intelligence & GenAI,Creative GenAI,CSA - Tech,Licencia,Medio,SI,Suscripcion anual 200 imagenes.,BLANCO,0.0,0.0,0.0,0.0,0.0,0.0,0.0,,,,,Nunca ofrecido,,True
LACTALIS,Lactalis,CPG Alimentos,Lactalis,Emergente,,C-GenIA - Basic (200 images) per month,C-GenIA Basic Mensual,C-GenIA Mensual,Creative Intelligence & GenAI,Creative GenAI,CSA - Tech,Recurrente,Medio,SI,Suscripcion mensual 200 imagenes.,BLANCO,0.0,0.0,0.0,0.0,0.0,0.0,0.0,,,,,Nunca ofrecido,,True
LACTALIS,Lactalis,CPG Alimentos,Lactalis,Emergente,,VIGenAIr,VIGenAIr,VIGenAIr,Creative Intelligence & GenAI,Video GenAI,CSA - Tech,Proyecto,Medio,SI,Reedicion de video con GenAI.,EN_CURSO,1.0,0.0,0.0,1.0,0.0,4944.58,0.0,2026-06-25,2026-06-25,,Prospectado,En curso,PITCH,False
LACTALIS,Lactalis,CPG Alimentos,Lactalis,Emergente,,1PD Integration (until 15 sources) - Google,1PD Integration,1PD Integration,Data Collection & Activacion,First Party Data,CSA - Tech,Proyecto,Alto,SI,Requiere madurez de datos en la cuenta.,BLANCO,0.0,0.0,0.0,0.0,0.0,0.0,0.0,,,,,Nunca ofrecido,,True
LACTALIS,Lactalis,CPG Alimentos,Lactalis,Emergente,,CAPI Automated Offline Integration with CRM,CAPI Offline CRM,CAPI Offline CRM,Data Collection & Activacion,Server-Side / CAPI,CSA - Tech,Proyecto,Medio,SI,Upsell natural sobre CAPI Gateway.,BLANCO,0.0,0.0,0.0,0.0,0.0,0.0,0.0,,,,,Nunca ofrecido,,True
LACTALIS,Lactalis,CPG Alimentos,Lactalis,Emergente,,CAPI x Gateway by CSA - look for special ratecard,CAPI x Gateway,CAPI x Gateway,Data Collection & Activacion,Server-Side / CAPI,CSA - Tech,Recurrente,Bajo,SI,Anclaje tecnico recurrente. Alto win rate.,BLANCO,0.0,0.0,0.0,0.0,0.0,0.0,0.0,,,,,Nunca ofrecido,,True
LACTALIS,Lactalis,CPG Alimentos,Lactalis,Emergente,,Performance Powered Conversions (ECL),Performance Powered Conversions (ECL),Perf. Powered Conv.,Data Collection & Activacion,Conversiones Avanzadas,CSA - Tech,Proyecto,Bajo,SI,Enhanced Conversions for Leads.,BLANCO,0.0,0.0,0.0,0.0,0.0,0.0,0.0,,,,,Nunca ofrecido,,True
LACTALIS,Lactalis,CPG Alimentos,Lactalis,Emergente,,Licencias GA4 360,Licencias GA4 360,Licencias GA4 360,Licencias & Plataformas,Licencias Analytics,CSA - Tech,Licencia,Alto,SI,Renovacion anual. Revisar ciclo de contrato.,BLANCO,0.0,0.0,0.0,0.0,0.0,0.0,0.0,,,,,Nunca ofrecido,,True
LACTALIS,Lactalis,CPG Alimentos,Lactalis,Emergente,,Licencias SA/DV360,Licencias SA/DV360,Licencias SA/DV360,Licencias & Plataformas,Licencias Media,CSA - Tech,Licencia,Alto,SI,Search Ads 360 / Display & Video 360.,BLANCO,0.0,0.0,0.0,0.0,0.0,0.0,0.0,,,,,Nunca ofrecido,,True
LACTALIS,Lactalis,CPG Alimentos,Lactalis,Emergente,,People data fee Media,People Data Fee Media,People Data Fee,Licencias & Plataformas,Data Fee,CSA - Tech,Recurrente,Alto,SI,Fee recurrente asociado a media.,BLANCO,0.0,0.0,0.0,0.0,0.0,0.0,0.0,,,,,Nunca ofrecido,,True
LACTALIS,Lactalis,CPG Alimentos,Lactalis,Emergente,,Curves Base contract: 4 channels/2 updates,Curves Base Contract,Curves Base,Measurement & Efectividad,Curvas de Inversion,CSA - Science,Recurrente,Medio,SI,Contrato base con actualizaciones periodicas.,BLANCO,0.0,0.0,0.0,0.0,0.0,0.0,0.0,,,,,Nunca ofrecido,,True
LACTALIS,Lactalis,CPG Alimentos,Lactalis,Emergente,,Geolift,Geolift,Geolift,Measurement & Efectividad,Incrementalidad & Experimentos,CSA - Science,Proyecto,Bajo,SI,Test de incrementalidad geografica.,BLANCO,0.0,0.0,0.0,0.0,0.0,0.0,0.0,,,,,Nunca ofrecido,,True
LACTALIS,Lactalis,CPG Alimentos,Lactalis,Emergente,,Investment Curves (by conversion:channel),Investment Curves,Investment Curves,Measurement & Efectividad,Curvas de Inversion,CSA - Science,Proyecto,Bajo,SI,Curvas de saturacion por canal.,BLANCO,0.0,0.0,0.0,0.0,0.0,0.0,0.0,,,,,Nunca ofrecido,,True
LACTALIS,Lactalis,CPG Alimentos,Lactalis,Emergente,,MIM Bayesiano,MIM Bayesiano,MIM Bayesiano,Measurement & Efectividad,Marketing Mix Modeling,CSA - Science,Proyecto,Alto,SI,Modelo de inversion bayesiano.,BLANCO,0.0,0.0,0.0,0.0,0.0,0.0,0.0,,,,,Nunca ofrecido,,True
LACTALIS,Lactalis,CPG Alimentos,Lactalis,Emergente,,MMM Marketing Mix Modeling (without data collection process),MMM Full,MMM Full,Measurement & Efectividad,Marketing Mix Modeling,CSA - Science,Proyecto,Alto,SI,MMM completo sin recoleccion de datos.,BLANCO,0.0,0.0,0.0,0.0,0.0,0.0,0.0,,,,,Nunca ofrecido,,True
LACTALIS,Lactalis,CPG Alimentos,Lactalis,Emergente,,MMM Lite,MMM Lite,MMM Lite,Measurement & Efectividad,Marketing Mix Modeling,CSA - Science,Proyecto,Alto,SI,Version ligera de MMM. Entrada al mundo Science.,BLANCO,0.0,0.0,0.0,0.0,0.0,0.0,0.0,,,,,Nunca ofrecido,,True
LACTALIS,Lactalis,CPG Alimentos,Lactalis,Emergente,,Meridian Google Founds,Meridian (Google Funds),Meridian,Measurement & Efectividad,Marketing Mix Modeling,CSA - Science,Proyecto,Alto,SI,Financiado por Google. Excelente puerta de entrada a Science.,BLANCO,0.0,0.0,0.0,0.0,0.0,0.0,0.0,,,,,Nunca ofrecido,,True
LACTALIS,Lactalis,CPG Alimentos,Lactalis,Emergente,,Nested (MMM + BEM) without Data Collection,Nested (MMM + BEM),Nested MMM+BEM,Measurement & Efectividad,Marketing Mix Modeling,CSA - Science,Proyecto,Alto,SI,MMM anidado con Brand Equity Model.,BLANCO,0.0,0.0,0.0,0.0,0.0,0.0,0.0,,,,,Nunca ofrecido,,True
LATAM AERLINES,LATAM Airlines,Travel & Aerolineas,LATAM,Desarrollo,,Custom Bidding,Custom Bidding,Custom Bidding,Activacion & Bidding,Bidding Avanzado,CSA - Tech,Proyecto,Medio,SI,Requiere DV360 y senales propias.,BLANCO,0.0,0.0,0.0,0.0,0.0,0.0,0.0,,,,,Nunca ofrecido,,True
LATAM AERLINES,LATAM Airlines,Travel & Aerolineas,LATAM,Desarrollo,,BI Services,BI Services,BI Services,Analytics & Optimizacion Digital,Business Intelligence,CSA - Tech,Proyecto,Bajo,SI,Dashboards y visualizacion. Buen gancho para escalar.,BLANCO,0.0,0.0,0.0,0.0,0.0,0.0,0.0,,,,,Nunca ofrecido,,True
LATAM AERLINES,LATAM Airlines,Travel & Aerolineas,LATAM,Desarrollo,,Online Data Optimization - Basic,Online Data Optimization - Basic,ODO Basic,Analytics & Optimizacion Digital,Online Data Optimization,CSA - Tech,Proyecto,Bajo,SI,Version reducida de ODO.,BLANCO,0.0,0.0,0.0,0.0,0.0,0.0,0.0,,,,,Nunca ofrecido,,True
LATAM AERLINES,LATAM Airlines,Travel & Aerolineas,LATAM,Desarrollo,,Online Data Optimization - sites with E-commerce,Online Data Optimization - E-commerce,ODO E-commerce,Analytics & Optimizacion Digital,Online Data Optimization,CSA - Tech,Proyecto,Medio,SI,Auditoria y remediacion de medicion en sitios transaccionales.,BLANCO,0.0,0.0,0.0,0.0,0.0,0.0,0.0,,,,,Nunca ofrecido,,True
LATAM AERLINES,LATAM Airlines,Travel & Aerolineas,LATAM,Desarrollo,,Online Data Optimization - sites without E-commerce,Online Data Optimization - No E-commerce,ODO sin E-commerce,Analytics & Optimizacion Digital,Online Data Optimization,CSA - Tech,Proyecto,Bajo,SI,Version para sitios sin transaccion.,BLANCO,0.0,0.0,0.0,0.0,0.0,0.0,0.0,,,,,Nunca ofrecido,,True
LATAM AERLINES,LATAM Airlines,Travel & Aerolineas,LATAM,Desarrollo,,SEO,SEO,SEO,Analytics & Optimizacion Digital,SEO,CSA - Tech,Proyecto,Alto,SI,Ticket alto y ciclo de venta largo.,BLANCO,0.0,0.0,0.0,0.0,0.0,0.0,0.0,,,,,Nunca ofrecido,,True
LATAM AERLINES,LATAM Airlines,Travel & Aerolineas,LATAM,Desarrollo,,Shopping Insider / Feed AI,Shopping Insider / Feed AI,Shopping Insider,Analytics & Optimizacion Digital,Retail & Feed,CSA - Tech,Proyecto,Bajo,SI,Solo aplica a cuentas con e-commerce y feed de productos.,BLANCO,0.0,0.0,0.0,0.0,0.0,0.0,0.0,,,,,Nunca ofrecido,,True
LATAM AERLINES,LATAM Airlines,Travel & Aerolineas,LATAM,Desarrollo,,Consulting Ad Hoc,Consulting Ad Hoc,Consulting Ad Hoc,Consultoria & Ad Hoc,Consultoria Estrategica,CSA - Tech,Proyecto,Bajo,SI,Puerta de entrada. Alta frecuencia y bajo ticket.,BLANCO,0.0,0.0,0.0,0.0,0.0,0.0,0.0,,,,,Nunca ofrecido,,True
LATAM AERLINES,LATAM Airlines,Travel & Aerolineas,LATAM,Desarrollo,,Science Ad Hoc,Science Ad Hoc,Science Ad Hoc,Consultoria & Ad Hoc,Servicios Science,CSA - Science,Proyecto,Medio,SI,Bolsa de horas de data science.,BLANCO,0.0,0.0,0.0,0.0,0.0,0.0,0.0,,,,,Nunca ofrecido,,True
LATAM AERLINES,LATAM Airlines,Travel & Aerolineas,LATAM,Desarrollo,,Tech Services Ad Hoc,Tech Services Ad Hoc,Tech Services Ad Hoc,Consultoria & Ad Hoc,Servicios Tech,CSA - Tech,Proyecto,Bajo,SI,Bolsa de horas tecnicas.,BLANCO,0.0,0.0,0.0,0.0,0.0,0.0,0.0,,,,,Nunca ofrecido,,True
LATAM AERLINES,LATAM Airlines,Travel & Aerolineas,LATAM,Desarrollo,,ABCD Detector - Basic (20 Videos) per month,ABCD Detector,ABCD Detector,Creative Intelligence & GenAI,Creative Analytics,CSA - Tech,Recurrente,Bajo,SI,Diagnostico de creatividades en video. Ticket bajo = buen abrepuertas.,BLANCO,0.0,0.0,0.0,0.0,0.0,0.0,0.0,,,,,Nunca ofrecido,,True
LATAM AERLINES,LATAM Airlines,Travel & Aerolineas,LATAM,Desarrollo,,C-GenIA,C-GenIA,C-GenIA,Creative Intelligence & GenAI,Creative GenAI,CSA - Tech,Proyecto,Alto,SI,Version proyecto de generacion creativa.,BLANCO,0.0,0.0,0.0,0.0,0.0,0.0,0.0,,,,,Nunca ofrecido,,True
LATAM AERLINES,LATAM Airlines,Travel & Aerolineas,LATAM,Desarrollo,,C-GenIA - Basic (200 images) Annual Subscription,C-GenIA Basic Anual,C-GenIA Anual,Creative Intelligence & GenAI,Creative GenAI,CSA - Tech,Licencia,Medio,SI,Suscripcion anual 200 imagenes.,BLANCO,0.0,0.0,0.0,0.0,0.0,0.0,0.0,,,,,Nunca ofrecido,,True
LATAM AERLINES,LATAM Airlines,Travel & Aerolineas,LATAM,Desarrollo,,C-GenIA - Basic (200 images) per month,C-GenIA Basic Mensual,C-GenIA Mensual,Creative Intelligence & GenAI,Creative GenAI,CSA - Tech,Recurrente,Medio,SI,Suscripcion mensual 200 imagenes.,BLANCO,0.0,0.0,0.0,0.0,0.0,0.0,0.0,,,,,Nunca ofrecido,,True
LATAM AERLINES,LATAM Airlines,Travel & Aerolineas,LATAM,Desarrollo,,VIGenAIr,VIGenAIr,VIGenAIr,Creative Intelligence & GenAI,Video GenAI,CSA - Tech,Proyecto,Medio,SI,Reedicion de video con GenAI.,BLANCO,0.0,0.0,0.0,0.0,0.0,0.0,0.0,,,,,Nunca ofrecido,,True
LATAM AERLINES,LATAM Airlines,Travel & Aerolineas,LATAM,Desarrollo,,1PD Integration (until 15 sources) - Google,1PD Integration,1PD Integration,Data Collection & Activacion,First Party Data,CSA - Tech,Proyecto,Alto,SI,Requiere madurez de datos en la cuenta.,BLANCO,0.0,0.0,0.0,0.0,0.0,0.0,0.0,,,,,Nunca ofrecido,,True
LATAM AERLINES,LATAM Airlines,Travel & Aerolineas,LATAM,Desarrollo,,CAPI Automated Offline Integration with CRM,CAPI Offline CRM,CAPI Offline CRM,Data Collection & Activacion,Server-Side / CAPI,CSA - Tech,Proyecto,Medio,SI,Upsell natural sobre CAPI Gateway.,BLANCO,0.0,0.0,0.0,0.0,0.0,0.0,0.0,,,,,Nunca ofrecido,,True
LATAM AERLINES,LATAM Airlines,Travel & Aerolineas,LATAM,Desarrollo,,CAPI x Gateway by CSA - look for special ratecard,CAPI x Gateway,CAPI x Gateway,Data Collection & Activacion,Server-Side / CAPI,CSA - Tech,Recurrente,Bajo,SI,Anclaje tecnico recurrente. Alto win rate.,BLANCO,0.0,0.0,0.0,0.0,0.0,0.0,0.0,,,,,Nunca ofrecido,,True
LATAM AERLINES,LATAM Airlines,Travel & Aerolineas,LATAM,Desarrollo,,Performance Powered Conversions (ECL),Performance Powered Conversions (ECL),Perf. Powered Conv.,Data Collection & Activacion,Conversiones Avanzadas,CSA - Tech,Proyecto,Bajo,SI,Enhanced Conversions for Leads.,BLANCO,0.0,0.0,0.0,0.0,0.0,0.0,0.0,,,,,Nunca ofrecido,,True
LATAM AERLINES,LATAM Airlines,Travel & Aerolineas,LATAM,Desarrollo,,Licencias GA4 360,Licencias GA4 360,Licencias GA4 360,Licencias & Plataformas,Licencias Analytics,CSA - Tech,Licencia,Alto,SI,Renovacion anual. Revisar ciclo de contrato.,BLANCO,0.0,0.0,0.0,0.0,0.0,0.0,0.0,,,,,Nunca ofrecido,,True
LATAM AERLINES,LATAM Airlines,Travel & Aerolineas,LATAM,Desarrollo,,Licencias SA/DV360,Licencias SA/DV360,Licencias SA/DV360,Licencias & Plataformas,Licencias Media,CSA - Tech,Licencia,Alto,SI,Search Ads 360 / Display & Video 360.,BLANCO,0.0,0.0,0.0,0.0,0.0,0.0,0.0,,,,,Nunca ofrecido,,True
LATAM AERLINES,LATAM Airlines,Travel & Aerolineas,LATAM,Desarrollo,,People data fee Media,People Data Fee Media,People Data Fee,Licencias & Plataformas,Data Fee,CSA - Tech,Recurrente,Alto,SI,Fee recurrente asociado a media.,BLANCO,0.0,0.0,0.0,0.0,0.0,0.0,0.0,,,,,Nunca ofrecido,,True
LATAM AERLINES,LATAM Airlines,Travel & Aerolineas,LATAM,Desarrollo,,Curves Base contract: 4 channels/2 updates,Curves Base Contract,Curves Base,Measurement & Efectividad,Curvas de Inversion,CSA - Science,Recurrente,Medio,SI,Contrato base con actualizaciones periodicas.,BLANCO,0.0,0.0,0.0,0.0,0.0,0.0,0.0,,,,,Nunca ofrecido,,True
LATAM AERLINES,LATAM Airlines,Travel & Aerolineas,LATAM,Desarrollo,,Geolift,Geolift,Geolift,Measurement & Efectividad,Incrementalidad & Experimentos,CSA - Science,Proyecto,Bajo,SI,Test de incrementalidad geografica.,BLANCO,0.0,0.0,0.0,0.0,0.0,0.0,0.0,,,,,Nunca ofrecido,,True
LATAM AERLINES,LATAM Airlines,Travel & Aerolineas,LATAM,Desarrollo,,Investment Curves (by conversion:channel),Investment Curves,Investment Curves,Measurement & Efectividad,Curvas de Inversion,CSA - Science,Proyecto,Bajo,SI,Curvas de saturacion por canal.,BLANCO,0.0,0.0,0.0,0.0,0.0,0.0,0.0,,,,,Nunca ofrecido,,True
LATAM AERLINES,LATAM Airlines,Travel & Aerolineas,LATAM,Desarrollo,,MIM Bayesiano,MIM Bayesiano,MIM Bayesiano,Measurement & Efectividad,Marketing Mix Modeling,CSA - Science,Proyecto,Alto,SI,Modelo de inversion bayesiano.,BLANCO,0.0,0.0,0.0,0.0,0.0,0.0,0.0,,,,,Nunca ofrecido,,True
LATAM AERLINES,LATAM Airlines,Travel & Aerolineas,LATAM,Desarrollo,,MMM Marketing Mix Modeling (without data collection process),MMM Full,MMM Full,Measurement & Efectividad,Marketing Mix Modeling,CSA - Science,Proyecto,Alto,SI,MMM completo sin recoleccion de datos.,BLANCO,0.0,0.0,0.0,0.0,0.0,0.0,0.0,,,,,Nunca ofrecido,,True
LATAM AERLINES,LATAM Airlines,Travel & Aerolineas,LATAM,Desarrollo,,MMM Lite,MMM Lite,MMM Lite,Measurement & Efectividad,Marketing Mix Modeling,CSA - Science,Proyecto,Alto,SI,Version ligera de MMM. Entrada al mundo Science.,BLANCO,0.0,0.0,0.0,0.0,0.0,0.0,0.0,,,,,Nunca ofrecido,,True
LATAM AERLINES,LATAM Airlines,Travel & Aerolineas,LATAM,Desarrollo,,Meridian Google Founds,Meridian (Google Funds),Meridian,Measurement & Efectividad,Marketing Mix Modeling,CSA - Science,Proyecto,Alto,SI,Financiado por Google. Excelente puerta de entrada a Science.,BLANCO,0.0,0.0,0.0,0.0,0.0,0.0,0.0,,,,,Nunca ofrecido,,True
LATAM AERLINES,LATAM Airlines,Travel & Aerolineas,LATAM,Desarrollo,,Nested (MMM + BEM) without Data Collection,Nested (MMM + BEM),Nested MMM+BEM,Measurement & Efectividad,Marketing Mix Modeling,CSA - Science,Proyecto,Alto,SI,MMM anidado con Brand Equity Model.,EN_CURSO,1.0,0.0,0.0,1.0,0.0,31052.23,0.0,2026-07-30,2026-07-30,,Lead,En curso,PITCH,False
PARQUE ARAUCO,Parque Arauco,Real Estate & Malls,Parque Arauco,Estrategica,,Custom Bidding,Custom Bidding,Custom Bidding,Activacion & Bidding,Bidding Avanzado,CSA - Tech,Proyecto,Medio,SI,Requiere DV360 y senales propias.,BLANCO,0.0,0.0,0.0,0.0,0.0,0.0,0.0,,,,,Nunca ofrecido,,True
PARQUE ARAUCO,Parque Arauco,Real Estate & Malls,Parque Arauco,Estrategica,,BI Services,BI Services,BI Services,Analytics & Optimizacion Digital,Business Intelligence,CSA - Tech,Proyecto,Bajo,SI,Dashboards y visualizacion. Buen gancho para escalar.,BLANCO,0.0,0.0,0.0,0.0,0.0,0.0,0.0,,,,,Nunca ofrecido,,True
PARQUE ARAUCO,Parque Arauco,Real Estate & Malls,Parque Arauco,Estrategica,,Online Data Optimization - Basic,Online Data Optimization - Basic,ODO Basic,Analytics & Optimizacion Digital,Online Data Optimization,CSA - Tech,Proyecto,Bajo,SI,Version reducida de ODO.,BLANCO,0.0,0.0,0.0,0.0,0.0,0.0,0.0,,,,,Nunca ofrecido,,True
PARQUE ARAUCO,Parque Arauco,Real Estate & Malls,Parque Arauco,Estrategica,,Online Data Optimization - sites with E-commerce,Online Data Optimization - E-commerce,ODO E-commerce,Analytics & Optimizacion Digital,Online Data Optimization,CSA - Tech,Proyecto,Medio,SI,Auditoria y remediacion de medicion en sitios transaccionales.,BLANCO,0.0,0.0,0.0,0.0,0.0,0.0,0.0,,,,,Nunca ofrecido,,True
PARQUE ARAUCO,Parque Arauco,Real Estate & Malls,Parque Arauco,Estrategica,,Online Data Optimization - sites without E-commerce,Online Data Optimization - No E-commerce,ODO sin E-commerce,Analytics & Optimizacion Digital,Online Data Optimization,CSA - Tech,Proyecto,Bajo,SI,Version para sitios sin transaccion.,EN_PAUSA,1.0,0.0,0.0,1.0,0.0,3709.0,0.0,2026-06-15,2026-06-15,,En pausa,En pausa,PAUSA,False
PARQUE ARAUCO,Parque Arauco,Real Estate & Malls,Parque Arauco,Estrategica,,SEO,SEO,SEO,Analytics & Optimizacion Digital,SEO,CSA - Tech,Proyecto,Alto,SI,Ticket alto y ciclo de venta largo.,EN_CURSO,1.0,0.0,0.0,1.0,0.0,15188.59,0.0,2026-07-20,2026-07-20,,En pitch,En curso,PITCH,False
PARQUE ARAUCO,Parque Arauco,Real Estate & Malls,Parque Arauco,Estrategica,,Shopping Insider / Feed AI,Shopping Insider / Feed AI,Shopping Insider,Analytics & Optimizacion Digital,Retail & Feed,CSA - Tech,Proyecto,Bajo,SI,Solo aplica a cuentas con e-commerce y feed de productos.,BLANCO,0.0,0.0,0.0,0.0,0.0,0.0,0.0,,,,,Nunca ofrecido,,True
PARQUE ARAUCO,Parque Arauco,Real Estate & Malls,Parque Arauco,Estrategica,,Consulting Ad Hoc,Consulting Ad Hoc,Consulting Ad Hoc,Consultoria & Ad Hoc,Consultoria Estrategica,CSA - Tech,Proyecto,Bajo,SI,Puerta de entrada. Alta frecuencia y bajo ticket.,BLANCO,0.0,0.0,0.0,0.0,0.0,0.0,0.0,,,,,Nunca ofrecido,,True
PARQUE ARAUCO,Parque Arauco,Real Estate & Malls,Parque Arauco,Estrategica,,Science Ad Hoc,Science Ad Hoc,Science Ad Hoc,Consultoria & Ad Hoc,Servicios Science,CSA - Science,Proyecto,Medio,SI,Bolsa de horas de data science.,BLANCO,0.0,0.0,0.0,0.0,0.0,0.0,0.0,,,,,Nunca ofrecido,,True
PARQUE ARAUCO,Parque Arauco,Real Estate & Malls,Parque Arauco,Estrategica,,Tech Services Ad Hoc,Tech Services Ad Hoc,Tech Services Ad Hoc,Consultoria & Ad Hoc,Servicios Tech,CSA - Tech,Proyecto,Bajo,SI,Bolsa de horas tecnicas.,BLANCO,0.0,0.0,0.0,0.0,0.0,0.0,0.0,,,,,Nunca ofrecido,,True
PARQUE ARAUCO,Parque Arauco,Real Estate & Malls,Parque Arauco,Estrategica,,ABCD Detector - Basic (20 Videos) per month,ABCD Detector,ABCD Detector,Creative Intelligence & GenAI,Creative Analytics,CSA - Tech,Recurrente,Bajo,SI,Diagnostico de creatividades en video. Ticket bajo = buen abrepuertas.,BLANCO,0.0,0.0,0.0,0.0,0.0,0.0,0.0,,,,,Nunca ofrecido,,True
PARQUE ARAUCO,Parque Arauco,Real Estate & Malls,Parque Arauco,Estrategica,,C-GenIA,C-GenIA,C-GenIA,Creative Intelligence & GenAI,Creative GenAI,CSA - Tech,Proyecto,Alto,SI,Version proyecto de generacion creativa.,BLANCO,0.0,0.0,0.0,0.0,0.0,0.0,0.0,,,,,Nunca ofrecido,,True
PARQUE ARAUCO,Parque Arauco,Real Estate & Malls,Parque Arauco,Estrategica,,C-GenIA - Basic (200 images) Annual Subscription,C-GenIA Basic Anual,C-GenIA Anual,Creative Intelligence & GenAI,Creative GenAI,CSA - Tech,Licencia,Medio,SI,Suscripcion anual 200 imagenes.,EN_CURSO,1.0,0.0,0.0,1.0,0.0,9113.16,0.0,2026-04-27,2026-04-27,,En pitch,En curso,PITCH,False
PARQUE ARAUCO,Parque Arauco,Real Estate & Malls,Parque Arauco,Estrategica,,C-GenIA - Basic (200 images) per month,C-GenIA Basic Mensual,C-GenIA Mensual,Creative Intelligence & GenAI,Creative GenAI,CSA - Tech,Recurrente,Medio,SI,Suscripcion mensual 200 imagenes.,BLANCO,0.0,0.0,0.0,0.0,0.0,0.0,0.0,,,,,Nunca ofrecido,,True
PARQUE ARAUCO,Parque Arauco,Real Estate & Malls,Parque Arauco,Estrategica,,VIGenAIr,VIGenAIr,VIGenAIr,Creative Intelligence & GenAI,Video GenAI,CSA - Tech,Proyecto,Medio,SI,Reedicion de video con GenAI.,BLANCO,0.0,0.0,0.0,0.0,0.0,0.0,0.0,,,,,Nunca ofrecido,,True
PARQUE ARAUCO,Parque Arauco,Real Estate & Malls,Parque Arauco,Estrategica,,1PD Integration (until 15 sources) - Google,1PD Integration,1PD Integration,Data Collection & Activacion,First Party Data,CSA - Tech,Proyecto,Alto,SI,Requiere madurez de datos en la cuenta.,BLANCO,0.0,0.0,0.0,0.0,0.0,0.0,0.0,,,,,Nunca ofrecido,,True
PARQUE ARAUCO,Parque Arauco,Real Estate & Malls,Parque Arauco,Estrategica,,CAPI Automated Offline Integration with CRM,CAPI Offline CRM,CAPI Offline CRM,Data Collection & Activacion,Server-Side / CAPI,CSA - Tech,Proyecto,Medio,SI,Upsell natural sobre CAPI Gateway.,BLANCO,0.0,0.0,0.0,0.0,0.0,0.0,0.0,,,,,Nunca ofrecido,,True
PARQUE ARAUCO,Parque Arauco,Real Estate & Malls,Parque Arauco,Estrategica,,CAPI x Gateway by CSA - look for special ratecard,CAPI x Gateway,CAPI x Gateway,Data Collection & Activacion,Server-Side / CAPI,CSA - Tech,Recurrente,Bajo,SI,Anclaje tecnico recurrente. Alto win rate.,BLANCO,0.0,0.0,0.0,0.0,0.0,0.0,0.0,,,,,Nunca ofrecido,,True
PARQUE ARAUCO,Parque Arauco,Real Estate & Malls,Parque Arauco,Estrategica,,Performance Powered Conversions (ECL),Performance Powered Conversions (ECL),Perf. Powered Conv.,Data Collection & Activacion,Conversiones Avanzadas,CSA - Tech,Proyecto,Bajo,SI,Enhanced Conversions for Leads.,BLANCO,0.0,0.0,0.0,0.0,0.0,0.0,0.0,,,,,Nunca ofrecido,,True
PARQUE ARAUCO,Parque Arauco,Real Estate & Malls,Parque Arauco,Estrategica,,Licencias GA4 360,Licencias GA4 360,Licencias GA4 360,Licencias & Plataformas,Licencias Analytics,CSA - Tech,Licencia,Alto,SI,Renovacion anual. Revisar ciclo de contrato.,BLANCO,0.0,0.0,0.0,0.0,0.0,0.0,0.0,,,,,Nunca ofrecido,,True
PARQUE ARAUCO,Parque Arauco,Real Estate & Malls,Parque Arauco,Estrategica,,Licencias SA/DV360,Licencias SA/DV360,Licencias SA/DV360,Licencias & Plataformas,Licencias Media,CSA - Tech,Licencia,Alto,SI,Search Ads 360 / Display & Video 360.,BLANCO,0.0,0.0,0.0,0.0,0.0,0.0,0.0,,,,,Nunca ofrecido,,True
PARQUE ARAUCO,Parque Arauco,Real Estate & Malls,Parque Arauco,Estrategica,,People data fee Media,People Data Fee Media,People Data Fee,Licencias & Plataformas,Data Fee,CSA - Tech,Recurrente,Alto,SI,Fee recurrente asociado a media.,EJECUTADO,2.0,2.0,0.0,0.0,41879.9,0.0,0.0,2026-01-01,2026-01-01,,Ganado,Ejecutado,EJEC,False
PARQUE ARAUCO,Parque Arauco,Real Estate & Malls,Parque Arauco,Estrategica,,Curves Base contract: 4 channels/2 updates,Curves Base Contract,Curves Base,Measurement & Efectividad,Curvas de Inversion,CSA - Science,Recurrente,Medio,SI,Contrato base con actualizaciones periodicas.,BLANCO,0.0,0.0,0.0,0.0,0.0,0.0,0.0,,,,,Nunca ofrecido,,True
PARQUE ARAUCO,Parque Arauco,Real Estate & Malls,Parque Arauco,Estrategica,,Geolift,Geolift,Geolift,Measurement & Efectividad,Incrementalidad & Experimentos,CSA - Science,Proyecto,Bajo,SI,Test de incrementalidad geografica.,BLANCO,0.0,0.0,0.0,0.0,0.0,0.0,0.0,,,,,Nunca ofrecido,,True
PARQUE ARAUCO,Parque Arauco,Real Estate & Malls,Parque Arauco,Estrategica,,Investment Curves (by conversion:channel),Investment Curves,Investment Curves,Measurement & Efectividad,Curvas de Inversion,CSA - Science,Proyecto,Bajo,SI,Curvas de saturacion por canal.,BLANCO,0.0,0.0,0.0,0.0,0.0,0.0,0.0,,,,,Nunca ofrecido,,True
PARQUE ARAUCO,Parque Arauco,Real Estate & Malls,Parque Arauco,Estrategica,,MIM Bayesiano,MIM Bayesiano,MIM Bayesiano,Measurement & Efectividad,Marketing Mix Modeling,CSA - Science,Proyecto,Alto,SI,Modelo de inversion bayesiano.,BLANCO,0.0,0.0,0.0,0.0,0.0,0.0,0.0,,,,,Nunca ofrecido,,True
PARQUE ARAUCO,Parque Arauco,Real Estate & Malls,Parque Arauco,Estrategica,,MMM Marketing Mix Modeling (without data collection process),MMM Full,MMM Full,Measurement & Efectividad,Marketing Mix Modeling,CSA - Science,Proyecto,Alto,SI,MMM completo sin recoleccion de datos.,BLANCO,0.0,0.0,0.0,0.0,0.0,0.0,0.0,,,,,Nunca ofrecido,,True
PARQUE ARAUCO,Parque Arauco,Real Estate & Malls,Parque Arauco,Estrategica,,MMM Lite,MMM Lite,MMM Lite,Measurement & Efectividad,Marketing Mix Modeling,CSA - Science,Proyecto,Alto,SI,Version ligera de MMM. Entrada al mundo Science.,BLANCO,0.0,0.0,0.0,0.0,0.0,0.0,0.0,,,,,Nunca ofrecido,,True
PARQUE ARAUCO,Parque Arauco,Real Estate & Malls,Parque Arauco,Estrategica,,Meridian Google Founds,Meridian (Google Funds),Meridian,Measurement & Efectividad,Marketing Mix Modeling,CSA - Science,Proyecto,Alto,SI,Financiado por Google. Excelente puerta de entrada a Science.,BLANCO,0.0,0.0,0.0,0.0,0.0,0.0,0.0,,,,,Nunca ofrecido,,True
PARQUE ARAUCO,Parque Arauco,Real Estate & Malls,Parque Arauco,Estrategica,,Nested (MMM + BEM) without Data Collection,Nested (MMM + BEM),Nested MMM+BEM,Measurement & Efectividad,Marketing Mix Modeling,CSA - Science,Proyecto,Alto,SI,MMM anidado con Brand Equity Model.,BLANCO,0.0,0.0,0.0,0.0,0.0,0.0,0.0,,,,,Nunca ofrecido,,True
PC FACTORY,PC Factory,Retail Electro,PC Factory,Emergente,,Custom Bidding,Custom Bidding,Custom Bidding,Activacion & Bidding,Bidding Avanzado,CSA - Tech,Proyecto,Medio,SI,Requiere DV360 y senales propias.,BLANCO,0.0,0.0,0.0,0.0,0.0,0.0,0.0,,,,,Nunca ofrecido,,True
PC FACTORY,PC Factory,Retail Electro,PC Factory,Emergente,,BI Services,BI Services,BI Services,Analytics & Optimizacion Digital,Business Intelligence,CSA - Tech,Proyecto,Bajo,SI,Dashboards y visualizacion. Buen gancho para escalar.,BLANCO,0.0,0.0,0.0,0.0,0.0,0.0,0.0,,,,,Nunca ofrecido,,True
PC FACTORY,PC Factory,Retail Electro,PC Factory,Emergente,,Online Data Optimization - Basic,Online Data Optimization - Basic,ODO Basic,Analytics & Optimizacion Digital,Online Data Optimization,CSA - Tech,Proyecto,Bajo,SI,Version reducida de ODO.,BLANCO,0.0,0.0,0.0,0.0,0.0,0.0,0.0,,,,,Nunca ofrecido,,True
PC FACTORY,PC Factory,Retail Electro,PC Factory,Emergente,,Online Data Optimization - sites with E-commerce,Online Data Optimization - E-commerce,ODO E-commerce,Analytics & Optimizacion Digital,Online Data Optimization,CSA - Tech,Proyecto,Medio,SI,Auditoria y remediacion de medicion en sitios transaccionales.,BLANCO,0.0,0.0,0.0,0.0,0.0,0.0,0.0,,,,,Nunca ofrecido,,True
PC FACTORY,PC Factory,Retail Electro,PC Factory,Emergente,,Online Data Optimization - sites without E-commerce,Online Data Optimization - No E-commerce,ODO sin E-commerce,Analytics & Optimizacion Digital,Online Data Optimization,CSA - Tech,Proyecto,Bajo,SI,Version para sitios sin transaccion.,BLANCO,0.0,0.0,0.0,0.0,0.0,0.0,0.0,,,,,Nunca ofrecido,,True
PC FACTORY,PC Factory,Retail Electro,PC Factory,Emergente,,SEO,SEO,SEO,Analytics & Optimizacion Digital,SEO,CSA - Tech,Proyecto,Alto,SI,Ticket alto y ciclo de venta largo.,BLANCO,0.0,0.0,0.0,0.0,0.0,0.0,0.0,,,,,Nunca ofrecido,,True
PC FACTORY,PC Factory,Retail Electro,PC Factory,Emergente,,Shopping Insider / Feed AI,Shopping Insider / Feed AI,Shopping Insider,Analytics & Optimizacion Digital,Retail & Feed,CSA - Tech,Proyecto,Bajo,SI,Solo aplica a cuentas con e-commerce y feed de productos.,BLANCO,0.0,0.0,0.0,0.0,0.0,0.0,0.0,,,,,Nunca ofrecido,,True
PC FACTORY,PC Factory,Retail Electro,PC Factory,Emergente,,Consulting Ad Hoc,Consulting Ad Hoc,Consulting Ad Hoc,Consultoria & Ad Hoc,Consultoria Estrategica,CSA - Tech,Proyecto,Bajo,SI,Puerta de entrada. Alta frecuencia y bajo ticket.,BLANCO,0.0,0.0,0.0,0.0,0.0,0.0,0.0,,,,,Nunca ofrecido,,True
PC FACTORY,PC Factory,Retail Electro,PC Factory,Emergente,,Science Ad Hoc,Science Ad Hoc,Science Ad Hoc,Consultoria & Ad Hoc,Servicios Science,CSA - Science,Proyecto,Medio,SI,Bolsa de horas de data science.,BLANCO,0.0,0.0,0.0,0.0,0.0,0.0,0.0,,,,,Nunca ofrecido,,True
PC FACTORY,PC Factory,Retail Electro,PC Factory,Emergente,,Tech Services Ad Hoc,Tech Services Ad Hoc,Tech Services Ad Hoc,Consultoria & Ad Hoc,Servicios Tech,CSA - Tech,Proyecto,Bajo,SI,Bolsa de horas tecnicas.,PERDIDO,1.0,0.0,1.0,0.0,0.0,0.0,4991.52,2026-03-30,2026-03-30,2026-03-30,Perdido,Ofrecido y perdido,PERD,False
PC FACTORY,PC Factory,Retail Electro,PC Factory,Emergente,,ABCD Detector - Basic (20 Videos) per month,ABCD Detector,ABCD Detector,Creative Intelligence & GenAI,Creative Analytics,CSA - Tech,Recurrente,Bajo,SI,Diagnostico de creatividades en video. Ticket bajo = buen abrepuertas.,EN_CURSO,1.0,0.0,0.0,1.0,0.0,3431.1,0.0,2026-04-23,2026-04-23,,En pitch,En curso,PITCH,False
PC FACTORY,PC Factory,Retail Electro,PC Factory,Emergente,,C-GenIA,C-GenIA,C-GenIA,Creative Intelligence & GenAI,Creative GenAI,CSA - Tech,Proyecto,Alto,SI,Version proyecto de generacion creativa.,BLANCO,0.0,0.0,0.0,0.0,0.0,0.0,0.0,,,,,Nunca ofrecido,,True
PC FACTORY,PC Factory,Retail Electro,PC Factory,Emergente,,C-GenIA - Basic (200 images) Annual Subscription,C-GenIA Basic Anual,C-GenIA Anual,Creative Intelligence & GenAI,Creative GenAI,CSA - Tech,Licencia,Medio,SI,Suscripcion anual 200 imagenes.,BLANCO,0.0,0.0,0.0,0.0,0.0,0.0,0.0,,,,,Nunca ofrecido,,True
PC FACTORY,PC Factory,Retail Electro,PC Factory,Emergente,,C-GenIA - Basic (200 images) per month,C-GenIA Basic Mensual,C-GenIA Mensual,Creative Intelligence & GenAI,Creative GenAI,CSA - Tech,Recurrente,Medio,SI,Suscripcion mensual 200 imagenes.,BLANCO,0.0,0.0,0.0,0.0,0.0,0.0,0.0,,,,,Nunca ofrecido,,True
PC FACTORY,PC Factory,Retail Electro,PC Factory,Emergente,,VIGenAIr,VIGenAIr,VIGenAIr,Creative Intelligence & GenAI,Video GenAI,CSA - Tech,Proyecto,Medio,SI,Reedicion de video con GenAI.,BLANCO,0.0,0.0,0.0,0.0,0.0,0.0,0.0,,,,,Nunca ofrecido,,True
PC FACTORY,PC Factory,Retail Electro,PC Factory,Emergente,,1PD Integration (until 15 sources) - Google,1PD Integration,1PD Integration,Data Collection & Activacion,First Party Data,CSA - Tech,Proyecto,Alto,SI,Requiere madurez de datos en la cuenta.,BLANCO,0.0,0.0,0.0,0.0,0.0,0.0,0.0,,,,,Nunca ofrecido,,True
PC FACTORY,PC Factory,Retail Electro,PC Factory,Emergente,,CAPI Automated Offline Integration with CRM,CAPI Offline CRM,CAPI Offline CRM,Data Collection & Activacion,Server-Side / CAPI,CSA - Tech,Proyecto,Medio,SI,Upsell natural sobre CAPI Gateway.,BLANCO,0.0,0.0,0.0,0.0,0.0,0.0,0.0,,,,,Nunca ofrecido,,True
PC FACTORY,PC Factory,Retail Electro,PC Factory,Emergente,,CAPI x Gateway by CSA - look for special ratecard,CAPI x Gateway,CAPI x Gateway,Data Collection & Activacion,Server-Side / CAPI,CSA - Tech,Recurrente,Bajo,SI,Anclaje tecnico recurrente. Alto win rate.,BLANCO,0.0,0.0,0.0,0.0,0.0,0.0,0.0,,,,,Nunca ofrecido,,True
PC FACTORY,PC Factory,Retail Electro,PC Factory,Emergente,,Performance Powered Conversions (ECL),Performance Powered Conversions (ECL),Perf. Powered Conv.,Data Collection & Activacion,Conversiones Avanzadas,CSA - Tech,Proyecto,Bajo,SI,Enhanced Conversions for Leads.,BLANCO,0.0,0.0,0.0,0.0,0.0,0.0,0.0,,,,,Nunca ofrecido,,True
PC FACTORY,PC Factory,Retail Electro,PC Factory,Emergente,,Licencias GA4 360,Licencias GA4 360,Licencias GA4 360,Licencias & Plataformas,Licencias Analytics,CSA - Tech,Licencia,Alto,SI,Renovacion anual. Revisar ciclo de contrato.,BLANCO,0.0,0.0,0.0,0.0,0.0,0.0,0.0,,,,,Nunca ofrecido,,True
PC FACTORY,PC Factory,Retail Electro,PC Factory,Emergente,,Licencias SA/DV360,Licencias SA/DV360,Licencias SA/DV360,Licencias & Plataformas,Licencias Media,CSA - Tech,Licencia,Alto,SI,Search Ads 360 / Display & Video 360.,BLANCO,0.0,0.0,0.0,0.0,0.0,0.0,0.0,,,,,Nunca ofrecido,,True
PC FACTORY,PC Factory,Retail Electro,PC Factory,Emergente,,People data fee Media,People Data Fee Media,People Data Fee,Licencias & Plataformas,Data Fee,CSA - Tech,Recurrente,Alto,SI,Fee recurrente asociado a media.,BLANCO,0.0,0.0,0.0,0.0,0.0,0.0,0.0,,,,,Nunca ofrecido,,True
PC FACTORY,PC Factory,Retail Electro,PC Factory,Emergente,,Curves Base contract: 4 channels/2 updates,Curves Base Contract,Curves Base,Measurement & Efectividad,Curvas de Inversion,CSA - Science,Recurrente,Medio,SI,Contrato base con actualizaciones periodicas.,BLANCO,0.0,0.0,0.0,0.0,0.0,0.0,0.0,,,,,Nunca ofrecido,,True
PC FACTORY,PC Factory,Retail Electro,PC Factory,Emergente,,Geolift,Geolift,Geolift,Measurement & Efectividad,Incrementalidad & Experimentos,CSA - Science,Proyecto,Bajo,SI,Test de incrementalidad geografica.,BLANCO,0.0,0.0,0.0,0.0,0.0,0.0,0.0,,,,,Nunca ofrecido,,True
PC FACTORY,PC Factory,Retail Electro,PC Factory,Emergente,,Investment Curves (by conversion:channel),Investment Curves,Investment Curves,Measurement & Efectividad,Curvas de Inversion,CSA - Science,Proyecto,Bajo,SI,Curvas de saturacion por canal.,BLANCO,0.0,0.0,0.0,0.0,0.0,0.0,0.0,,,,,Nunca ofrecido,,True
PC FACTORY,PC Factory,Retail Electro,PC Factory,Emergente,,MIM Bayesiano,MIM Bayesiano,MIM Bayesiano,Measurement & Efectividad,Marketing Mix Modeling,CSA - Science,Proyecto,Alto,SI,Modelo de inversion bayesiano.,BLANCO,0.0,0.0,0.0,0.0,0.0,0.0,0.0,,,,,Nunca ofrecido,,True
PC FACTORY,PC Factory,Retail Electro,PC Factory,Emergente,,MMM Marketing Mix Modeling (without data collection process),MMM Full,MMM Full,Measurement & Efectividad,Marketing Mix Modeling,CSA - Science,Proyecto,Alto,SI,MMM completo sin recoleccion de datos.,BLANCO,0.0,0.0,0.0,0.0,0.0,0.0,0.0,,,,,Nunca ofrecido,,True
PC FACTORY,PC Factory,Retail Electro,PC Factory,Emergente,,MMM Lite,MMM Lite,MMM Lite,Measurement & Efectividad,Marketing Mix Modeling,CSA - Science,Proyecto,Alto,SI,Version ligera de MMM. Entrada al mundo Science.,BLANCO,0.0,0.0,0.0,0.0,0.0,0.0,0.0,,,,,Nunca ofrecido,,True
PC FACTORY,PC Factory,Retail Electro,PC Factory,Emergente,,Meridian Google Founds,Meridian (Google Funds),Meridian,Measurement & Efectividad,Marketing Mix Modeling,CSA - Science,Proyecto,Alto,SI,Financiado por Google. Excelente puerta de entrada a Science.,BLANCO,0.0,0.0,0.0,0.0,0.0,0.0,0.0,,,,,Nunca ofrecido,,True
PC FACTORY,PC Factory,Retail Electro,PC Factory,Emergente,,Nested (MMM + BEM) without Data Collection,Nested (MMM + BEM),Nested MMM+BEM,Measurement & Efectividad,Marketing Mix Modeling,CSA - Science,Proyecto,Alto,SI,MMM anidado con Brand Equity Model.,BLANCO,0.0,0.0,0.0,0.0,0.0,0.0,0.0,,,,,Nunca ofrecido,,True
PJ CHILE SPA,PJ Chile SpA,Food & QSR,PJ Chile,Emergente,,Custom Bidding,Custom Bidding,Custom Bidding,Activacion & Bidding,Bidding Avanzado,CSA - Tech,Proyecto,Medio,SI,Requiere DV360 y senales propias.,BLANCO,0.0,0.0,0.0,0.0,0.0,0.0,0.0,,,,,Nunca ofrecido,,True
PJ CHILE SPA,PJ Chile SpA,Food & QSR,PJ Chile,Emergente,,BI Services,BI Services,BI Services,Analytics & Optimizacion Digital,Business Intelligence,CSA - Tech,Proyecto,Bajo,SI,Dashboards y visualizacion. Buen gancho para escalar.,BLANCO,0.0,0.0,0.0,0.0,0.0,0.0,0.0,,,,,Nunca ofrecido,,True
PJ CHILE SPA,PJ Chile SpA,Food & QSR,PJ Chile,Emergente,,Online Data Optimization - Basic,Online Data Optimization - Basic,ODO Basic,Analytics & Optimizacion Digital,Online Data Optimization,CSA - Tech,Proyecto,Bajo,SI,Version reducida de ODO.,BLANCO,0.0,0.0,0.0,0.0,0.0,0.0,0.0,,,,,Nunca ofrecido,,True
PJ CHILE SPA,PJ Chile SpA,Food & QSR,PJ Chile,Emergente,,Online Data Optimization - sites with E-commerce,Online Data Optimization - E-commerce,ODO E-commerce,Analytics & Optimizacion Digital,Online Data Optimization,CSA - Tech,Proyecto,Medio,SI,Auditoria y remediacion de medicion en sitios transaccionales.,BLANCO,0.0,0.0,0.0,0.0,0.0,0.0,0.0,,,,,Nunca ofrecido,,True
PJ CHILE SPA,PJ Chile SpA,Food & QSR,PJ Chile,Emergente,,Online Data Optimization - sites without E-commerce,Online Data Optimization - No E-commerce,ODO sin E-commerce,Analytics & Optimizacion Digital,Online Data Optimization,CSA - Tech,Proyecto,Bajo,SI,Version para sitios sin transaccion.,BLANCO,0.0,0.0,0.0,0.0,0.0,0.0,0.0,,,,,Nunca ofrecido,,True
PJ CHILE SPA,PJ Chile SpA,Food & QSR,PJ Chile,Emergente,,SEO,SEO,SEO,Analytics & Optimizacion Digital,SEO,CSA - Tech,Proyecto,Alto,SI,Ticket alto y ciclo de venta largo.,BLANCO,0.0,0.0,0.0,0.0,0.0,0.0,0.0,,,,,Nunca ofrecido,,True
PJ CHILE SPA,PJ Chile SpA,Food & QSR,PJ Chile,Emergente,,Shopping Insider / Feed AI,Shopping Insider / Feed AI,Shopping Insider,Analytics & Optimizacion Digital,Retail & Feed,CSA - Tech,Proyecto,Bajo,SI,Solo aplica a cuentas con e-commerce y feed de productos.,BLANCO,0.0,0.0,0.0,0.0,0.0,0.0,0.0,,,,,Nunca ofrecido,,True
PJ CHILE SPA,PJ Chile SpA,Food & QSR,PJ Chile,Emergente,,Consulting Ad Hoc,Consulting Ad Hoc,Consulting Ad Hoc,Consultoria & Ad Hoc,Consultoria Estrategica,CSA - Tech,Proyecto,Bajo,SI,Puerta de entrada. Alta frecuencia y bajo ticket.,BLANCO,0.0,0.0,0.0,0.0,0.0,0.0,0.0,,,,,Nunca ofrecido,,True
PJ CHILE SPA,PJ Chile SpA,Food & QSR,PJ Chile,Emergente,,Science Ad Hoc,Science Ad Hoc,Science Ad Hoc,Consultoria & Ad Hoc,Servicios Science,CSA - Science,Proyecto,Medio,SI,Bolsa de horas de data science.,BLANCO,0.0,0.0,0.0,0.0,0.0,0.0,0.0,,,,,Nunca ofrecido,,True
PJ CHILE SPA,PJ Chile SpA,Food & QSR,PJ Chile,Emergente,,Tech Services Ad Hoc,Tech Services Ad Hoc,Tech Services Ad Hoc,Consultoria & Ad Hoc,Servicios Tech,CSA - Tech,Proyecto,Bajo,SI,Bolsa de horas tecnicas.,PERDIDO,1.0,0.0,1.0,0.0,0.0,0.0,2489.09,2026-05-29,2026-05-29,2026-05-29,Perdido,Ofrecido y perdido,PERD,False
PJ CHILE SPA,PJ Chile SpA,Food & QSR,PJ Chile,Emergente,,ABCD Detector - Basic (20 Videos) per month,ABCD Detector,ABCD Detector,Creative Intelligence & GenAI,Creative Analytics,CSA - Tech,Recurrente,Bajo,SI,Diagnostico de creatividades en video. Ticket bajo = buen abrepuertas.,BLANCO,0.0,0.0,0.0,0.0,0.0,0.0,0.0,,,,,Nunca ofrecido,,True
PJ CHILE SPA,PJ Chile SpA,Food & QSR,PJ Chile,Emergente,,C-GenIA,C-GenIA,C-GenIA,Creative Intelligence & GenAI,Creative GenAI,CSA - Tech,Proyecto,Alto,SI,Version proyecto de generacion creativa.,BLANCO,0.0,0.0,0.0,0.0,0.0,0.0,0.0,,,,,Nunca ofrecido,,True
PJ CHILE SPA,PJ Chile SpA,Food & QSR,PJ Chile,Emergente,,C-GenIA - Basic (200 images) Annual Subscription,C-GenIA Basic Anual,C-GenIA Anual,Creative Intelligence & GenAI,Creative GenAI,CSA - Tech,Licencia,Medio,SI,Suscripcion anual 200 imagenes.,BLANCO,0.0,0.0,0.0,0.0,0.0,0.0,0.0,,,,,Nunca ofrecido,,True
PJ CHILE SPA,PJ Chile SpA,Food & QSR,PJ Chile,Emergente,,C-GenIA - Basic (200 images) per month,C-GenIA Basic Mensual,C-GenIA Mensual,Creative Intelligence & GenAI,Creative GenAI,CSA - Tech,Recurrente,Medio,SI,Suscripcion mensual 200 imagenes.,BLANCO,0.0,0.0,0.0,0.0,0.0,0.0,0.0,,,,,Nunca ofrecido,,True
PJ CHILE SPA,PJ Chile SpA,Food & QSR,PJ Chile,Emergente,,VIGenAIr,VIGenAIr,VIGenAIr,Creative Intelligence & GenAI,Video GenAI,CSA - Tech,Proyecto,Medio,SI,Reedicion de video con GenAI.,BLANCO,0.0,0.0,0.0,0.0,0.0,0.0,0.0,,,,,Nunca ofrecido,,True
PJ CHILE SPA,PJ Chile SpA,Food & QSR,PJ Chile,Emergente,,1PD Integration (until 15 sources) - Google,1PD Integration,1PD Integration,Data Collection & Activacion,First Party Data,CSA - Tech,Proyecto,Alto,SI,Requiere madurez de datos en la cuenta.,BLANCO,0.0,0.0,0.0,0.0,0.0,0.0,0.0,,,,,Nunca ofrecido,,True
PJ CHILE SPA,PJ Chile SpA,Food & QSR,PJ Chile,Emergente,,CAPI Automated Offline Integration with CRM,CAPI Offline CRM,CAPI Offline CRM,Data Collection & Activacion,Server-Side / CAPI,CSA - Tech,Proyecto,Medio,SI,Upsell natural sobre CAPI Gateway.,BLANCO,0.0,0.0,0.0,0.0,0.0,0.0,0.0,,,,,Nunca ofrecido,,True
PJ CHILE SPA,PJ Chile SpA,Food & QSR,PJ Chile,Emergente,,CAPI x Gateway by CSA - look for special ratecard,CAPI x Gateway,CAPI x Gateway,Data Collection & Activacion,Server-Side / CAPI,CSA - Tech,Recurrente,Bajo,SI,Anclaje tecnico recurrente. Alto win rate.,BLANCO,0.0,0.0,0.0,0.0,0.0,0.0,0.0,,,,,Nunca ofrecido,,True
PJ CHILE SPA,PJ Chile SpA,Food & QSR,PJ Chile,Emergente,,Performance Powered Conversions (ECL),Performance Powered Conversions (ECL),Perf. Powered Conv.,Data Collection & Activacion,Conversiones Avanzadas,CSA - Tech,Proyecto,Bajo,SI,Enhanced Conversions for Leads.,BLANCO,0.0,0.0,0.0,0.0,0.0,0.0,0.0,,,,,Nunca ofrecido,,True
PJ CHILE SPA,PJ Chile SpA,Food & QSR,PJ Chile,Emergente,,Licencias GA4 360,Licencias GA4 360,Licencias GA4 360,Licencias & Plataformas,Licencias Analytics,CSA - Tech,Licencia,Alto,SI,Renovacion anual. Revisar ciclo de contrato.,BLANCO,0.0,0.0,0.0,0.0,0.0,0.0,0.0,,,,,Nunca ofrecido,,True
PJ CHILE SPA,PJ Chile SpA,Food & QSR,PJ Chile,Emergente,,Licencias SA/DV360,Licencias SA/DV360,Licencias SA/DV360,Licencias & Plataformas,Licencias Media,CSA - Tech,Licencia,Alto,SI,Search Ads 360 / Display & Video 360.,BLANCO,0.0,0.0,0.0,0.0,0.0,0.0,0.0,,,,,Nunca ofrecido,,True
PJ CHILE SPA,PJ Chile SpA,Food & QSR,PJ Chile,Emergente,,People data fee Media,People Data Fee Media,People Data Fee,Licencias & Plataformas,Data Fee,CSA - Tech,Recurrente,Alto,SI,Fee recurrente asociado a media.,BLANCO,0.0,0.0,0.0,0.0,0.0,0.0,0.0,,,,,Nunca ofrecido,,True
PJ CHILE SPA,PJ Chile SpA,Food & QSR,PJ Chile,Emergente,,Curves Base contract: 4 channels/2 updates,Curves Base Contract,Curves Base,Measurement & Efectividad,Curvas de Inversion,CSA - Science,Recurrente,Medio,SI,Contrato base con actualizaciones periodicas.,BLANCO,0.0,0.0,0.0,0.0,0.0,0.0,0.0,,,,,Nunca ofrecido,,True
PJ CHILE SPA,PJ Chile SpA,Food & QSR,PJ Chile,Emergente,,Geolift,Geolift,Geolift,Measurement & Efectividad,Incrementalidad & Experimentos,CSA - Science,Proyecto,Bajo,SI,Test de incrementalidad geografica.,BLANCO,0.0,0.0,0.0,0.0,0.0,0.0,0.0,,,,,Nunca ofrecido,,True
PJ CHILE SPA,PJ Chile SpA,Food & QSR,PJ Chile,Emergente,,Investment Curves (by conversion:channel),Investment Curves,Investment Curves,Measurement & Efectividad,Curvas de Inversion,CSA - Science,Proyecto,Bajo,SI,Curvas de saturacion por canal.,BLANCO,0.0,0.0,0.0,0.0,0.0,0.0,0.0,,,,,Nunca ofrecido,,True
PJ CHILE SPA,PJ Chile SpA,Food & QSR,PJ Chile,Emergente,,MIM Bayesiano,MIM Bayesiano,MIM Bayesiano,Measurement & Efectividad,Marketing Mix Modeling,CSA - Science,Proyecto,Alto,SI,Modelo de inversion bayesiano.,BLANCO,0.0,0.0,0.0,0.0,0.0,0.0,0.0,,,,,Nunca ofrecido,,True
PJ CHILE SPA,PJ Chile SpA,Food & QSR,PJ Chile,Emergente,,MMM Marketing Mix Modeling (without data collection process),MMM Full,MMM Full,Measurement & Efectividad,Marketing Mix Modeling,CSA - Science,Proyecto,Alto,SI,MMM completo sin recoleccion de datos.,BLANCO,0.0,0.0,0.0,0.0,0.0,0.0,0.0,,,,,Nunca ofrecido,,True
PJ CHILE SPA,PJ Chile SpA,Food & QSR,PJ Chile,Emergente,,MMM Lite,MMM Lite,MMM Lite,Measurement & Efectividad,Marketing Mix Modeling,CSA - Science,Proyecto,Alto,SI,Version ligera de MMM. Entrada al mundo Science.,BLANCO,0.0,0.0,0.0,0.0,0.0,0.0,0.0,,,,,Nunca ofrecido,,True
PJ CHILE SPA,PJ Chile SpA,Food & QSR,PJ Chile,Emergente,,Meridian Google Founds,Meridian (Google Funds),Meridian,Measurement & Efectividad,Marketing Mix Modeling,CSA - Science,Proyecto,Alto,SI,Financiado por Google. Excelente puerta de entrada a Science.,BLANCO,0.0,0.0,0.0,0.0,0.0,0.0,0.0,,,,,Nunca ofrecido,,True
PJ CHILE SPA,PJ Chile SpA,Food & QSR,PJ Chile,Emergente,,Nested (MMM + BEM) without Data Collection,Nested (MMM + BEM),Nested MMM+BEM,Measurement & Efectividad,Marketing Mix Modeling,CSA - Science,Proyecto,Alto,SI,MMM anidado con Brand Equity Model.,BLANCO,0.0,0.0,0.0,0.0,0.0,0.0,0.0,,,,,Nunca ofrecido,,True
POLLA,Polla Chilena,Juegos & Entretenimiento,Polla,Emergente,,Custom Bidding,Custom Bidding,Custom Bidding,Activacion & Bidding,Bidding Avanzado,CSA - Tech,Proyecto,Medio,SI,Requiere DV360 y senales propias.,BLANCO,0.0,0.0,0.0,0.0,0.0,0.0,0.0,,,,,Nunca ofrecido,,True
POLLA,Polla Chilena,Juegos & Entretenimiento,Polla,Emergente,,BI Services,BI Services,BI Services,Analytics & Optimizacion Digital,Business Intelligence,CSA - Tech,Proyecto,Bajo,SI,Dashboards y visualizacion. Buen gancho para escalar.,BLANCO,0.0,0.0,0.0,0.0,0.0,0.0,0.0,,,,,Nunca ofrecido,,True
POLLA,Polla Chilena,Juegos & Entretenimiento,Polla,Emergente,,Online Data Optimization - Basic,Online Data Optimization - Basic,ODO Basic,Analytics & Optimizacion Digital,Online Data Optimization,CSA - Tech,Proyecto,Bajo,SI,Version reducida de ODO.,BLANCO,0.0,0.0,0.0,0.0,0.0,0.0,0.0,,,,,Nunca ofrecido,,True
POLLA,Polla Chilena,Juegos & Entretenimiento,Polla,Emergente,,Online Data Optimization - sites with E-commerce,Online Data Optimization - E-commerce,ODO E-commerce,Analytics & Optimizacion Digital,Online Data Optimization,CSA - Tech,Proyecto,Medio,SI,Auditoria y remediacion de medicion en sitios transaccionales.,EN_PAUSA,1.0,0.0,0.0,1.0,0.0,6027.0,0.0,2026-06-15,2026-06-15,,En pausa,En pausa,PAUSA,False
POLLA,Polla Chilena,Juegos & Entretenimiento,Polla,Emergente,,Online Data Optimization - sites without E-commerce,Online Data Optimization - No E-commerce,ODO sin E-commerce,Analytics & Optimizacion Digital,Online Data Optimization,CSA - Tech,Proyecto,Bajo,SI,Version para sitios sin transaccion.,BLANCO,0.0,0.0,0.0,0.0,0.0,0.0,0.0,,,,,Nunca ofrecido,,True
POLLA,Polla Chilena,Juegos & Entretenimiento,Polla,Emergente,,SEO,SEO,SEO,Analytics & Optimizacion Digital,SEO,CSA - Tech,Proyecto,Alto,SI,Ticket alto y ciclo de venta largo.,BLANCO,0.0,0.0,0.0,0.0,0.0,0.0,0.0,,,,,Nunca ofrecido,,True
POLLA,Polla Chilena,Juegos & Entretenimiento,Polla,Emergente,,Shopping Insider / Feed AI,Shopping Insider / Feed AI,Shopping Insider,Analytics & Optimizacion Digital,Retail & Feed,CSA - Tech,Proyecto,Bajo,SI,Solo aplica a cuentas con e-commerce y feed de productos.,BLANCO,0.0,0.0,0.0,0.0,0.0,0.0,0.0,,,,,Nunca ofrecido,,True
POLLA,Polla Chilena,Juegos & Entretenimiento,Polla,Emergente,,Consulting Ad Hoc,Consulting Ad Hoc,Consulting Ad Hoc,Consultoria & Ad Hoc,Consultoria Estrategica,CSA - Tech,Proyecto,Bajo,SI,Puerta de entrada. Alta frecuencia y bajo ticket.,EN_CURSO,1.0,0.0,0.0,1.0,0.0,10969.54,0.0,2026-06-15,2026-06-15,,Prospectado,En curso,PITCH,False
POLLA,Polla Chilena,Juegos & Entretenimiento,Polla,Emergente,,Science Ad Hoc,Science Ad Hoc,Science Ad Hoc,Consultoria & Ad Hoc,Servicios Science,CSA - Science,Proyecto,Medio,SI,Bolsa de horas de data science.,BLANCO,0.0,0.0,0.0,0.0,0.0,0.0,0.0,,,,,Nunca ofrecido,,True
POLLA,Polla Chilena,Juegos & Entretenimiento,Polla,Emergente,,Tech Services Ad Hoc,Tech Services Ad Hoc,Tech Services Ad Hoc,Consultoria & Ad Hoc,Servicios Tech,CSA - Tech,Proyecto,Bajo,SI,Bolsa de horas tecnicas.,BLANCO,0.0,0.0,0.0,0.0,0.0,0.0,0.0,,,,,Nunca ofrecido,,True
POLLA,Polla Chilena,Juegos & Entretenimiento,Polla,Emergente,,ABCD Detector - Basic (20 Videos) per month,ABCD Detector,ABCD Detector,Creative Intelligence & GenAI,Creative Analytics,CSA - Tech,Recurrente,Bajo,SI,Diagnostico de creatividades en video. Ticket bajo = buen abrepuertas.,BLANCO,0.0,0.0,0.0,0.0,0.0,0.0,0.0,,,,,Nunca ofrecido,,True
POLLA,Polla Chilena,Juegos & Entretenimiento,Polla,Emergente,,C-GenIA,C-GenIA,C-GenIA,Creative Intelligence & GenAI,Creative GenAI,CSA - Tech,Proyecto,Alto,SI,Version proyecto de generacion creativa.,BLANCO,0.0,0.0,0.0,0.0,0.0,0.0,0.0,,,,,Nunca ofrecido,,True
POLLA,Polla Chilena,Juegos & Entretenimiento,Polla,Emergente,,C-GenIA - Basic (200 images) Annual Subscription,C-GenIA Basic Anual,C-GenIA Anual,Creative Intelligence & GenAI,Creative GenAI,CSA - Tech,Licencia,Medio,SI,Suscripcion anual 200 imagenes.,BLANCO,0.0,0.0,0.0,0.0,0.0,0.0,0.0,,,,,Nunca ofrecido,,True
POLLA,Polla Chilena,Juegos & Entretenimiento,Polla,Emergente,,C-GenIA - Basic (200 images) per month,C-GenIA Basic Mensual,C-GenIA Mensual,Creative Intelligence & GenAI,Creative GenAI,CSA - Tech,Recurrente,Medio,SI,Suscripcion mensual 200 imagenes.,BLANCO,0.0,0.0,0.0,0.0,0.0,0.0,0.0,,,,,Nunca ofrecido,,True
POLLA,Polla Chilena,Juegos & Entretenimiento,Polla,Emergente,,VIGenAIr,VIGenAIr,VIGenAIr,Creative Intelligence & GenAI,Video GenAI,CSA - Tech,Proyecto,Medio,SI,Reedicion de video con GenAI.,BLANCO,0.0,0.0,0.0,0.0,0.0,0.0,0.0,,,,,Nunca ofrecido,,True
POLLA,Polla Chilena,Juegos & Entretenimiento,Polla,Emergente,,1PD Integration (until 15 sources) - Google,1PD Integration,1PD Integration,Data Collection & Activacion,First Party Data,CSA - Tech,Proyecto,Alto,SI,Requiere madurez de datos en la cuenta.,BLANCO,0.0,0.0,0.0,0.0,0.0,0.0,0.0,,,,,Nunca ofrecido,,True
POLLA,Polla Chilena,Juegos & Entretenimiento,Polla,Emergente,,CAPI Automated Offline Integration with CRM,CAPI Offline CRM,CAPI Offline CRM,Data Collection & Activacion,Server-Side / CAPI,CSA - Tech,Proyecto,Medio,SI,Upsell natural sobre CAPI Gateway.,BLANCO,0.0,0.0,0.0,0.0,0.0,0.0,0.0,,,,,Nunca ofrecido,,True
POLLA,Polla Chilena,Juegos & Entretenimiento,Polla,Emergente,,CAPI x Gateway by CSA - look for special ratecard,CAPI x Gateway,CAPI x Gateway,Data Collection & Activacion,Server-Side / CAPI,CSA - Tech,Recurrente,Bajo,SI,Anclaje tecnico recurrente. Alto win rate.,BLANCO,0.0,0.0,0.0,0.0,0.0,0.0,0.0,,,,,Nunca ofrecido,,True
POLLA,Polla Chilena,Juegos & Entretenimiento,Polla,Emergente,,Performance Powered Conversions (ECL),Performance Powered Conversions (ECL),Perf. Powered Conv.,Data Collection & Activacion,Conversiones Avanzadas,CSA - Tech,Proyecto,Bajo,SI,Enhanced Conversions for Leads.,BLANCO,0.0,0.0,0.0,0.0,0.0,0.0,0.0,,,,,Nunca ofrecido,,True
POLLA,Polla Chilena,Juegos & Entretenimiento,Polla,Emergente,,Licencias GA4 360,Licencias GA4 360,Licencias GA4 360,Licencias & Plataformas,Licencias Analytics,CSA - Tech,Licencia,Alto,SI,Renovacion anual. Revisar ciclo de contrato.,BLANCO,0.0,0.0,0.0,0.0,0.0,0.0,0.0,,,,,Nunca ofrecido,,True
POLLA,Polla Chilena,Juegos & Entretenimiento,Polla,Emergente,,Licencias SA/DV360,Licencias SA/DV360,Licencias SA/DV360,Licencias & Plataformas,Licencias Media,CSA - Tech,Licencia,Alto,SI,Search Ads 360 / Display & Video 360.,BLANCO,0.0,0.0,0.0,0.0,0.0,0.0,0.0,,,,,Nunca ofrecido,,True
POLLA,Polla Chilena,Juegos & Entretenimiento,Polla,Emergente,,People data fee Media,People Data Fee Media,People Data Fee,Licencias & Plataformas,Data Fee,CSA - Tech,Recurrente,Alto,SI,Fee recurrente asociado a media.,BLANCO,0.0,0.0,0.0,0.0,0.0,0.0,0.0,,,,,Nunca ofrecido,,True
POLLA,Polla Chilena,Juegos & Entretenimiento,Polla,Emergente,,Curves Base contract: 4 channels/2 updates,Curves Base Contract,Curves Base,Measurement & Efectividad,Curvas de Inversion,CSA - Science,Recurrente,Medio,SI,Contrato base con actualizaciones periodicas.,BLANCO,0.0,0.0,0.0,0.0,0.0,0.0,0.0,,,,,Nunca ofrecido,,True
POLLA,Polla Chilena,Juegos & Entretenimiento,Polla,Emergente,,Geolift,Geolift,Geolift,Measurement & Efectividad,Incrementalidad & Experimentos,CSA - Science,Proyecto,Bajo,SI,Test de incrementalidad geografica.,BLANCO,0.0,0.0,0.0,0.0,0.0,0.0,0.0,,,,,Nunca ofrecido,,True
POLLA,Polla Chilena,Juegos & Entretenimiento,Polla,Emergente,,Investment Curves (by conversion:channel),Investment Curves,Investment Curves,Measurement & Efectividad,Curvas de Inversion,CSA - Science,Proyecto,Bajo,SI,Curvas de saturacion por canal.,BLANCO,0.0,0.0,0.0,0.0,0.0,0.0,0.0,,,,,Nunca ofrecido,,True
POLLA,Polla Chilena,Juegos & Entretenimiento,Polla,Emergente,,MIM Bayesiano,MIM Bayesiano,MIM Bayesiano,Measurement & Efectividad,Marketing Mix Modeling,CSA - Science,Proyecto,Alto,SI,Modelo de inversion bayesiano.,BLANCO,0.0,0.0,0.0,0.0,0.0,0.0,0.0,,,,,Nunca ofrecido,,True
POLLA,Polla Chilena,Juegos & Entretenimiento,Polla,Emergente,,MMM Marketing Mix Modeling (without data collection process),MMM Full,MMM Full,Measurement & Efectividad,Marketing Mix Modeling,CSA - Science,Proyecto,Alto,SI,MMM completo sin recoleccion de datos.,BLANCO,0.0,0.0,0.0,0.0,0.0,0.0,0.0,,,,,Nunca ofrecido,,True
POLLA,Polla Chilena,Juegos & Entretenimiento,Polla,Emergente,,MMM Lite,MMM Lite,MMM Lite,Measurement & Efectividad,Marketing Mix Modeling,CSA - Science,Proyecto,Alto,SI,Version ligera de MMM. Entrada al mundo Science.,BLANCO,0.0,0.0,0.0,0.0,0.0,0.0,0.0,,,,,Nunca ofrecido,,True
POLLA,Polla Chilena,Juegos & Entretenimiento,Polla,Emergente,,Meridian Google Founds,Meridian (Google Funds),Meridian,Measurement & Efectividad,Marketing Mix Modeling,CSA - Science,Proyecto,Alto,SI,Financiado por Google. Excelente puerta de entrada a Science.,BLANCO,0.0,0.0,0.0,0.0,0.0,0.0,0.0,,,,,Nunca ofrecido,,True
POLLA,Polla Chilena,Juegos & Entretenimiento,Polla,Emergente,,Nested (MMM + BEM) without Data Collection,Nested (MMM + BEM),Nested MMM+BEM,Measurement & Efectividad,Marketing Mix Modeling,CSA - Science,Proyecto,Alto,SI,MMM anidado con Brand Equity Model.,BLANCO,0.0,0.0,0.0,0.0,0.0,0.0,0.0,,,,,Nunca ofrecido,,True
PORSCHE GROUP,Porsche Group,Automotriz,Porsche,Desarrollo,,Custom Bidding,Custom Bidding,Custom Bidding,Activacion & Bidding,Bidding Avanzado,CSA - Tech,Proyecto,Medio,SI,Requiere DV360 y senales propias.,BLANCO,0.0,0.0,0.0,0.0,0.0,0.0,0.0,,,,,Nunca ofrecido,,True
PORSCHE GROUP,Porsche Group,Automotriz,Porsche,Desarrollo,,BI Services,BI Services,BI Services,Analytics & Optimizacion Digital,Business Intelligence,CSA - Tech,Proyecto,Bajo,SI,Dashboards y visualizacion. Buen gancho para escalar.,BLANCO,0.0,0.0,0.0,0.0,0.0,0.0,0.0,,,,,Nunca ofrecido,,True
PORSCHE GROUP,Porsche Group,Automotriz,Porsche,Desarrollo,,Online Data Optimization - Basic,Online Data Optimization - Basic,ODO Basic,Analytics & Optimizacion Digital,Online Data Optimization,CSA - Tech,Proyecto,Bajo,SI,Version reducida de ODO.,BLANCO,0.0,0.0,0.0,0.0,0.0,0.0,0.0,,,,,Nunca ofrecido,,True
PORSCHE GROUP,Porsche Group,Automotriz,Porsche,Desarrollo,,Online Data Optimization - sites with E-commerce,Online Data Optimization - E-commerce,ODO E-commerce,Analytics & Optimizacion Digital,Online Data Optimization,CSA - Tech,Proyecto,Medio,SI,Auditoria y remediacion de medicion en sitios transaccionales.,BLANCO,0.0,0.0,0.0,0.0,0.0,0.0,0.0,,,,,Nunca ofrecido,,True
PORSCHE GROUP,Porsche Group,Automotriz,Porsche,Desarrollo,,Online Data Optimization - sites without E-commerce,Online Data Optimization - No E-commerce,ODO sin E-commerce,Analytics & Optimizacion Digital,Online Data Optimization,CSA - Tech,Proyecto,Bajo,SI,Version para sitios sin transaccion.,BLANCO,0.0,0.0,0.0,0.0,0.0,0.0,0.0,,,,,Nunca ofrecido,,True
PORSCHE GROUP,Porsche Group,Automotriz,Porsche,Desarrollo,,SEO,SEO,SEO,Analytics & Optimizacion Digital,SEO,CSA - Tech,Proyecto,Alto,SI,Ticket alto y ciclo de venta largo.,BLANCO,0.0,0.0,0.0,0.0,0.0,0.0,0.0,,,,,Nunca ofrecido,,True
PORSCHE GROUP,Porsche Group,Automotriz,Porsche,Desarrollo,,Shopping Insider / Feed AI,Shopping Insider / Feed AI,Shopping Insider,Analytics & Optimizacion Digital,Retail & Feed,CSA - Tech,Proyecto,Bajo,SI,Solo aplica a cuentas con e-commerce y feed de productos.,BLANCO,0.0,0.0,0.0,0.0,0.0,0.0,0.0,,,,,Nunca ofrecido,,True
PORSCHE GROUP,Porsche Group,Automotriz,Porsche,Desarrollo,,Consulting Ad Hoc,Consulting Ad Hoc,Consulting Ad Hoc,Consultoria & Ad Hoc,Consultoria Estrategica,CSA - Tech,Proyecto,Bajo,SI,Puerta de entrada. Alta frecuencia y bajo ticket.,EJECUTADO,1.0,1.0,0.0,0.0,7662.9,0.0,0.0,2026-01-01,2026-01-01,,Ganado,Ejecutado,EJEC,False
PORSCHE GROUP,Porsche Group,Automotriz,Porsche,Desarrollo,,Science Ad Hoc,Science Ad Hoc,Science Ad Hoc,Consultoria & Ad Hoc,Servicios Science,CSA - Science,Proyecto,Medio,SI,Bolsa de horas de data science.,BLANCO,0.0,0.0,0.0,0.0,0.0,0.0,0.0,,,,,Nunca ofrecido,,True
PORSCHE GROUP,Porsche Group,Automotriz,Porsche,Desarrollo,,Tech Services Ad Hoc,Tech Services Ad Hoc,Tech Services Ad Hoc,Consultoria & Ad Hoc,Servicios Tech,CSA - Tech,Proyecto,Bajo,SI,Bolsa de horas tecnicas.,BLANCO,0.0,0.0,0.0,0.0,0.0,0.0,0.0,,,,,Nunca ofrecido,,True
PORSCHE GROUP,Porsche Group,Automotriz,Porsche,Desarrollo,,ABCD Detector - Basic (20 Videos) per month,ABCD Detector,ABCD Detector,Creative Intelligence & GenAI,Creative Analytics,CSA - Tech,Recurrente,Bajo,SI,Diagnostico de creatividades en video. Ticket bajo = buen abrepuertas.,BLANCO,0.0,0.0,0.0,0.0,0.0,0.0,0.0,,,,,Nunca ofrecido,,True
PORSCHE GROUP,Porsche Group,Automotriz,Porsche,Desarrollo,,C-GenIA,C-GenIA,C-GenIA,Creative Intelligence & GenAI,Creative GenAI,CSA - Tech,Proyecto,Alto,SI,Version proyecto de generacion creativa.,BLANCO,0.0,0.0,0.0,0.0,0.0,0.0,0.0,,,,,Nunca ofrecido,,True
PORSCHE GROUP,Porsche Group,Automotriz,Porsche,Desarrollo,,C-GenIA - Basic (200 images) Annual Subscription,C-GenIA Basic Anual,C-GenIA Anual,Creative Intelligence & GenAI,Creative GenAI,CSA - Tech,Licencia,Medio,SI,Suscripcion anual 200 imagenes.,BLANCO,0.0,0.0,0.0,0.0,0.0,0.0,0.0,,,,,Nunca ofrecido,,True
PORSCHE GROUP,Porsche Group,Automotriz,Porsche,Desarrollo,,C-GenIA - Basic (200 images) per month,C-GenIA Basic Mensual,C-GenIA Mensual,Creative Intelligence & GenAI,Creative GenAI,CSA - Tech,Recurrente,Medio,SI,Suscripcion mensual 200 imagenes.,BLANCO,0.0,0.0,0.0,0.0,0.0,0.0,0.0,,,,,Nunca ofrecido,,True
PORSCHE GROUP,Porsche Group,Automotriz,Porsche,Desarrollo,,VIGenAIr,VIGenAIr,VIGenAIr,Creative Intelligence & GenAI,Video GenAI,CSA - Tech,Proyecto,Medio,SI,Reedicion de video con GenAI.,BLANCO,0.0,0.0,0.0,0.0,0.0,0.0,0.0,,,,,Nunca ofrecido,,True
PORSCHE GROUP,Porsche Group,Automotriz,Porsche,Desarrollo,,1PD Integration (until 15 sources) - Google,1PD Integration,1PD Integration,Data Collection & Activacion,First Party Data,CSA - Tech,Proyecto,Alto,SI,Requiere madurez de datos en la cuenta.,BLANCO,0.0,0.0,0.0,0.0,0.0,0.0,0.0,,,,,Nunca ofrecido,,True
PORSCHE GROUP,Porsche Group,Automotriz,Porsche,Desarrollo,,CAPI Automated Offline Integration with CRM,CAPI Offline CRM,CAPI Offline CRM,Data Collection & Activacion,Server-Side / CAPI,CSA - Tech,Proyecto,Medio,SI,Upsell natural sobre CAPI Gateway.,BLANCO,0.0,0.0,0.0,0.0,0.0,0.0,0.0,,,,,Nunca ofrecido,,True
PORSCHE GROUP,Porsche Group,Automotriz,Porsche,Desarrollo,,CAPI x Gateway by CSA - look for special ratecard,CAPI x Gateway,CAPI x Gateway,Data Collection & Activacion,Server-Side / CAPI,CSA - Tech,Recurrente,Bajo,SI,Anclaje tecnico recurrente. Alto win rate.,BLANCO,0.0,0.0,0.0,0.0,0.0,0.0,0.0,,,,,Nunca ofrecido,,True
PORSCHE GROUP,Porsche Group,Automotriz,Porsche,Desarrollo,,Performance Powered Conversions (ECL),Performance Powered Conversions (ECL),Perf. Powered Conv.,Data Collection & Activacion,Conversiones Avanzadas,CSA - Tech,Proyecto,Bajo,SI,Enhanced Conversions for Leads.,BLANCO,0.0,0.0,0.0,0.0,0.0,0.0,0.0,,,,,Nunca ofrecido,,True
PORSCHE GROUP,Porsche Group,Automotriz,Porsche,Desarrollo,,Licencias GA4 360,Licencias GA4 360,Licencias GA4 360,Licencias & Plataformas,Licencias Analytics,CSA - Tech,Licencia,Alto,SI,Renovacion anual. Revisar ciclo de contrato.,BLANCO,0.0,0.0,0.0,0.0,0.0,0.0,0.0,,,,,Nunca ofrecido,,True
PORSCHE GROUP,Porsche Group,Automotriz,Porsche,Desarrollo,,Licencias SA/DV360,Licencias SA/DV360,Licencias SA/DV360,Licencias & Plataformas,Licencias Media,CSA - Tech,Licencia,Alto,SI,Search Ads 360 / Display & Video 360.,BLANCO,0.0,0.0,0.0,0.0,0.0,0.0,0.0,,,,,Nunca ofrecido,,True
PORSCHE GROUP,Porsche Group,Automotriz,Porsche,Desarrollo,,People data fee Media,People Data Fee Media,People Data Fee,Licencias & Plataformas,Data Fee,CSA - Tech,Recurrente,Alto,SI,Fee recurrente asociado a media.,BLANCO,0.0,0.0,0.0,0.0,0.0,0.0,0.0,,,,,Nunca ofrecido,,True
PORSCHE GROUP,Porsche Group,Automotriz,Porsche,Desarrollo,,Curves Base contract: 4 channels/2 updates,Curves Base Contract,Curves Base,Measurement & Efectividad,Curvas de Inversion,CSA - Science,Recurrente,Medio,SI,Contrato base con actualizaciones periodicas.,BLANCO,0.0,0.0,0.0,0.0,0.0,0.0,0.0,,,,,Nunca ofrecido,,True
PORSCHE GROUP,Porsche Group,Automotriz,Porsche,Desarrollo,,Geolift,Geolift,Geolift,Measurement & Efectividad,Incrementalidad & Experimentos,CSA - Science,Proyecto,Bajo,SI,Test de incrementalidad geografica.,BLANCO,0.0,0.0,0.0,0.0,0.0,0.0,0.0,,,,,Nunca ofrecido,,True
PORSCHE GROUP,Porsche Group,Automotriz,Porsche,Desarrollo,,Investment Curves (by conversion:channel),Investment Curves,Investment Curves,Measurement & Efectividad,Curvas de Inversion,CSA - Science,Proyecto,Bajo,SI,Curvas de saturacion por canal.,BLANCO,0.0,0.0,0.0,0.0,0.0,0.0,0.0,,,,,Nunca ofrecido,,True
PORSCHE GROUP,Porsche Group,Automotriz,Porsche,Desarrollo,,MIM Bayesiano,MIM Bayesiano,MIM Bayesiano,Measurement & Efectividad,Marketing Mix Modeling,CSA - Science,Proyecto,Alto,SI,Modelo de inversion bayesiano.,BLANCO,0.0,0.0,0.0,0.0,0.0,0.0,0.0,,,,,Nunca ofrecido,,True
PORSCHE GROUP,Porsche Group,Automotriz,Porsche,Desarrollo,,MMM Marketing Mix Modeling (without data collection process),MMM Full,MMM Full,Measurement & Efectividad,Marketing Mix Modeling,CSA - Science,Proyecto,Alto,SI,MMM completo sin recoleccion de datos.,BLANCO,0.0,0.0,0.0,0.0,0.0,0.0,0.0,,,,,Nunca ofrecido,,True
PORSCHE GROUP,Porsche Group,Automotriz,Porsche,Desarrollo,,MMM Lite,MMM Lite,MMM Lite,Measurement & Efectividad,Marketing Mix Modeling,CSA - Science,Proyecto,Alto,SI,Version ligera de MMM. Entrada al mundo Science.,BLANCO,0.0,0.0,0.0,0.0,0.0,0.0,0.0,,,,,Nunca ofrecido,,True
PORSCHE GROUP,Porsche Group,Automotriz,Porsche,Desarrollo,,Meridian Google Founds,Meridian (Google Funds),Meridian,Measurement & Efectividad,Marketing Mix Modeling,CSA - Science,Proyecto,Alto,SI,Financiado por Google. Excelente puerta de entrada a Science.,BLANCO,0.0,0.0,0.0,0.0,0.0,0.0,0.0,,,,,Nunca ofrecido,,True
PORSCHE GROUP,Porsche Group,Automotriz,Porsche,Desarrollo,,Nested (MMM + BEM) without Data Collection,Nested (MMM + BEM),Nested MMM+BEM,Measurement & Efectividad,Marketing Mix Modeling,CSA - Science,Proyecto,Alto,SI,MMM anidado con Brand Equity Model.,BLANCO,0.0,0.0,0.0,0.0,0.0,0.0,0.0,,,,,Nunca ofrecido,,True
RECKITT,Reckitt,CPG Cuidado Personal,Reckitt,Emergente,,Custom Bidding,Custom Bidding,Custom Bidding,Activacion & Bidding,Bidding Avanzado,CSA - Tech,Proyecto,Medio,SI,Requiere DV360 y senales propias.,BLANCO,0.0,0.0,0.0,0.0,0.0,0.0,0.0,,,,,Nunca ofrecido,,True
RECKITT,Reckitt,CPG Cuidado Personal,Reckitt,Emergente,,BI Services,BI Services,BI Services,Analytics & Optimizacion Digital,Business Intelligence,CSA - Tech,Proyecto,Bajo,SI,Dashboards y visualizacion. Buen gancho para escalar.,BLANCO,0.0,0.0,0.0,0.0,0.0,0.0,0.0,,,,,Nunca ofrecido,,True
RECKITT,Reckitt,CPG Cuidado Personal,Reckitt,Emergente,,Online Data Optimization - Basic,Online Data Optimization - Basic,ODO Basic,Analytics & Optimizacion Digital,Online Data Optimization,CSA - Tech,Proyecto,Bajo,SI,Version reducida de ODO.,BLANCO,0.0,0.0,0.0,0.0,0.0,0.0,0.0,,,,,Nunca ofrecido,,True
RECKITT,Reckitt,CPG Cuidado Personal,Reckitt,Emergente,,Online Data Optimization - sites with E-commerce,Online Data Optimization - E-commerce,ODO E-commerce,Analytics & Optimizacion Digital,Online Data Optimization,CSA - Tech,Proyecto,Medio,SI,Auditoria y remediacion de medicion en sitios transaccionales.,BLANCO,0.0,0.0,0.0,0.0,0.0,0.0,0.0,,,,,Nunca ofrecido,,True
RECKITT,Reckitt,CPG Cuidado Personal,Reckitt,Emergente,,Online Data Optimization - sites without E-commerce,Online Data Optimization - No E-commerce,ODO sin E-commerce,Analytics & Optimizacion Digital,Online Data Optimization,CSA - Tech,Proyecto,Bajo,SI,Version para sitios sin transaccion.,BLANCO,0.0,0.0,0.0,0.0,0.0,0.0,0.0,,,,,Nunca ofrecido,,True
RECKITT,Reckitt,CPG Cuidado Personal,Reckitt,Emergente,,SEO,SEO,SEO,Analytics & Optimizacion Digital,SEO,CSA - Tech,Proyecto,Alto,SI,Ticket alto y ciclo de venta largo.,EN_CURSO,1.0,0.0,0.0,1.0,0.0,5084.74,0.0,2026-08-06,2026-08-06,,En pitch,En curso,PITCH,False
RECKITT,Reckitt,CPG Cuidado Personal,Reckitt,Emergente,,Shopping Insider / Feed AI,Shopping Insider / Feed AI,Shopping Insider,Analytics & Optimizacion Digital,Retail & Feed,CSA - Tech,Proyecto,Bajo,SI,Solo aplica a cuentas con e-commerce y feed de productos.,BLANCO,0.0,0.0,0.0,0.0,0.0,0.0,0.0,,,,,Nunca ofrecido,,True
RECKITT,Reckitt,CPG Cuidado Personal,Reckitt,Emergente,,Consulting Ad Hoc,Consulting Ad Hoc,Consulting Ad Hoc,Consultoria & Ad Hoc,Consultoria Estrategica,CSA - Tech,Proyecto,Bajo,SI,Puerta de entrada. Alta frecuencia y bajo ticket.,BLANCO,0.0,0.0,0.0,0.0,0.0,0.0,0.0,,,,,Nunca ofrecido,,True
RECKITT,Reckitt,CPG Cuidado Personal,Reckitt,Emergente,,Science Ad Hoc,Science Ad Hoc,Science Ad Hoc,Consultoria & Ad Hoc,Servicios Science,CSA - Science,Proyecto,Medio,SI,Bolsa de horas de data science.,BLANCO,0.0,0.0,0.0,0.0,0.0,0.0,0.0,,,,,Nunca ofrecido,,True
RECKITT,Reckitt,CPG Cuidado Personal,Reckitt,Emergente,,Tech Services Ad Hoc,Tech Services Ad Hoc,Tech Services Ad Hoc,Consultoria & Ad Hoc,Servicios Tech,CSA - Tech,Proyecto,Bajo,SI,Bolsa de horas tecnicas.,BLANCO,0.0,0.0,0.0,0.0,0.0,0.0,0.0,,,,,Nunca ofrecido,,True
RECKITT,Reckitt,CPG Cuidado Personal,Reckitt,Emergente,,ABCD Detector - Basic (20 Videos) per month,ABCD Detector,ABCD Detector,Creative Intelligence & GenAI,Creative Analytics,CSA - Tech,Recurrente,Bajo,SI,Diagnostico de creatividades en video. Ticket bajo = buen abrepuertas.,BLANCO,0.0,0.0,0.0,0.0,0.0,0.0,0.0,,,,,Nunca ofrecido,,True
RECKITT,Reckitt,CPG Cuidado Personal,Reckitt,Emergente,,C-GenIA,C-GenIA,C-GenIA,Creative Intelligence & GenAI,Creative GenAI,CSA - Tech,Proyecto,Alto,SI,Version proyecto de generacion creativa.,BLANCO,0.0,0.0,0.0,0.0,0.0,0.0,0.0,,,,,Nunca ofrecido,,True
RECKITT,Reckitt,CPG Cuidado Personal,Reckitt,Emergente,,C-GenIA - Basic (200 images) Annual Subscription,C-GenIA Basic Anual,C-GenIA Anual,Creative Intelligence & GenAI,Creative GenAI,CSA - Tech,Licencia,Medio,SI,Suscripcion anual 200 imagenes.,BLANCO,0.0,0.0,0.0,0.0,0.0,0.0,0.0,,,,,Nunca ofrecido,,True
RECKITT,Reckitt,CPG Cuidado Personal,Reckitt,Emergente,,C-GenIA - Basic (200 images) per month,C-GenIA Basic Mensual,C-GenIA Mensual,Creative Intelligence & GenAI,Creative GenAI,CSA - Tech,Recurrente,Medio,SI,Suscripcion mensual 200 imagenes.,BLANCO,0.0,0.0,0.0,0.0,0.0,0.0,0.0,,,,,Nunca ofrecido,,True
RECKITT,Reckitt,CPG Cuidado Personal,Reckitt,Emergente,,VIGenAIr,VIGenAIr,VIGenAIr,Creative Intelligence & GenAI,Video GenAI,CSA - Tech,Proyecto,Medio,SI,Reedicion de video con GenAI.,BLANCO,0.0,0.0,0.0,0.0,0.0,0.0,0.0,,,,,Nunca ofrecido,,True
RECKITT,Reckitt,CPG Cuidado Personal,Reckitt,Emergente,,1PD Integration (until 15 sources) - Google,1PD Integration,1PD Integration,Data Collection & Activacion,First Party Data,CSA - Tech,Proyecto,Alto,SI,Requiere madurez de datos en la cuenta.,BLANCO,0.0,0.0,0.0,0.0,0.0,0.0,0.0,,,,,Nunca ofrecido,,True
RECKITT,Reckitt,CPG Cuidado Personal,Reckitt,Emergente,,CAPI Automated Offline Integration with CRM,CAPI Offline CRM,CAPI Offline CRM,Data Collection & Activacion,Server-Side / CAPI,CSA - Tech,Proyecto,Medio,SI,Upsell natural sobre CAPI Gateway.,BLANCO,0.0,0.0,0.0,0.0,0.0,0.0,0.0,,,,,Nunca ofrecido,,True
RECKITT,Reckitt,CPG Cuidado Personal,Reckitt,Emergente,,CAPI x Gateway by CSA - look for special ratecard,CAPI x Gateway,CAPI x Gateway,Data Collection & Activacion,Server-Side / CAPI,CSA - Tech,Recurrente,Bajo,SI,Anclaje tecnico recurrente. Alto win rate.,BLANCO,0.0,0.0,0.0,0.0,0.0,0.0,0.0,,,,,Nunca ofrecido,,True
RECKITT,Reckitt,CPG Cuidado Personal,Reckitt,Emergente,,Performance Powered Conversions (ECL),Performance Powered Conversions (ECL),Perf. Powered Conv.,Data Collection & Activacion,Conversiones Avanzadas,CSA - Tech,Proyecto,Bajo,SI,Enhanced Conversions for Leads.,BLANCO,0.0,0.0,0.0,0.0,0.0,0.0,0.0,,,,,Nunca ofrecido,,True
RECKITT,Reckitt,CPG Cuidado Personal,Reckitt,Emergente,,Licencias GA4 360,Licencias GA4 360,Licencias GA4 360,Licencias & Plataformas,Licencias Analytics,CSA - Tech,Licencia,Alto,SI,Renovacion anual. Revisar ciclo de contrato.,BLANCO,0.0,0.0,0.0,0.0,0.0,0.0,0.0,,,,,Nunca ofrecido,,True
RECKITT,Reckitt,CPG Cuidado Personal,Reckitt,Emergente,,Licencias SA/DV360,Licencias SA/DV360,Licencias SA/DV360,Licencias & Plataformas,Licencias Media,CSA - Tech,Licencia,Alto,SI,Search Ads 360 / Display & Video 360.,BLANCO,0.0,0.0,0.0,0.0,0.0,0.0,0.0,,,,,Nunca ofrecido,,True
RECKITT,Reckitt,CPG Cuidado Personal,Reckitt,Emergente,,People data fee Media,People Data Fee Media,People Data Fee,Licencias & Plataformas,Data Fee,CSA - Tech,Recurrente,Alto,SI,Fee recurrente asociado a media.,BLANCO,0.0,0.0,0.0,0.0,0.0,0.0,0.0,,,,,Nunca ofrecido,,True
RECKITT,Reckitt,CPG Cuidado Personal,Reckitt,Emergente,,Curves Base contract: 4 channels/2 updates,Curves Base Contract,Curves Base,Measurement & Efectividad,Curvas de Inversion,CSA - Science,Recurrente,Medio,SI,Contrato base con actualizaciones periodicas.,BLANCO,0.0,0.0,0.0,0.0,0.0,0.0,0.0,,,,,Nunca ofrecido,,True
RECKITT,Reckitt,CPG Cuidado Personal,Reckitt,Emergente,,Geolift,Geolift,Geolift,Measurement & Efectividad,Incrementalidad & Experimentos,CSA - Science,Proyecto,Bajo,SI,Test de incrementalidad geografica.,BLANCO,0.0,0.0,0.0,0.0,0.0,0.0,0.0,,,,,Nunca ofrecido,,True
RECKITT,Reckitt,CPG Cuidado Personal,Reckitt,Emergente,,Investment Curves (by conversion:channel),Investment Curves,Investment Curves,Measurement & Efectividad,Curvas de Inversion,CSA - Science,Proyecto,Bajo,SI,Curvas de saturacion por canal.,BLANCO,0.0,0.0,0.0,0.0,0.0,0.0,0.0,,,,,Nunca ofrecido,,True
RECKITT,Reckitt,CPG Cuidado Personal,Reckitt,Emergente,,MIM Bayesiano,MIM Bayesiano,MIM Bayesiano,Measurement & Efectividad,Marketing Mix Modeling,CSA - Science,Proyecto,Alto,SI,Modelo de inversion bayesiano.,BLANCO,0.0,0.0,0.0,0.0,0.0,0.0,0.0,,,,,Nunca ofrecido,,True
RECKITT,Reckitt,CPG Cuidado Personal,Reckitt,Emergente,,MMM Marketing Mix Modeling (without data collection process),MMM Full,MMM Full,Measurement & Efectividad,Marketing Mix Modeling,CSA - Science,Proyecto,Alto,SI,MMM completo sin recoleccion de datos.,BLANCO,0.0,0.0,0.0,0.0,0.0,0.0,0.0,,,,,Nunca ofrecido,,True
RECKITT,Reckitt,CPG Cuidado Personal,Reckitt,Emergente,,MMM Lite,MMM Lite,MMM Lite,Measurement & Efectividad,Marketing Mix Modeling,CSA - Science,Proyecto,Alto,SI,Version ligera de MMM. Entrada al mundo Science.,BLANCO,0.0,0.0,0.0,0.0,0.0,0.0,0.0,,,,,Nunca ofrecido,,True
RECKITT,Reckitt,CPG Cuidado Personal,Reckitt,Emergente,,Meridian Google Founds,Meridian (Google Funds),Meridian,Measurement & Efectividad,Marketing Mix Modeling,CSA - Science,Proyecto,Alto,SI,Financiado por Google. Excelente puerta de entrada a Science.,BLANCO,0.0,0.0,0.0,0.0,0.0,0.0,0.0,,,,,Nunca ofrecido,,True
RECKITT,Reckitt,CPG Cuidado Personal,Reckitt,Emergente,,Nested (MMM + BEM) without Data Collection,Nested (MMM + BEM),Nested MMM+BEM,Measurement & Efectividad,Marketing Mix Modeling,CSA - Science,Proyecto,Alto,SI,MMM anidado con Brand Equity Model.,BLANCO,0.0,0.0,0.0,0.0,0.0,0.0,0.0,,,,,Nunca ofrecido,,True
SKY AIRLINE,Sky Airline,Travel & Aerolineas,Sky,Emergente,,Custom Bidding,Custom Bidding,Custom Bidding,Activacion & Bidding,Bidding Avanzado,CSA - Tech,Proyecto,Medio,SI,Requiere DV360 y senales propias.,BLANCO,0.0,0.0,0.0,0.0,0.0,0.0,0.0,,,,,Nunca ofrecido,,True
SKY AIRLINE,Sky Airline,Travel & Aerolineas,Sky,Emergente,,BI Services,BI Services,BI Services,Analytics & Optimizacion Digital,Business Intelligence,CSA - Tech,Proyecto,Bajo,SI,Dashboards y visualizacion. Buen gancho para escalar.,BLANCO,0.0,0.0,0.0,0.0,0.0,0.0,0.0,,,,,Nunca ofrecido,,True
SKY AIRLINE,Sky Airline,Travel & Aerolineas,Sky,Emergente,,Online Data Optimization - Basic,Online Data Optimization - Basic,ODO Basic,Analytics & Optimizacion Digital,Online Data Optimization,CSA - Tech,Proyecto,Bajo,SI,Version reducida de ODO.,BLANCO,0.0,0.0,0.0,0.0,0.0,0.0,0.0,,,,,Nunca ofrecido,,True
SKY AIRLINE,Sky Airline,Travel & Aerolineas,Sky,Emergente,,Online Data Optimization - sites with E-commerce,Online Data Optimization - E-commerce,ODO E-commerce,Analytics & Optimizacion Digital,Online Data Optimization,CSA - Tech,Proyecto,Medio,SI,Auditoria y remediacion de medicion en sitios transaccionales.,BLANCO,0.0,0.0,0.0,0.0,0.0,0.0,0.0,,,,,Nunca ofrecido,,True
SKY AIRLINE,Sky Airline,Travel & Aerolineas,Sky,Emergente,,Online Data Optimization - sites without E-commerce,Online Data Optimization - No E-commerce,ODO sin E-commerce,Analytics & Optimizacion Digital,Online Data Optimization,CSA - Tech,Proyecto,Bajo,SI,Version para sitios sin transaccion.,BLANCO,0.0,0.0,0.0,0.0,0.0,0.0,0.0,,,,,Nunca ofrecido,,True
SKY AIRLINE,Sky Airline,Travel & Aerolineas,Sky,Emergente,,SEO,SEO,SEO,Analytics & Optimizacion Digital,SEO,CSA - Tech,Proyecto,Alto,SI,Ticket alto y ciclo de venta largo.,BLANCO,0.0,0.0,0.0,0.0,0.0,0.0,0.0,,,,,Nunca ofrecido,,True
SKY AIRLINE,Sky Airline,Travel & Aerolineas,Sky,Emergente,,Shopping Insider / Feed AI,Shopping Insider / Feed AI,Shopping Insider,Analytics & Optimizacion Digital,Retail & Feed,CSA - Tech,Proyecto,Bajo,SI,Solo aplica a cuentas con e-commerce y feed de productos.,BLANCO,0.0,0.0,0.0,0.0,0.0,0.0,0.0,,,,,Nunca ofrecido,,True
SKY AIRLINE,Sky Airline,Travel & Aerolineas,Sky,Emergente,,Consulting Ad Hoc,Consulting Ad Hoc,Consulting Ad Hoc,Consultoria & Ad Hoc,Consultoria Estrategica,CSA - Tech,Proyecto,Bajo,SI,Puerta de entrada. Alta frecuencia y bajo ticket.,BLANCO,0.0,0.0,0.0,0.0,0.0,0.0,0.0,,,,,Nunca ofrecido,,True
SKY AIRLINE,Sky Airline,Travel & Aerolineas,Sky,Emergente,,Science Ad Hoc,Science Ad Hoc,Science Ad Hoc,Consultoria & Ad Hoc,Servicios Science,CSA - Science,Proyecto,Medio,SI,Bolsa de horas de data science.,BLANCO,0.0,0.0,0.0,0.0,0.0,0.0,0.0,,,,,Nunca ofrecido,,True
SKY AIRLINE,Sky Airline,Travel & Aerolineas,Sky,Emergente,,Tech Services Ad Hoc,Tech Services Ad Hoc,Tech Services Ad Hoc,Consultoria & Ad Hoc,Servicios Tech,CSA - Tech,Proyecto,Bajo,SI,Bolsa de horas tecnicas.,BLANCO,0.0,0.0,0.0,0.0,0.0,0.0,0.0,,,,,Nunca ofrecido,,True
SKY AIRLINE,Sky Airline,Travel & Aerolineas,Sky,Emergente,,ABCD Detector - Basic (20 Videos) per month,ABCD Detector,ABCD Detector,Creative Intelligence & GenAI,Creative Analytics,CSA - Tech,Recurrente,Bajo,SI,Diagnostico de creatividades en video. Ticket bajo = buen abrepuertas.,BLANCO,0.0,0.0,0.0,0.0,0.0,0.0,0.0,,,,,Nunca ofrecido,,True
SKY AIRLINE,Sky Airline,Travel & Aerolineas,Sky,Emergente,,C-GenIA,C-GenIA,C-GenIA,Creative Intelligence & GenAI,Creative GenAI,CSA - Tech,Proyecto,Alto,SI,Version proyecto de generacion creativa.,BLANCO,0.0,0.0,0.0,0.0,0.0,0.0,0.0,,,,,Nunca ofrecido,,True
SKY AIRLINE,Sky Airline,Travel & Aerolineas,Sky,Emergente,,C-GenIA - Basic (200 images) Annual Subscription,C-GenIA Basic Anual,C-GenIA Anual,Creative Intelligence & GenAI,Creative GenAI,CSA - Tech,Licencia,Medio,SI,Suscripcion anual 200 imagenes.,BLANCO,0.0,0.0,0.0,0.0,0.0,0.0,0.0,,,,,Nunca ofrecido,,True
SKY AIRLINE,Sky Airline,Travel & Aerolineas,Sky,Emergente,,C-GenIA - Basic (200 images) per month,C-GenIA Basic Mensual,C-GenIA Mensual,Creative Intelligence & GenAI,Creative GenAI,CSA - Tech,Recurrente,Medio,SI,Suscripcion mensual 200 imagenes.,BLANCO,0.0,0.0,0.0,0.0,0.0,0.0,0.0,,,,,Nunca ofrecido,,True
SKY AIRLINE,Sky Airline,Travel & Aerolineas,Sky,Emergente,,VIGenAIr,VIGenAIr,VIGenAIr,Creative Intelligence & GenAI,Video GenAI,CSA - Tech,Proyecto,Medio,SI,Reedicion de video con GenAI.,BLANCO,0.0,0.0,0.0,0.0,0.0,0.0,0.0,,,,,Nunca ofrecido,,True
SKY AIRLINE,Sky Airline,Travel & Aerolineas,Sky,Emergente,,1PD Integration (until 15 sources) - Google,1PD Integration,1PD Integration,Data Collection & Activacion,First Party Data,CSA - Tech,Proyecto,Alto,SI,Requiere madurez de datos en la cuenta.,BLANCO,0.0,0.0,0.0,0.0,0.0,0.0,0.0,,,,,Nunca ofrecido,,True
SKY AIRLINE,Sky Airline,Travel & Aerolineas,Sky,Emergente,,CAPI Automated Offline Integration with CRM,CAPI Offline CRM,CAPI Offline CRM,Data Collection & Activacion,Server-Side / CAPI,CSA - Tech,Proyecto,Medio,SI,Upsell natural sobre CAPI Gateway.,BLANCO,0.0,0.0,0.0,0.0,0.0,0.0,0.0,,,,,Nunca ofrecido,,True
SKY AIRLINE,Sky Airline,Travel & Aerolineas,Sky,Emergente,,CAPI x Gateway by CSA - look for special ratecard,CAPI x Gateway,CAPI x Gateway,Data Collection & Activacion,Server-Side / CAPI,CSA - Tech,Recurrente,Bajo,SI,Anclaje tecnico recurrente. Alto win rate.,BLANCO,0.0,0.0,0.0,0.0,0.0,0.0,0.0,,,,,Nunca ofrecido,,True
SKY AIRLINE,Sky Airline,Travel & Aerolineas,Sky,Emergente,,Performance Powered Conversions (ECL),Performance Powered Conversions (ECL),Perf. Powered Conv.,Data Collection & Activacion,Conversiones Avanzadas,CSA - Tech,Proyecto,Bajo,SI,Enhanced Conversions for Leads.,BLANCO,0.0,0.0,0.0,0.0,0.0,0.0,0.0,,,,,Nunca ofrecido,,True
SKY AIRLINE,Sky Airline,Travel & Aerolineas,Sky,Emergente,,Licencias GA4 360,Licencias GA4 360,Licencias GA4 360,Licencias & Plataformas,Licencias Analytics,CSA - Tech,Licencia,Alto,SI,Renovacion anual. Revisar ciclo de contrato.,BLANCO,0.0,0.0,0.0,0.0,0.0,0.0,0.0,,,,,Nunca ofrecido,,True
SKY AIRLINE,Sky Airline,Travel & Aerolineas,Sky,Emergente,,Licencias SA/DV360,Licencias SA/DV360,Licencias SA/DV360,Licencias & Plataformas,Licencias Media,CSA - Tech,Licencia,Alto,SI,Search Ads 360 / Display & Video 360.,BLANCO,0.0,0.0,0.0,0.0,0.0,0.0,0.0,,,,,Nunca ofrecido,,True
SKY AIRLINE,Sky Airline,Travel & Aerolineas,Sky,Emergente,,People data fee Media,People Data Fee Media,People Data Fee,Licencias & Plataformas,Data Fee,CSA - Tech,Recurrente,Alto,SI,Fee recurrente asociado a media.,BLANCO,0.0,0.0,0.0,0.0,0.0,0.0,0.0,,,,,Nunca ofrecido,,True
SKY AIRLINE,Sky Airline,Travel & Aerolineas,Sky,Emergente,,Curves Base contract: 4 channels/2 updates,Curves Base Contract,Curves Base,Measurement & Efectividad,Curvas de Inversion,CSA - Science,Recurrente,Medio,SI,Contrato base con actualizaciones periodicas.,BLANCO,0.0,0.0,0.0,0.0,0.0,0.0,0.0,,,,,Nunca ofrecido,,True
SKY AIRLINE,Sky Airline,Travel & Aerolineas,Sky,Emergente,,Geolift,Geolift,Geolift,Measurement & Efectividad,Incrementalidad & Experimentos,CSA - Science,Proyecto,Bajo,SI,Test de incrementalidad geografica.,BLANCO,0.0,0.0,0.0,0.0,0.0,0.0,0.0,,,,,Nunca ofrecido,,True
SKY AIRLINE,Sky Airline,Travel & Aerolineas,Sky,Emergente,,Investment Curves (by conversion:channel),Investment Curves,Investment Curves,Measurement & Efectividad,Curvas de Inversion,CSA - Science,Proyecto,Bajo,SI,Curvas de saturacion por canal.,BLANCO,0.0,0.0,0.0,0.0,0.0,0.0,0.0,,,,,Nunca ofrecido,,True
SKY AIRLINE,Sky Airline,Travel & Aerolineas,Sky,Emergente,,MIM Bayesiano,MIM Bayesiano,MIM Bayesiano,Measurement & Efectividad,Marketing Mix Modeling,CSA - Science,Proyecto,Alto,SI,Modelo de inversion bayesiano.,BLANCO,0.0,0.0,0.0,0.0,0.0,0.0,0.0,,,,,Nunca ofrecido,,True
SKY AIRLINE,Sky Airline,Travel & Aerolineas,Sky,Emergente,,MMM Marketing Mix Modeling (without data collection process),MMM Full,MMM Full,Measurement & Efectividad,Marketing Mix Modeling,CSA - Science,Proyecto,Alto,SI,MMM completo sin recoleccion de datos.,BLANCO,0.0,0.0,0.0,0.0,0.0,0.0,0.0,,,,,Nunca ofrecido,,True
SKY AIRLINE,Sky Airline,Travel & Aerolineas,Sky,Emergente,,MMM Lite,MMM Lite,MMM Lite,Measurement & Efectividad,Marketing Mix Modeling,CSA - Science,Proyecto,Alto,SI,Version ligera de MMM. Entrada al mundo Science.,BLANCO,0.0,0.0,0.0,0.0,0.0,0.0,0.0,,,,,Nunca ofrecido,,True
SKY AIRLINE,Sky Airline,Travel & Aerolineas,Sky,Emergente,,Meridian Google Founds,Meridian (Google Funds),Meridian,Measurement & Efectividad,Marketing Mix Modeling,CSA - Science,Proyecto,Alto,SI,Financiado por Google. Excelente puerta de entrada a Science.,BLANCO,0.0,0.0,0.0,0.0,0.0,0.0,0.0,,,,,Nunca ofrecido,,True
SKY AIRLINE,Sky Airline,Travel & Aerolineas,Sky,Emergente,,Nested (MMM + BEM) without Data Collection,Nested (MMM + BEM),Nested MMM+BEM,Measurement & Efectividad,Marketing Mix Modeling,CSA - Science,Proyecto,Alto,SI,MMM anidado con Brand Equity Model.,PERDIDO,1.0,0.0,1.0,0.0,0.0,0.0,28181.05,2026-02-24,2026-02-24,2026-02-24,Perdido,Ofrecido y perdido,PERD,False
SMU,SMU,Retail Supermercados,SMU,Emergente,,Custom Bidding,Custom Bidding,Custom Bidding,Activacion & Bidding,Bidding Avanzado,CSA - Tech,Proyecto,Medio,SI,Requiere DV360 y senales propias.,BLANCO,0.0,0.0,0.0,0.0,0.0,0.0,0.0,,,,,Nunca ofrecido,,True
SMU,SMU,Retail Supermercados,SMU,Emergente,,BI Services,BI Services,BI Services,Analytics & Optimizacion Digital,Business Intelligence,CSA - Tech,Proyecto,Bajo,SI,Dashboards y visualizacion. Buen gancho para escalar.,BLANCO,0.0,0.0,0.0,0.0,0.0,0.0,0.0,,,,,Nunca ofrecido,,True
SMU,SMU,Retail Supermercados,SMU,Emergente,,Online Data Optimization - Basic,Online Data Optimization - Basic,ODO Basic,Analytics & Optimizacion Digital,Online Data Optimization,CSA - Tech,Proyecto,Bajo,SI,Version reducida de ODO.,BLANCO,0.0,0.0,0.0,0.0,0.0,0.0,0.0,,,,,Nunca ofrecido,,True
SMU,SMU,Retail Supermercados,SMU,Emergente,,Online Data Optimization - sites with E-commerce,Online Data Optimization - E-commerce,ODO E-commerce,Analytics & Optimizacion Digital,Online Data Optimization,CSA - Tech,Proyecto,Medio,SI,Auditoria y remediacion de medicion en sitios transaccionales.,BLANCO,0.0,0.0,0.0,0.0,0.0,0.0,0.0,,,,,Nunca ofrecido,,True
SMU,SMU,Retail Supermercados,SMU,Emergente,,Online Data Optimization - sites without E-commerce,Online Data Optimization - No E-commerce,ODO sin E-commerce,Analytics & Optimizacion Digital,Online Data Optimization,CSA - Tech,Proyecto,Bajo,SI,Version para sitios sin transaccion.,BLANCO,0.0,0.0,0.0,0.0,0.0,0.0,0.0,,,,,Nunca ofrecido,,True
SMU,SMU,Retail Supermercados,SMU,Emergente,,SEO,SEO,SEO,Analytics & Optimizacion Digital,SEO,CSA - Tech,Proyecto,Alto,SI,Ticket alto y ciclo de venta largo.,BLANCO,0.0,0.0,0.0,0.0,0.0,0.0,0.0,,,,,Nunca ofrecido,,True
SMU,SMU,Retail Supermercados,SMU,Emergente,,Shopping Insider / Feed AI,Shopping Insider / Feed AI,Shopping Insider,Analytics & Optimizacion Digital,Retail & Feed,CSA - Tech,Proyecto,Bajo,SI,Solo aplica a cuentas con e-commerce y feed de productos.,BLANCO,0.0,0.0,0.0,0.0,0.0,0.0,0.0,,,,,Nunca ofrecido,,True
SMU,SMU,Retail Supermercados,SMU,Emergente,,Consulting Ad Hoc,Consulting Ad Hoc,Consulting Ad Hoc,Consultoria & Ad Hoc,Consultoria Estrategica,CSA - Tech,Proyecto,Bajo,SI,Puerta de entrada. Alta frecuencia y bajo ticket.,BLANCO,0.0,0.0,0.0,0.0,0.0,0.0,0.0,,,,,Nunca ofrecido,,True
SMU,SMU,Retail Supermercados,SMU,Emergente,,Science Ad Hoc,Science Ad Hoc,Science Ad Hoc,Consultoria & Ad Hoc,Servicios Science,CSA - Science,Proyecto,Medio,SI,Bolsa de horas de data science.,BLANCO,0.0,0.0,0.0,0.0,0.0,0.0,0.0,,,,,Nunca ofrecido,,True
SMU,SMU,Retail Supermercados,SMU,Emergente,,Tech Services Ad Hoc,Tech Services Ad Hoc,Tech Services Ad Hoc,Consultoria & Ad Hoc,Servicios Tech,CSA - Tech,Proyecto,Bajo,SI,Bolsa de horas tecnicas.,BLANCO,0.0,0.0,0.0,0.0,0.0,0.0,0.0,,,,,Nunca ofrecido,,True
SMU,SMU,Retail Supermercados,SMU,Emergente,,ABCD Detector - Basic (20 Videos) per month,ABCD Detector,ABCD Detector,Creative Intelligence & GenAI,Creative Analytics,CSA - Tech,Recurrente,Bajo,SI,Diagnostico de creatividades en video. Ticket bajo = buen abrepuertas.,BLANCO,0.0,0.0,0.0,0.0,0.0,0.0,0.0,,,,,Nunca ofrecido,,True
SMU,SMU,Retail Supermercados,SMU,Emergente,,C-GenIA,C-GenIA,C-GenIA,Creative Intelligence & GenAI,Creative GenAI,CSA - Tech,Proyecto,Alto,SI,Version proyecto de generacion creativa.,BLANCO,0.0,0.0,0.0,0.0,0.0,0.0,0.0,,,,,Nunca ofrecido,,True
SMU,SMU,Retail Supermercados,SMU,Emergente,,C-GenIA - Basic (200 images) Annual Subscription,C-GenIA Basic Anual,C-GenIA Anual,Creative Intelligence & GenAI,Creative GenAI,CSA - Tech,Licencia,Medio,SI,Suscripcion anual 200 imagenes.,EJECUTADO,1.0,1.0,0.0,0.0,7919.48,0.0,0.0,2026-03-24,2026-03-24,,Ganado,Ejecutado,EJEC,False
SMU,SMU,Retail Supermercados,SMU,Emergente,,C-GenIA - Basic (200 images) per month,C-GenIA Basic Mensual,C-GenIA Mensual,Creative Intelligence & GenAI,Creative GenAI,CSA - Tech,Recurrente,Medio,SI,Suscripcion mensual 200 imagenes.,BLANCO,0.0,0.0,0.0,0.0,0.0,0.0,0.0,,,,,Nunca ofrecido,,True
SMU,SMU,Retail Supermercados,SMU,Emergente,,VIGenAIr,VIGenAIr,VIGenAIr,Creative Intelligence & GenAI,Video GenAI,CSA - Tech,Proyecto,Medio,SI,Reedicion de video con GenAI.,BLANCO,0.0,0.0,0.0,0.0,0.0,0.0,0.0,,,,,Nunca ofrecido,,True
SMU,SMU,Retail Supermercados,SMU,Emergente,,1PD Integration (until 15 sources) - Google,1PD Integration,1PD Integration,Data Collection & Activacion,First Party Data,CSA - Tech,Proyecto,Alto,SI,Requiere madurez de datos en la cuenta.,BLANCO,0.0,0.0,0.0,0.0,0.0,0.0,0.0,,,,,Nunca ofrecido,,True
SMU,SMU,Retail Supermercados,SMU,Emergente,,CAPI Automated Offline Integration with CRM,CAPI Offline CRM,CAPI Offline CRM,Data Collection & Activacion,Server-Side / CAPI,CSA - Tech,Proyecto,Medio,SI,Upsell natural sobre CAPI Gateway.,BLANCO,0.0,0.0,0.0,0.0,0.0,0.0,0.0,,,,,Nunca ofrecido,,True
SMU,SMU,Retail Supermercados,SMU,Emergente,,CAPI x Gateway by CSA - look for special ratecard,CAPI x Gateway,CAPI x Gateway,Data Collection & Activacion,Server-Side / CAPI,CSA - Tech,Recurrente,Bajo,SI,Anclaje tecnico recurrente. Alto win rate.,BLANCO,0.0,0.0,0.0,0.0,0.0,0.0,0.0,,,,,Nunca ofrecido,,True
SMU,SMU,Retail Supermercados,SMU,Emergente,,Performance Powered Conversions (ECL),Performance Powered Conversions (ECL),Perf. Powered Conv.,Data Collection & Activacion,Conversiones Avanzadas,CSA - Tech,Proyecto,Bajo,SI,Enhanced Conversions for Leads.,BLANCO,0.0,0.0,0.0,0.0,0.0,0.0,0.0,,,,,Nunca ofrecido,,True
SMU,SMU,Retail Supermercados,SMU,Emergente,,Licencias GA4 360,Licencias GA4 360,Licencias GA4 360,Licencias & Plataformas,Licencias Analytics,CSA - Tech,Licencia,Alto,SI,Renovacion anual. Revisar ciclo de contrato.,BLANCO,0.0,0.0,0.0,0.0,0.0,0.0,0.0,,,,,Nunca ofrecido,,True
SMU,SMU,Retail Supermercados,SMU,Emergente,,Licencias SA/DV360,Licencias SA/DV360,Licencias SA/DV360,Licencias & Plataformas,Licencias Media,CSA - Tech,Licencia,Alto,SI,Search Ads 360 / Display & Video 360.,BLANCO,0.0,0.0,0.0,0.0,0.0,0.0,0.0,,,,,Nunca ofrecido,,True
SMU,SMU,Retail Supermercados,SMU,Emergente,,People data fee Media,People Data Fee Media,People Data Fee,Licencias & Plataformas,Data Fee,CSA - Tech,Recurrente,Alto,SI,Fee recurrente asociado a media.,BLANCO,0.0,0.0,0.0,0.0,0.0,0.0,0.0,,,,,Nunca ofrecido,,True
SMU,SMU,Retail Supermercados,SMU,Emergente,,Curves Base contract: 4 channels/2 updates,Curves Base Contract,Curves Base,Measurement & Efectividad,Curvas de Inversion,CSA - Science,Recurrente,Medio,SI,Contrato base con actualizaciones periodicas.,BLANCO,0.0,0.0,0.0,0.0,0.0,0.0,0.0,,,,,Nunca ofrecido,,True
SMU,SMU,Retail Supermercados,SMU,Emergente,,Geolift,Geolift,Geolift,Measurement & Efectividad,Incrementalidad & Experimentos,CSA - Science,Proyecto,Bajo,SI,Test de incrementalidad geografica.,BLANCO,0.0,0.0,0.0,0.0,0.0,0.0,0.0,,,,,Nunca ofrecido,,True
SMU,SMU,Retail Supermercados,SMU,Emergente,,Investment Curves (by conversion:channel),Investment Curves,Investment Curves,Measurement & Efectividad,Curvas de Inversion,CSA - Science,Proyecto,Bajo,SI,Curvas de saturacion por canal.,BLANCO,0.0,0.0,0.0,0.0,0.0,0.0,0.0,,,,,Nunca ofrecido,,True
SMU,SMU,Retail Supermercados,SMU,Emergente,,MIM Bayesiano,MIM Bayesiano,MIM Bayesiano,Measurement & Efectividad,Marketing Mix Modeling,CSA - Science,Proyecto,Alto,SI,Modelo de inversion bayesiano.,BLANCO,0.0,0.0,0.0,0.0,0.0,0.0,0.0,,,,,Nunca ofrecido,,True
SMU,SMU,Retail Supermercados,SMU,Emergente,,MMM Marketing Mix Modeling (without data collection process),MMM Full,MMM Full,Measurement & Efectividad,Marketing Mix Modeling,CSA - Science,Proyecto,Alto,SI,MMM completo sin recoleccion de datos.,BLANCO,0.0,0.0,0.0,0.0,0.0,0.0,0.0,,,,,Nunca ofrecido,,True
SMU,SMU,Retail Supermercados,SMU,Emergente,,MMM Lite,MMM Lite,MMM Lite,Measurement & Efectividad,Marketing Mix Modeling,CSA - Science,Proyecto,Alto,SI,Version ligera de MMM. Entrada al mundo Science.,BLANCO,0.0,0.0,0.0,0.0,0.0,0.0,0.0,,,,,Nunca ofrecido,,True
SMU,SMU,Retail Supermercados,SMU,Emergente,,Meridian Google Founds,Meridian (Google Funds),Meridian,Measurement & Efectividad,Marketing Mix Modeling,CSA - Science,Proyecto,Alto,SI,Financiado por Google. Excelente puerta de entrada a Science.,BLANCO,0.0,0.0,0.0,0.0,0.0,0.0,0.0,,,,,Nunca ofrecido,,True
SMU,SMU,Retail Supermercados,SMU,Emergente,,Nested (MMM + BEM) without Data Collection,Nested (MMM + BEM),Nested MMM+BEM,Measurement & Efectividad,Marketing Mix Modeling,CSA - Science,Proyecto,Alto,SI,MMM anidado con Brand Equity Model.,BLANCO,0.0,0.0,0.0,0.0,0.0,0.0,0.0,,,,,Nunca ofrecido,,True
TELEFONICA,Telefonica,Telco,Telefonica,Estrategica,,Custom Bidding,Custom Bidding,Custom Bidding,Activacion & Bidding,Bidding Avanzado,CSA - Tech,Proyecto,Medio,SI,Requiere DV360 y senales propias.,BLANCO,0.0,0.0,0.0,0.0,0.0,0.0,0.0,,,,,Nunca ofrecido,,True
TELEFONICA,Telefonica,Telco,Telefonica,Estrategica,,BI Services,BI Services,BI Services,Analytics & Optimizacion Digital,Business Intelligence,CSA - Tech,Proyecto,Bajo,SI,Dashboards y visualizacion. Buen gancho para escalar.,BLANCO,0.0,0.0,0.0,0.0,0.0,0.0,0.0,,,,,Nunca ofrecido,,True
TELEFONICA,Telefonica,Telco,Telefonica,Estrategica,,Online Data Optimization - Basic,Online Data Optimization - Basic,ODO Basic,Analytics & Optimizacion Digital,Online Data Optimization,CSA - Tech,Proyecto,Bajo,SI,Version reducida de ODO.,BLANCO,0.0,0.0,0.0,0.0,0.0,0.0,0.0,,,,,Nunca ofrecido,,True
TELEFONICA,Telefonica,Telco,Telefonica,Estrategica,,Online Data Optimization - sites with E-commerce,Online Data Optimization - E-commerce,ODO E-commerce,Analytics & Optimizacion Digital,Online Data Optimization,CSA - Tech,Proyecto,Medio,SI,Auditoria y remediacion de medicion en sitios transaccionales.,BLANCO,0.0,0.0,0.0,0.0,0.0,0.0,0.0,,,,,Nunca ofrecido,,True
TELEFONICA,Telefonica,Telco,Telefonica,Estrategica,,Online Data Optimization - sites without E-commerce,Online Data Optimization - No E-commerce,ODO sin E-commerce,Analytics & Optimizacion Digital,Online Data Optimization,CSA - Tech,Proyecto,Bajo,SI,Version para sitios sin transaccion.,BLANCO,0.0,0.0,0.0,0.0,0.0,0.0,0.0,,,,,Nunca ofrecido,,True
TELEFONICA,Telefonica,Telco,Telefonica,Estrategica,,SEO,SEO,SEO,Analytics & Optimizacion Digital,SEO,CSA - Tech,Proyecto,Alto,SI,Ticket alto y ciclo de venta largo.,EJECUTADO,2.0,2.0,0.0,0.0,31758.28,0.0,0.0,2026-01-01,2026-02-24,,Ganado,Ejecutado,EJEC,False
TELEFONICA,Telefonica,Telco,Telefonica,Estrategica,,Shopping Insider / Feed AI,Shopping Insider / Feed AI,Shopping Insider,Analytics & Optimizacion Digital,Retail & Feed,CSA - Tech,Proyecto,Bajo,SI,Solo aplica a cuentas con e-commerce y feed de productos.,BLANCO,0.0,0.0,0.0,0.0,0.0,0.0,0.0,,,,,Nunca ofrecido,,True
TELEFONICA,Telefonica,Telco,Telefonica,Estrategica,,Consulting Ad Hoc,Consulting Ad Hoc,Consulting Ad Hoc,Consultoria & Ad Hoc,Consultoria Estrategica,CSA - Tech,Proyecto,Bajo,SI,Puerta de entrada. Alta frecuencia y bajo ticket.,EJECUTADO,2.0,2.0,0.0,0.0,6573.63,0.0,0.0,2026-01-01,2026-01-01,,Ganado,Ejecutado,EJEC,False
TELEFONICA,Telefonica,Telco,Telefonica,Estrategica,,Science Ad Hoc,Science Ad Hoc,Science Ad Hoc,Consultoria & Ad Hoc,Servicios Science,CSA - Science,Proyecto,Medio,SI,Bolsa de horas de data science.,BLANCO,0.0,0.0,0.0,0.0,0.0,0.0,0.0,,,,,Nunca ofrecido,,True
TELEFONICA,Telefonica,Telco,Telefonica,Estrategica,,Tech Services Ad Hoc,Tech Services Ad Hoc,Tech Services Ad Hoc,Consultoria & Ad Hoc,Servicios Tech,CSA - Tech,Proyecto,Bajo,SI,Bolsa de horas tecnicas.,EJECUTADO,1.0,1.0,0.0,0.0,3827.53,0.0,0.0,2026-07-17,2026-07-17,,Ganado,Ejecutado,EJEC,False
TELEFONICA,Telefonica,Telco,Telefonica,Estrategica,,ABCD Detector - Basic (20 Videos) per month,ABCD Detector,ABCD Detector,Creative Intelligence & GenAI,Creative Analytics,CSA - Tech,Recurrente,Bajo,SI,Diagnostico de creatividades en video. Ticket bajo = buen abrepuertas.,EN_PAUSA,1.0,0.0,0.0,1.0,0.0,3591.6,0.0,2026-07-20,2026-07-20,,En pausa,En pausa,PAUSA,False
TELEFONICA,Telefonica,Telco,Telefonica,Estrategica,,C-GenIA,C-GenIA,C-GenIA,Creative Intelligence & GenAI,Creative GenAI,CSA - Tech,Proyecto,Alto,SI,Version proyecto de generacion creativa.,EN_PAUSA,1.0,0.0,0.0,1.0,0.0,18305.05,0.0,2026-07-20,2026-07-20,,En pausa,En pausa,PAUSA,False
TELEFONICA,Telefonica,Telco,Telefonica,Estrategica,,C-GenIA - Basic (200 images) Annual Subscription,C-GenIA Basic Anual,C-GenIA Anual,Creative Intelligence & GenAI,Creative GenAI,CSA - Tech,Licencia,Medio,SI,Suscripcion anual 200 imagenes.,BLANCO,0.0,0.0,0.0,0.0,0.0,0.0,0.0,,,,,Nunca ofrecido,,True
TELEFONICA,Telefonica,Telco,Telefonica,Estrategica,,C-GenIA - Basic (200 images) per month,C-GenIA Basic Mensual,C-GenIA Mensual,Creative Intelligence & GenAI,Creative GenAI,CSA - Tech,Recurrente,Medio,SI,Suscripcion mensual 200 imagenes.,BLANCO,0.0,0.0,0.0,0.0,0.0,0.0,0.0,,,,,Nunca ofrecido,,True
TELEFONICA,Telefonica,Telco,Telefonica,Estrategica,,VIGenAIr,VIGenAIr,VIGenAIr,Creative Intelligence & GenAI,Video GenAI,CSA - Tech,Proyecto,Medio,SI,Reedicion de video con GenAI.,BLANCO,0.0,0.0,0.0,0.0,0.0,0.0,0.0,,,,,Nunca ofrecido,,True
TELEFONICA,Telefonica,Telco,Telefonica,Estrategica,,1PD Integration (until 15 sources) - Google,1PD Integration,1PD Integration,Data Collection & Activacion,First Party Data,CSA - Tech,Proyecto,Alto,SI,Requiere madurez de datos en la cuenta.,BLANCO,0.0,0.0,0.0,0.0,0.0,0.0,0.0,,,,,Nunca ofrecido,,True
TELEFONICA,Telefonica,Telco,Telefonica,Estrategica,,CAPI Automated Offline Integration with CRM,CAPI Offline CRM,CAPI Offline CRM,Data Collection & Activacion,Server-Side / CAPI,CSA - Tech,Proyecto,Medio,SI,Upsell natural sobre CAPI Gateway.,BLANCO,0.0,0.0,0.0,0.0,0.0,0.0,0.0,,,,,Nunca ofrecido,,True
TELEFONICA,Telefonica,Telco,Telefonica,Estrategica,,CAPI x Gateway by CSA - look for special ratecard,CAPI x Gateway,CAPI x Gateway,Data Collection & Activacion,Server-Side / CAPI,CSA - Tech,Recurrente,Bajo,SI,Anclaje tecnico recurrente. Alto win rate.,BLANCO,0.0,0.0,0.0,0.0,0.0,0.0,0.0,,,,,Nunca ofrecido,,True
TELEFONICA,Telefonica,Telco,Telefonica,Estrategica,,Performance Powered Conversions (ECL),Performance Powered Conversions (ECL),Perf. Powered Conv.,Data Collection & Activacion,Conversiones Avanzadas,CSA - Tech,Proyecto,Bajo,SI,Enhanced Conversions for Leads.,BLANCO,0.0,0.0,0.0,0.0,0.0,0.0,0.0,,,,,Nunca ofrecido,,True
TELEFONICA,Telefonica,Telco,Telefonica,Estrategica,,Licencias GA4 360,Licencias GA4 360,Licencias GA4 360,Licencias & Plataformas,Licencias Analytics,CSA - Tech,Licencia,Alto,SI,Renovacion anual. Revisar ciclo de contrato.,BLANCO,0.0,0.0,0.0,0.0,0.0,0.0,0.0,,,,,Nunca ofrecido,,True
TELEFONICA,Telefonica,Telco,Telefonica,Estrategica,,Licencias SA/DV360,Licencias SA/DV360,Licencias SA/DV360,Licencias & Plataformas,Licencias Media,CSA - Tech,Licencia,Alto,SI,Search Ads 360 / Display & Video 360.,BLANCO,0.0,0.0,0.0,0.0,0.0,0.0,0.0,,,,,Nunca ofrecido,,True
TELEFONICA,Telefonica,Telco,Telefonica,Estrategica,,People data fee Media,People Data Fee Media,People Data Fee,Licencias & Plataformas,Data Fee,CSA - Tech,Recurrente,Alto,SI,Fee recurrente asociado a media.,EJECUTADO,1.0,1.0,0.0,0.0,8438.11,0.0,0.0,2026-01-01,2026-01-01,,Ganado,Ejecutado,EJEC,False
TELEFONICA,Telefonica,Telco,Telefonica,Estrategica,,Curves Base contract: 4 channels/2 updates,Curves Base Contract,Curves Base,Measurement & Efectividad,Curvas de Inversion,CSA - Science,Recurrente,Medio,SI,Contrato base con actualizaciones periodicas.,BLANCO,0.0,0.0,0.0,0.0,0.0,0.0,0.0,,,,,Nunca ofrecido,,True
TELEFONICA,Telefonica,Telco,Telefonica,Estrategica,,Geolift,Geolift,Geolift,Measurement & Efectividad,Incrementalidad & Experimentos,CSA - Science,Proyecto,Bajo,SI,Test de incrementalidad geografica.,BLANCO,0.0,0.0,0.0,0.0,0.0,0.0,0.0,,,,,Nunca ofrecido,,True
TELEFONICA,Telefonica,Telco,Telefonica,Estrategica,,Investment Curves (by conversion:channel),Investment Curves,Investment Curves,Measurement & Efectividad,Curvas de Inversion,CSA - Science,Proyecto,Bajo,SI,Curvas de saturacion por canal.,BLANCO,0.0,0.0,0.0,0.0,0.0,0.0,0.0,,,,,Nunca ofrecido,,True
TELEFONICA,Telefonica,Telco,Telefonica,Estrategica,,MIM Bayesiano,MIM Bayesiano,MIM Bayesiano,Measurement & Efectividad,Marketing Mix Modeling,CSA - Science,Proyecto,Alto,SI,Modelo de inversion bayesiano.,BLANCO,0.0,0.0,0.0,0.0,0.0,0.0,0.0,,,,,Nunca ofrecido,,True
TELEFONICA,Telefonica,Telco,Telefonica,Estrategica,,MMM Marketing Mix Modeling (without data collection process),MMM Full,MMM Full,Measurement & Efectividad,Marketing Mix Modeling,CSA - Science,Proyecto,Alto,SI,MMM completo sin recoleccion de datos.,BLANCO,0.0,0.0,0.0,0.0,0.0,0.0,0.0,,,,,Nunca ofrecido,,True
TELEFONICA,Telefonica,Telco,Telefonica,Estrategica,,MMM Lite,MMM Lite,MMM Lite,Measurement & Efectividad,Marketing Mix Modeling,CSA - Science,Proyecto,Alto,SI,Version ligera de MMM. Entrada al mundo Science.,BLANCO,0.0,0.0,0.0,0.0,0.0,0.0,0.0,,,,,Nunca ofrecido,,True
TELEFONICA,Telefonica,Telco,Telefonica,Estrategica,,Meridian Google Founds,Meridian (Google Funds),Meridian,Measurement & Efectividad,Marketing Mix Modeling,CSA - Science,Proyecto,Alto,SI,Financiado por Google. Excelente puerta de entrada a Science.,BLANCO,0.0,0.0,0.0,0.0,0.0,0.0,0.0,,,,,Nunca ofrecido,,True
TELEFONICA,Telefonica,Telco,Telefonica,Estrategica,,Nested (MMM + BEM) without Data Collection,Nested (MMM + BEM),Nested MMM+BEM,Measurement & Efectividad,Marketing Mix Modeling,CSA - Science,Proyecto,Alto,SI,MMM anidado con Brand Equity Model.,BLANCO,0.0,0.0,0.0,0.0,0.0,0.0,0.0,,,,,Nunca ofrecido,,True
TENPO,Tenpo,Fintech & Banca,Credicorp,Emergente,,Custom Bidding,Custom Bidding,Custom Bidding,Activacion & Bidding,Bidding Avanzado,CSA - Tech,Proyecto,Medio,SI,Requiere DV360 y senales propias.,BLANCO,0.0,0.0,0.0,0.0,0.0,0.0,0.0,,,,,Nunca ofrecido,,True
TENPO,Tenpo,Fintech & Banca,Credicorp,Emergente,,BI Services,BI Services,BI Services,Analytics & Optimizacion Digital,Business Intelligence,CSA - Tech,Proyecto,Bajo,SI,Dashboards y visualizacion. Buen gancho para escalar.,BLANCO,0.0,0.0,0.0,0.0,0.0,0.0,0.0,,,,,Nunca ofrecido,,True
TENPO,Tenpo,Fintech & Banca,Credicorp,Emergente,,Online Data Optimization - Basic,Online Data Optimization - Basic,ODO Basic,Analytics & Optimizacion Digital,Online Data Optimization,CSA - Tech,Proyecto,Bajo,SI,Version reducida de ODO.,BLANCO,0.0,0.0,0.0,0.0,0.0,0.0,0.0,,,,,Nunca ofrecido,,True
TENPO,Tenpo,Fintech & Banca,Credicorp,Emergente,,Online Data Optimization - sites with E-commerce,Online Data Optimization - E-commerce,ODO E-commerce,Analytics & Optimizacion Digital,Online Data Optimization,CSA - Tech,Proyecto,Medio,SI,Auditoria y remediacion de medicion en sitios transaccionales.,BLANCO,0.0,0.0,0.0,0.0,0.0,0.0,0.0,,,,,Nunca ofrecido,,True
TENPO,Tenpo,Fintech & Banca,Credicorp,Emergente,,Online Data Optimization - sites without E-commerce,Online Data Optimization - No E-commerce,ODO sin E-commerce,Analytics & Optimizacion Digital,Online Data Optimization,CSA - Tech,Proyecto,Bajo,SI,Version para sitios sin transaccion.,BLANCO,0.0,0.0,0.0,0.0,0.0,0.0,0.0,,,,,Nunca ofrecido,,True
TENPO,Tenpo,Fintech & Banca,Credicorp,Emergente,,SEO,SEO,SEO,Analytics & Optimizacion Digital,SEO,CSA - Tech,Proyecto,Alto,SI,Ticket alto y ciclo de venta largo.,BLANCO,0.0,0.0,0.0,0.0,0.0,0.0,0.0,,,,,Nunca ofrecido,,True
TENPO,Tenpo,Fintech & Banca,Credicorp,Emergente,,Shopping Insider / Feed AI,Shopping Insider / Feed AI,Shopping Insider,Analytics & Optimizacion Digital,Retail & Feed,CSA - Tech,Proyecto,Bajo,SI,Solo aplica a cuentas con e-commerce y feed de productos.,BLANCO,0.0,0.0,0.0,0.0,0.0,0.0,0.0,,,,,Nunca ofrecido,,True
TENPO,Tenpo,Fintech & Banca,Credicorp,Emergente,,Consulting Ad Hoc,Consulting Ad Hoc,Consulting Ad Hoc,Consultoria & Ad Hoc,Consultoria Estrategica,CSA - Tech,Proyecto,Bajo,SI,Puerta de entrada. Alta frecuencia y bajo ticket.,BLANCO,0.0,0.0,0.0,0.0,0.0,0.0,0.0,,,,,Nunca ofrecido,,True
TENPO,Tenpo,Fintech & Banca,Credicorp,Emergente,,Science Ad Hoc,Science Ad Hoc,Science Ad Hoc,Consultoria & Ad Hoc,Servicios Science,CSA - Science,Proyecto,Medio,SI,Bolsa de horas de data science.,PERDIDO,1.0,0.0,1.0,0.0,0.0,0.0,30377.18,2026-04-17,2026-04-17,2026-04-17,Perdido,Ofrecido y perdido,PERD,False
TENPO,Tenpo,Fintech & Banca,Credicorp,Emergente,,Tech Services Ad Hoc,Tech Services Ad Hoc,Tech Services Ad Hoc,Consultoria & Ad Hoc,Servicios Tech,CSA - Tech,Proyecto,Bajo,SI,Bolsa de horas tecnicas.,BLANCO,0.0,0.0,0.0,0.0,0.0,0.0,0.0,,,,,Nunca ofrecido,,True
TENPO,Tenpo,Fintech & Banca,Credicorp,Emergente,,ABCD Detector - Basic (20 Videos) per month,ABCD Detector,ABCD Detector,Creative Intelligence & GenAI,Creative Analytics,CSA - Tech,Recurrente,Bajo,SI,Diagnostico de creatividades en video. Ticket bajo = buen abrepuertas.,BLANCO,0.0,0.0,0.0,0.0,0.0,0.0,0.0,,,,,Nunca ofrecido,,True
TENPO,Tenpo,Fintech & Banca,Credicorp,Emergente,,C-GenIA,C-GenIA,C-GenIA,Creative Intelligence & GenAI,Creative GenAI,CSA - Tech,Proyecto,Alto,SI,Version proyecto de generacion creativa.,BLANCO,0.0,0.0,0.0,0.0,0.0,0.0,0.0,,,,,Nunca ofrecido,,True
TENPO,Tenpo,Fintech & Banca,Credicorp,Emergente,,C-GenIA - Basic (200 images) Annual Subscription,C-GenIA Basic Anual,C-GenIA Anual,Creative Intelligence & GenAI,Creative GenAI,CSA - Tech,Licencia,Medio,SI,Suscripcion anual 200 imagenes.,BLANCO,0.0,0.0,0.0,0.0,0.0,0.0,0.0,,,,,Nunca ofrecido,,True
TENPO,Tenpo,Fintech & Banca,Credicorp,Emergente,,C-GenIA - Basic (200 images) per month,C-GenIA Basic Mensual,C-GenIA Mensual,Creative Intelligence & GenAI,Creative GenAI,CSA - Tech,Recurrente,Medio,SI,Suscripcion mensual 200 imagenes.,BLANCO,0.0,0.0,0.0,0.0,0.0,0.0,0.0,,,,,Nunca ofrecido,,True
TENPO,Tenpo,Fintech & Banca,Credicorp,Emergente,,VIGenAIr,VIGenAIr,VIGenAIr,Creative Intelligence & GenAI,Video GenAI,CSA - Tech,Proyecto,Medio,SI,Reedicion de video con GenAI.,BLANCO,0.0,0.0,0.0,0.0,0.0,0.0,0.0,,,,,Nunca ofrecido,,True
TENPO,Tenpo,Fintech & Banca,Credicorp,Emergente,,1PD Integration (until 15 sources) - Google,1PD Integration,1PD Integration,Data Collection & Activacion,First Party Data,CSA - Tech,Proyecto,Alto,SI,Requiere madurez de datos en la cuenta.,BLANCO,0.0,0.0,0.0,0.0,0.0,0.0,0.0,,,,,Nunca ofrecido,,True
TENPO,Tenpo,Fintech & Banca,Credicorp,Emergente,,CAPI Automated Offline Integration with CRM,CAPI Offline CRM,CAPI Offline CRM,Data Collection & Activacion,Server-Side / CAPI,CSA - Tech,Proyecto,Medio,SI,Upsell natural sobre CAPI Gateway.,BLANCO,0.0,0.0,0.0,0.0,0.0,0.0,0.0,,,,,Nunca ofrecido,,True
TENPO,Tenpo,Fintech & Banca,Credicorp,Emergente,,CAPI x Gateway by CSA - look for special ratecard,CAPI x Gateway,CAPI x Gateway,Data Collection & Activacion,Server-Side / CAPI,CSA - Tech,Recurrente,Bajo,SI,Anclaje tecnico recurrente. Alto win rate.,BLANCO,0.0,0.0,0.0,0.0,0.0,0.0,0.0,,,,,Nunca ofrecido,,True
TENPO,Tenpo,Fintech & Banca,Credicorp,Emergente,,Performance Powered Conversions (ECL),Performance Powered Conversions (ECL),Perf. Powered Conv.,Data Collection & Activacion,Conversiones Avanzadas,CSA - Tech,Proyecto,Bajo,SI,Enhanced Conversions for Leads.,BLANCO,0.0,0.0,0.0,0.0,0.0,0.0,0.0,,,,,Nunca ofrecido,,True
TENPO,Tenpo,Fintech & Banca,Credicorp,Emergente,,Licencias GA4 360,Licencias GA4 360,Licencias GA4 360,Licencias & Plataformas,Licencias Analytics,CSA - Tech,Licencia,Alto,SI,Renovacion anual. Revisar ciclo de contrato.,PERDIDO,1.0,0.0,1.0,0.0,0.0,0.0,25314.32,2026-07-20,2026-07-20,2026-07-20,Perdido,Ofrecido y perdido,PERD,False
TENPO,Tenpo,Fintech & Banca,Credicorp,Emergente,,Licencias SA/DV360,Licencias SA/DV360,Licencias SA/DV360,Licencias & Plataformas,Licencias Media,CSA - Tech,Licencia,Alto,SI,Search Ads 360 / Display & Video 360.,BLANCO,0.0,0.0,0.0,0.0,0.0,0.0,0.0,,,,,Nunca ofrecido,,True
TENPO,Tenpo,Fintech & Banca,Credicorp,Emergente,,People data fee Media,People Data Fee Media,People Data Fee,Licencias & Plataformas,Data Fee,CSA - Tech,Recurrente,Alto,SI,Fee recurrente asociado a media.,BLANCO,0.0,0.0,0.0,0.0,0.0,0.0,0.0,,,,,Nunca ofrecido,,True
TENPO,Tenpo,Fintech & Banca,Credicorp,Emergente,,Curves Base contract: 4 channels/2 updates,Curves Base Contract,Curves Base,Measurement & Efectividad,Curvas de Inversion,CSA - Science,Recurrente,Medio,SI,Contrato base con actualizaciones periodicas.,BLANCO,0.0,0.0,0.0,0.0,0.0,0.0,0.0,,,,,Nunca ofrecido,,True
TENPO,Tenpo,Fintech & Banca,Credicorp,Emergente,,Geolift,Geolift,Geolift,Measurement & Efectividad,Incrementalidad & Experimentos,CSA - Science,Proyecto,Bajo,SI,Test de incrementalidad geografica.,BLANCO,0.0,0.0,0.0,0.0,0.0,0.0,0.0,,,,,Nunca ofrecido,,True
TENPO,Tenpo,Fintech & Banca,Credicorp,Emergente,,Investment Curves (by conversion:channel),Investment Curves,Investment Curves,Measurement & Efectividad,Curvas de Inversion,CSA - Science,Proyecto,Bajo,SI,Curvas de saturacion por canal.,BLANCO,0.0,0.0,0.0,0.0,0.0,0.0,0.0,,,,,Nunca ofrecido,,True
TENPO,Tenpo,Fintech & Banca,Credicorp,Emergente,,MIM Bayesiano,MIM Bayesiano,MIM Bayesiano,Measurement & Efectividad,Marketing Mix Modeling,CSA - Science,Proyecto,Alto,SI,Modelo de inversion bayesiano.,BLANCO,0.0,0.0,0.0,0.0,0.0,0.0,0.0,,,,,Nunca ofrecido,,True
TENPO,Tenpo,Fintech & Banca,Credicorp,Emergente,,MMM Marketing Mix Modeling (without data collection process),MMM Full,MMM Full,Measurement & Efectividad,Marketing Mix Modeling,CSA - Science,Proyecto,Alto,SI,MMM completo sin recoleccion de datos.,BLANCO,0.0,0.0,0.0,0.0,0.0,0.0,0.0,,,,,Nunca ofrecido,,True
TENPO,Tenpo,Fintech & Banca,Credicorp,Emergente,,MMM Lite,MMM Lite,MMM Lite,Measurement & Efectividad,Marketing Mix Modeling,CSA - Science,Proyecto,Alto,SI,Version ligera de MMM. Entrada al mundo Science.,BLANCO,0.0,0.0,0.0,0.0,0.0,0.0,0.0,,,,,Nunca ofrecido,,True
TENPO,Tenpo,Fintech & Banca,Credicorp,Emergente,,Meridian Google Founds,Meridian (Google Funds),Meridian,Measurement & Efectividad,Marketing Mix Modeling,CSA - Science,Proyecto,Alto,SI,Financiado por Google. Excelente puerta de entrada a Science.,BLANCO,0.0,0.0,0.0,0.0,0.0,0.0,0.0,,,,,Nunca ofrecido,,True
TENPO,Tenpo,Fintech & Banca,Credicorp,Emergente,,Nested (MMM + BEM) without Data Collection,Nested (MMM + BEM),Nested MMM+BEM,Measurement & Efectividad,Marketing Mix Modeling,CSA - Science,Proyecto,Alto,SI,MMM anidado con Brand Equity Model.,BLANCO,0.0,0.0,0.0,0.0,0.0,0.0,0.0,,,,,Nunca ofrecido,,True
TRICOT,Tricot,Retail Vestuario,Tricot,Emergente,,Custom Bidding,Custom Bidding,Custom Bidding,Activacion & Bidding,Bidding Avanzado,CSA - Tech,Proyecto,Medio,SI,Requiere DV360 y senales propias.,BLANCO,0.0,0.0,0.0,0.0,0.0,0.0,0.0,,,,,Nunca ofrecido,,True
TRICOT,Tricot,Retail Vestuario,Tricot,Emergente,,BI Services,BI Services,BI Services,Analytics & Optimizacion Digital,Business Intelligence,CSA - Tech,Proyecto,Bajo,SI,Dashboards y visualizacion. Buen gancho para escalar.,BLANCO,0.0,0.0,0.0,0.0,0.0,0.0,0.0,,,,,Nunca ofrecido,,True
TRICOT,Tricot,Retail Vestuario,Tricot,Emergente,,Online Data Optimization - Basic,Online Data Optimization - Basic,ODO Basic,Analytics & Optimizacion Digital,Online Data Optimization,CSA - Tech,Proyecto,Bajo,SI,Version reducida de ODO.,BLANCO,0.0,0.0,0.0,0.0,0.0,0.0,0.0,,,,,Nunca ofrecido,,True
TRICOT,Tricot,Retail Vestuario,Tricot,Emergente,,Online Data Optimization - sites with E-commerce,Online Data Optimization - E-commerce,ODO E-commerce,Analytics & Optimizacion Digital,Online Data Optimization,CSA - Tech,Proyecto,Medio,SI,Auditoria y remediacion de medicion en sitios transaccionales.,BLANCO,0.0,0.0,0.0,0.0,0.0,0.0,0.0,,,,,Nunca ofrecido,,True
TRICOT,Tricot,Retail Vestuario,Tricot,Emergente,,Online Data Optimization - sites without E-commerce,Online Data Optimization - No E-commerce,ODO sin E-commerce,Analytics & Optimizacion Digital,Online Data Optimization,CSA - Tech,Proyecto,Bajo,SI,Version para sitios sin transaccion.,BLANCO,0.0,0.0,0.0,0.0,0.0,0.0,0.0,,,,,Nunca ofrecido,,True
TRICOT,Tricot,Retail Vestuario,Tricot,Emergente,,SEO,SEO,SEO,Analytics & Optimizacion Digital,SEO,CSA - Tech,Proyecto,Alto,SI,Ticket alto y ciclo de venta largo.,BLANCO,0.0,0.0,0.0,0.0,0.0,0.0,0.0,,,,,Nunca ofrecido,,True
TRICOT,Tricot,Retail Vestuario,Tricot,Emergente,,Shopping Insider / Feed AI,Shopping Insider / Feed AI,Shopping Insider,Analytics & Optimizacion Digital,Retail & Feed,CSA - Tech,Proyecto,Bajo,SI,Solo aplica a cuentas con e-commerce y feed de productos.,PERDIDO,1.0,0.0,1.0,0.0,0.0,0.0,3733.64,2025-08-30,2025-08-30,2025-08-30,Perdido,Ofrecido y perdido,PERD,False
TRICOT,Tricot,Retail Vestuario,Tricot,Emergente,,Consulting Ad Hoc,Consulting Ad Hoc,Consulting Ad Hoc,Consultoria & Ad Hoc,Consultoria Estrategica,CSA - Tech,Proyecto,Bajo,SI,Puerta de entrada. Alta frecuencia y bajo ticket.,BLANCO,0.0,0.0,0.0,0.0,0.0,0.0,0.0,,,,,Nunca ofrecido,,True
TRICOT,Tricot,Retail Vestuario,Tricot,Emergente,,Science Ad Hoc,Science Ad Hoc,Science Ad Hoc,Consultoria & Ad Hoc,Servicios Science,CSA - Science,Proyecto,Medio,SI,Bolsa de horas de data science.,BLANCO,0.0,0.0,0.0,0.0,0.0,0.0,0.0,,,,,Nunca ofrecido,,True
TRICOT,Tricot,Retail Vestuario,Tricot,Emergente,,Tech Services Ad Hoc,Tech Services Ad Hoc,Tech Services Ad Hoc,Consultoria & Ad Hoc,Servicios Tech,CSA - Tech,Proyecto,Bajo,SI,Bolsa de horas tecnicas.,PERDIDO,1.0,0.0,1.0,0.0,0.0,0.0,2489.09,2026-07-20,2026-07-20,2026-07-20,Perdido,Ofrecido y perdido,PERD,False
TRICOT,Tricot,Retail Vestuario,Tricot,Emergente,,ABCD Detector - Basic (20 Videos) per month,ABCD Detector,ABCD Detector,Creative Intelligence & GenAI,Creative Analytics,CSA - Tech,Recurrente,Bajo,SI,Diagnostico de creatividades en video. Ticket bajo = buen abrepuertas.,BLANCO,0.0,0.0,0.0,0.0,0.0,0.0,0.0,,,,,Nunca ofrecido,,True
TRICOT,Tricot,Retail Vestuario,Tricot,Emergente,,C-GenIA,C-GenIA,C-GenIA,Creative Intelligence & GenAI,Creative GenAI,CSA - Tech,Proyecto,Alto,SI,Version proyecto de generacion creativa.,BLANCO,0.0,0.0,0.0,0.0,0.0,0.0,0.0,,,,,Nunca ofrecido,,True
TRICOT,Tricot,Retail Vestuario,Tricot,Emergente,,C-GenIA - Basic (200 images) Annual Subscription,C-GenIA Basic Anual,C-GenIA Anual,Creative Intelligence & GenAI,Creative GenAI,CSA - Tech,Licencia,Medio,SI,Suscripcion anual 200 imagenes.,BLANCO,0.0,0.0,0.0,0.0,0.0,0.0,0.0,,,,,Nunca ofrecido,,True
TRICOT,Tricot,Retail Vestuario,Tricot,Emergente,,C-GenIA - Basic (200 images) per month,C-GenIA Basic Mensual,C-GenIA Mensual,Creative Intelligence & GenAI,Creative GenAI,CSA - Tech,Recurrente,Medio,SI,Suscripcion mensual 200 imagenes.,BLANCO,0.0,0.0,0.0,0.0,0.0,0.0,0.0,,,,,Nunca ofrecido,,True
TRICOT,Tricot,Retail Vestuario,Tricot,Emergente,,VIGenAIr,VIGenAIr,VIGenAIr,Creative Intelligence & GenAI,Video GenAI,CSA - Tech,Proyecto,Medio,SI,Reedicion de video con GenAI.,BLANCO,0.0,0.0,0.0,0.0,0.0,0.0,0.0,,,,,Nunca ofrecido,,True
TRICOT,Tricot,Retail Vestuario,Tricot,Emergente,,1PD Integration (until 15 sources) - Google,1PD Integration,1PD Integration,Data Collection & Activacion,First Party Data,CSA - Tech,Proyecto,Alto,SI,Requiere madurez de datos en la cuenta.,BLANCO,0.0,0.0,0.0,0.0,0.0,0.0,0.0,,,,,Nunca ofrecido,,True
TRICOT,Tricot,Retail Vestuario,Tricot,Emergente,,CAPI Automated Offline Integration with CRM,CAPI Offline CRM,CAPI Offline CRM,Data Collection & Activacion,Server-Side / CAPI,CSA - Tech,Proyecto,Medio,SI,Upsell natural sobre CAPI Gateway.,BLANCO,0.0,0.0,0.0,0.0,0.0,0.0,0.0,,,,,Nunca ofrecido,,True
TRICOT,Tricot,Retail Vestuario,Tricot,Emergente,,CAPI x Gateway by CSA - look for special ratecard,CAPI x Gateway,CAPI x Gateway,Data Collection & Activacion,Server-Side / CAPI,CSA - Tech,Recurrente,Bajo,SI,Anclaje tecnico recurrente. Alto win rate.,BLANCO,0.0,0.0,0.0,0.0,0.0,0.0,0.0,,,,,Nunca ofrecido,,True
TRICOT,Tricot,Retail Vestuario,Tricot,Emergente,,Performance Powered Conversions (ECL),Performance Powered Conversions (ECL),Perf. Powered Conv.,Data Collection & Activacion,Conversiones Avanzadas,CSA - Tech,Proyecto,Bajo,SI,Enhanced Conversions for Leads.,BLANCO,0.0,0.0,0.0,0.0,0.0,0.0,0.0,,,,,Nunca ofrecido,,True
TRICOT,Tricot,Retail Vestuario,Tricot,Emergente,,Licencias GA4 360,Licencias GA4 360,Licencias GA4 360,Licencias & Plataformas,Licencias Analytics,CSA - Tech,Licencia,Alto,SI,Renovacion anual. Revisar ciclo de contrato.,BLANCO,0.0,0.0,0.0,0.0,0.0,0.0,0.0,,,,,Nunca ofrecido,,True
TRICOT,Tricot,Retail Vestuario,Tricot,Emergente,,Licencias SA/DV360,Licencias SA/DV360,Licencias SA/DV360,Licencias & Plataformas,Licencias Media,CSA - Tech,Licencia,Alto,SI,Search Ads 360 / Display & Video 360.,BLANCO,0.0,0.0,0.0,0.0,0.0,0.0,0.0,,,,,Nunca ofrecido,,True
TRICOT,Tricot,Retail Vestuario,Tricot,Emergente,,People data fee Media,People Data Fee Media,People Data Fee,Licencias & Plataformas,Data Fee,CSA - Tech,Recurrente,Alto,SI,Fee recurrente asociado a media.,BLANCO,0.0,0.0,0.0,0.0,0.0,0.0,0.0,,,,,Nunca ofrecido,,True
TRICOT,Tricot,Retail Vestuario,Tricot,Emergente,,Curves Base contract: 4 channels/2 updates,Curves Base Contract,Curves Base,Measurement & Efectividad,Curvas de Inversion,CSA - Science,Recurrente,Medio,SI,Contrato base con actualizaciones periodicas.,BLANCO,0.0,0.0,0.0,0.0,0.0,0.0,0.0,,,,,Nunca ofrecido,,True
TRICOT,Tricot,Retail Vestuario,Tricot,Emergente,,Geolift,Geolift,Geolift,Measurement & Efectividad,Incrementalidad & Experimentos,CSA - Science,Proyecto,Bajo,SI,Test de incrementalidad geografica.,BLANCO,0.0,0.0,0.0,0.0,0.0,0.0,0.0,,,,,Nunca ofrecido,,True
TRICOT,Tricot,Retail Vestuario,Tricot,Emergente,,Investment Curves (by conversion:channel),Investment Curves,Investment Curves,Measurement & Efectividad,Curvas de Inversion,CSA - Science,Proyecto,Bajo,SI,Curvas de saturacion por canal.,BLANCO,0.0,0.0,0.0,0.0,0.0,0.0,0.0,,,,,Nunca ofrecido,,True
TRICOT,Tricot,Retail Vestuario,Tricot,Emergente,,MIM Bayesiano,MIM Bayesiano,MIM Bayesiano,Measurement & Efectividad,Marketing Mix Modeling,CSA - Science,Proyecto,Alto,SI,Modelo de inversion bayesiano.,BLANCO,0.0,0.0,0.0,0.0,0.0,0.0,0.0,,,,,Nunca ofrecido,,True
TRICOT,Tricot,Retail Vestuario,Tricot,Emergente,,MMM Marketing Mix Modeling (without data collection process),MMM Full,MMM Full,Measurement & Efectividad,Marketing Mix Modeling,CSA - Science,Proyecto,Alto,SI,MMM completo sin recoleccion de datos.,BLANCO,0.0,0.0,0.0,0.0,0.0,0.0,0.0,,,,,Nunca ofrecido,,True
TRICOT,Tricot,Retail Vestuario,Tricot,Emergente,,MMM Lite,MMM Lite,MMM Lite,Measurement & Efectividad,Marketing Mix Modeling,CSA - Science,Proyecto,Alto,SI,Version ligera de MMM. Entrada al mundo Science.,BLANCO,0.0,0.0,0.0,0.0,0.0,0.0,0.0,,,,,Nunca ofrecido,,True
TRICOT,Tricot,Retail Vestuario,Tricot,Emergente,,Meridian Google Founds,Meridian (Google Funds),Meridian,Measurement & Efectividad,Marketing Mix Modeling,CSA - Science,Proyecto,Alto,SI,Financiado por Google. Excelente puerta de entrada a Science.,BLANCO,0.0,0.0,0.0,0.0,0.0,0.0,0.0,,,,,Nunca ofrecido,,True
TRICOT,Tricot,Retail Vestuario,Tricot,Emergente,,Nested (MMM + BEM) without Data Collection,Nested (MMM + BEM),Nested MMM+BEM,Measurement & Efectividad,Marketing Mix Modeling,CSA - Science,Proyecto,Alto,SI,MMM anidado con Brand Equity Model.,BLANCO,0.0,0.0,0.0,0.0,0.0,0.0,0.0,,,,,Nunca ofrecido,,True
TUA,TUA,Por clasificar,Por clasificar,Emergente,Completar industria y grupo economico.,Custom Bidding,Custom Bidding,Custom Bidding,Activacion & Bidding,Bidding Avanzado,CSA - Tech,Proyecto,Medio,SI,Requiere DV360 y senales propias.,BLANCO,0.0,0.0,0.0,0.0,0.0,0.0,0.0,,,,,Nunca ofrecido,,True
TUA,TUA,Por clasificar,Por clasificar,Emergente,Completar industria y grupo economico.,BI Services,BI Services,BI Services,Analytics & Optimizacion Digital,Business Intelligence,CSA - Tech,Proyecto,Bajo,SI,Dashboards y visualizacion. Buen gancho para escalar.,BLANCO,0.0,0.0,0.0,0.0,0.0,0.0,0.0,,,,,Nunca ofrecido,,True
TUA,TUA,Por clasificar,Por clasificar,Emergente,Completar industria y grupo economico.,Online Data Optimization - Basic,Online Data Optimization - Basic,ODO Basic,Analytics & Optimizacion Digital,Online Data Optimization,CSA - Tech,Proyecto,Bajo,SI,Version reducida de ODO.,BLANCO,0.0,0.0,0.0,0.0,0.0,0.0,0.0,,,,,Nunca ofrecido,,True
TUA,TUA,Por clasificar,Por clasificar,Emergente,Completar industria y grupo economico.,Online Data Optimization - sites with E-commerce,Online Data Optimization - E-commerce,ODO E-commerce,Analytics & Optimizacion Digital,Online Data Optimization,CSA - Tech,Proyecto,Medio,SI,Auditoria y remediacion de medicion en sitios transaccionales.,EN_CURSO,2.0,0.0,1.0,1.0,0.0,8644.05,8669.47,2026-06-25,2026-08-14,2026-08-14,En pitch | Perdido,En curso,PITCH,False
TUA,TUA,Por clasificar,Por clasificar,Emergente,Completar industria y grupo economico.,Online Data Optimization - sites without E-commerce,Online Data Optimization - No E-commerce,ODO sin E-commerce,Analytics & Optimizacion Digital,Online Data Optimization,CSA - Tech,Proyecto,Bajo,SI,Version para sitios sin transaccion.,BLANCO,0.0,0.0,0.0,0.0,0.0,0.0,0.0,,,,,Nunca ofrecido,,True
TUA,TUA,Por clasificar,Por clasificar,Emergente,Completar industria y grupo economico.,SEO,SEO,SEO,Analytics & Optimizacion Digital,SEO,CSA - Tech,Proyecto,Alto,SI,Ticket alto y ciclo de venta largo.,BLANCO,0.0,0.0,0.0,0.0,0.0,0.0,0.0,,,,,Nunca ofrecido,,True
TUA,TUA,Por clasificar,Por clasificar,Emergente,Completar industria y grupo economico.,Shopping Insider / Feed AI,Shopping Insider / Feed AI,Shopping Insider,Analytics & Optimizacion Digital,Retail & Feed,CSA - Tech,Proyecto,Bajo,SI,Solo aplica a cuentas con e-commerce y feed de productos.,BLANCO,0.0,0.0,0.0,0.0,0.0,0.0,0.0,,,,,Nunca ofrecido,,True
TUA,TUA,Por clasificar,Por clasificar,Emergente,Completar industria y grupo economico.,Consulting Ad Hoc,Consulting Ad Hoc,Consulting Ad Hoc,Consultoria & Ad Hoc,Consultoria Estrategica,CSA - Tech,Proyecto,Bajo,SI,Puerta de entrada. Alta frecuencia y bajo ticket.,BLANCO,0.0,0.0,0.0,0.0,0.0,0.0,0.0,,,,,Nunca ofrecido,,True
TUA,TUA,Por clasificar,Por clasificar,Emergente,Completar industria y grupo economico.,Science Ad Hoc,Science Ad Hoc,Science Ad Hoc,Consultoria & Ad Hoc,Servicios Science,CSA - Science,Proyecto,Medio,SI,Bolsa de horas de data science.,BLANCO,0.0,0.0,0.0,0.0,0.0,0.0,0.0,,,,,Nunca ofrecido,,True
TUA,TUA,Por clasificar,Por clasificar,Emergente,Completar industria y grupo economico.,Tech Services Ad Hoc,Tech Services Ad Hoc,Tech Services Ad Hoc,Consultoria & Ad Hoc,Servicios Tech,CSA - Tech,Proyecto,Bajo,SI,Bolsa de horas tecnicas.,EJECUTADO,2.0,1.0,1.0,0.0,3254.23,0.0,2489.09,2026-05-29,2026-06-25,2026-05-29,Ganado | Perdido,Ejecutado,EJEC,False
TUA,TUA,Por clasificar,Por clasificar,Emergente,Completar industria y grupo economico.,ABCD Detector - Basic (20 Videos) per month,ABCD Detector,ABCD Detector,Creative Intelligence & GenAI,Creative Analytics,CSA - Tech,Recurrente,Bajo,SI,Diagnostico de creatividades en video. Ticket bajo = buen abrepuertas.,EN_CURSO,1.0,0.0,0.0,1.0,0.0,506.29,0.0,2026-06-23,2026-06-23,,Prospectado,En curso,PITCH,False
TUA,TUA,Por clasificar,Por clasificar,Emergente,Completar industria y grupo economico.,C-GenIA,C-GenIA,C-GenIA,Creative Intelligence & GenAI,Creative GenAI,CSA - Tech,Proyecto,Alto,SI,Version proyecto de generacion creativa.,BLANCO,0.0,0.0,0.0,0.0,0.0,0.0,0.0,,,,,Nunca ofrecido,,True
TUA,TUA,Por clasificar,Por clasificar,Emergente,Completar industria y grupo economico.,C-GenIA - Basic (200 images) Annual Subscription,C-GenIA Basic Anual,C-GenIA Anual,Creative Intelligence & GenAI,Creative GenAI,CSA - Tech,Licencia,Medio,SI,Suscripcion anual 200 imagenes.,BLANCO,0.0,0.0,0.0,0.0,0.0,0.0,0.0,,,,,Nunca ofrecido,,True
TUA,TUA,Por clasificar,Por clasificar,Emergente,Completar industria y grupo economico.,C-GenIA - Basic (200 images) per month,C-GenIA Basic Mensual,C-GenIA Mensual,Creative Intelligence & GenAI,Creative GenAI,CSA - Tech,Recurrente,Medio,SI,Suscripcion mensual 200 imagenes.,BLANCO,0.0,0.0,0.0,0.0,0.0,0.0,0.0,,,,,Nunca ofrecido,,True
TUA,TUA,Por clasificar,Por clasificar,Emergente,Completar industria y grupo economico.,VIGenAIr,VIGenAIr,VIGenAIr,Creative Intelligence & GenAI,Video GenAI,CSA - Tech,Proyecto,Medio,SI,Reedicion de video con GenAI.,BLANCO,0.0,0.0,0.0,0.0,0.0,0.0,0.0,,,,,Nunca ofrecido,,True
TUA,TUA,Por clasificar,Por clasificar,Emergente,Completar industria y grupo economico.,1PD Integration (until 15 sources) - Google,1PD Integration,1PD Integration,Data Collection & Activacion,First Party Data,CSA - Tech,Proyecto,Alto,SI,Requiere madurez de datos en la cuenta.,BLANCO,0.0,0.0,0.0,0.0,0.0,0.0,0.0,,,,,Nunca ofrecido,,True
TUA,TUA,Por clasificar,Por clasificar,Emergente,Completar industria y grupo economico.,CAPI Automated Offline Integration with CRM,CAPI Offline CRM,CAPI Offline CRM,Data Collection & Activacion,Server-Side / CAPI,CSA - Tech,Proyecto,Medio,SI,Upsell natural sobre CAPI Gateway.,BLANCO,0.0,0.0,0.0,0.0,0.0,0.0,0.0,,,,,Nunca ofrecido,,True
TUA,TUA,Por clasificar,Por clasificar,Emergente,Completar industria y grupo economico.,CAPI x Gateway by CSA - look for special ratecard,CAPI x Gateway,CAPI x Gateway,Data Collection & Activacion,Server-Side / CAPI,CSA - Tech,Recurrente,Bajo,SI,Anclaje tecnico recurrente. Alto win rate.,BLANCO,0.0,0.0,0.0,0.0,0.0,0.0,0.0,,,,,Nunca ofrecido,,True
TUA,TUA,Por clasificar,Por clasificar,Emergente,Completar industria y grupo economico.,Performance Powered Conversions (ECL),Performance Powered Conversions (ECL),Perf. Powered Conv.,Data Collection & Activacion,Conversiones Avanzadas,CSA - Tech,Proyecto,Bajo,SI,Enhanced Conversions for Leads.,BLANCO,0.0,0.0,0.0,0.0,0.0,0.0,0.0,,,,,Nunca ofrecido,,True
TUA,TUA,Por clasificar,Por clasificar,Emergente,Completar industria y grupo economico.,Licencias GA4 360,Licencias GA4 360,Licencias GA4 360,Licencias & Plataformas,Licencias Analytics,CSA - Tech,Licencia,Alto,SI,Renovacion anual. Revisar ciclo de contrato.,BLANCO,0.0,0.0,0.0,0.0,0.0,0.0,0.0,,,,,Nunca ofrecido,,True
TUA,TUA,Por clasificar,Por clasificar,Emergente,Completar industria y grupo economico.,Licencias SA/DV360,Licencias SA/DV360,Licencias SA/DV360,Licencias & Plataformas,Licencias Media,CSA - Tech,Licencia,Alto,SI,Search Ads 360 / Display & Video 360.,BLANCO,0.0,0.0,0.0,0.0,0.0,0.0,0.0,,,,,Nunca ofrecido,,True
TUA,TUA,Por clasificar,Por clasificar,Emergente,Completar industria y grupo economico.,People data fee Media,People Data Fee Media,People Data Fee,Licencias & Plataformas,Data Fee,CSA - Tech,Recurrente,Alto,SI,Fee recurrente asociado a media.,BLANCO,0.0,0.0,0.0,0.0,0.0,0.0,0.0,,,,,Nunca ofrecido,,True
TUA,TUA,Por clasificar,Por clasificar,Emergente,Completar industria y grupo economico.,Curves Base contract: 4 channels/2 updates,Curves Base Contract,Curves Base,Measurement & Efectividad,Curvas de Inversion,CSA - Science,Recurrente,Medio,SI,Contrato base con actualizaciones periodicas.,BLANCO,0.0,0.0,0.0,0.0,0.0,0.0,0.0,,,,,Nunca ofrecido,,True
TUA,TUA,Por clasificar,Por clasificar,Emergente,Completar industria y grupo economico.,Geolift,Geolift,Geolift,Measurement & Efectividad,Incrementalidad & Experimentos,CSA - Science,Proyecto,Bajo,SI,Test de incrementalidad geografica.,BLANCO,0.0,0.0,0.0,0.0,0.0,0.0,0.0,,,,,Nunca ofrecido,,True
TUA,TUA,Por clasificar,Por clasificar,Emergente,Completar industria y grupo economico.,Investment Curves (by conversion:channel),Investment Curves,Investment Curves,Measurement & Efectividad,Curvas de Inversion,CSA - Science,Proyecto,Bajo,SI,Curvas de saturacion por canal.,BLANCO,0.0,0.0,0.0,0.0,0.0,0.0,0.0,,,,,Nunca ofrecido,,True
TUA,TUA,Por clasificar,Por clasificar,Emergente,Completar industria y grupo economico.,MIM Bayesiano,MIM Bayesiano,MIM Bayesiano,Measurement & Efectividad,Marketing Mix Modeling,CSA - Science,Proyecto,Alto,SI,Modelo de inversion bayesiano.,BLANCO,0.0,0.0,0.0,0.0,0.0,0.0,0.0,,,,,Nunca ofrecido,,True
TUA,TUA,Por clasificar,Por clasificar,Emergente,Completar industria y grupo economico.,MMM Marketing Mix Modeling (without data collection process),MMM Full,MMM Full,Measurement & Efectividad,Marketing Mix Modeling,CSA - Science,Proyecto,Alto,SI,MMM completo sin recoleccion de datos.,BLANCO,0.0,0.0,0.0,0.0,0.0,0.0,0.0,,,,,Nunca ofrecido,,True
TUA,TUA,Por clasificar,Por clasificar,Emergente,Completar industria y grupo economico.,MMM Lite,MMM Lite,MMM Lite,Measurement & Efectividad,Marketing Mix Modeling,CSA - Science,Proyecto,Alto,SI,Version ligera de MMM. Entrada al mundo Science.,BLANCO,0.0,0.0,0.0,0.0,0.0,0.0,0.0,,,,,Nunca ofrecido,,True
TUA,TUA,Por clasificar,Por clasificar,Emergente,Completar industria y grupo economico.,Meridian Google Founds,Meridian (Google Funds),Meridian,Measurement & Efectividad,Marketing Mix Modeling,CSA - Science,Proyecto,Alto,SI,Financiado por Google. Excelente puerta de entrada a Science.,BLANCO,0.0,0.0,0.0,0.0,0.0,0.0,0.0,,,,,Nunca ofrecido,,True
TUA,TUA,Por clasificar,Por clasificar,Emergente,Completar industria y grupo economico.,Nested (MMM + BEM) without Data Collection,Nested (MMM + BEM),Nested MMM+BEM,Measurement & Efectividad,Marketing Mix Modeling,CSA - Science,Proyecto,Alto,SI,MMM anidado con Brand Equity Model.,BLANCO,0.0,0.0,0.0,0.0,0.0,0.0,0.0,,,,,Nunca ofrecido,,True
VERISURE,Verisure,Servicios Hogar & Seguridad,Verisure,Desarrollo,,Custom Bidding,Custom Bidding,Custom Bidding,Activacion & Bidding,Bidding Avanzado,CSA - Tech,Proyecto,Medio,SI,Requiere DV360 y senales propias.,BLANCO,0.0,0.0,0.0,0.0,0.0,0.0,0.0,,,,,Nunca ofrecido,,True
VERISURE,Verisure,Servicios Hogar & Seguridad,Verisure,Desarrollo,,BI Services,BI Services,BI Services,Analytics & Optimizacion Digital,Business Intelligence,CSA - Tech,Proyecto,Bajo,SI,Dashboards y visualizacion. Buen gancho para escalar.,BLANCO,0.0,0.0,0.0,0.0,0.0,0.0,0.0,,,,,Nunca ofrecido,,True
VERISURE,Verisure,Servicios Hogar & Seguridad,Verisure,Desarrollo,,Online Data Optimization - Basic,Online Data Optimization - Basic,ODO Basic,Analytics & Optimizacion Digital,Online Data Optimization,CSA - Tech,Proyecto,Bajo,SI,Version reducida de ODO.,BLANCO,0.0,0.0,0.0,0.0,0.0,0.0,0.0,,,,,Nunca ofrecido,,True
VERISURE,Verisure,Servicios Hogar & Seguridad,Verisure,Desarrollo,,Online Data Optimization - sites with E-commerce,Online Data Optimization - E-commerce,ODO E-commerce,Analytics & Optimizacion Digital,Online Data Optimization,CSA - Tech,Proyecto,Medio,SI,Auditoria y remediacion de medicion en sitios transaccionales.,BLANCO,0.0,0.0,0.0,0.0,0.0,0.0,0.0,,,,,Nunca ofrecido,,True
VERISURE,Verisure,Servicios Hogar & Seguridad,Verisure,Desarrollo,,Online Data Optimization - sites without E-commerce,Online Data Optimization - No E-commerce,ODO sin E-commerce,Analytics & Optimizacion Digital,Online Data Optimization,CSA - Tech,Proyecto,Bajo,SI,Version para sitios sin transaccion.,BLANCO,0.0,0.0,0.0,0.0,0.0,0.0,0.0,,,,,Nunca ofrecido,,True
VERISURE,Verisure,Servicios Hogar & Seguridad,Verisure,Desarrollo,,SEO,SEO,SEO,Analytics & Optimizacion Digital,SEO,CSA - Tech,Proyecto,Alto,SI,Ticket alto y ciclo de venta largo.,BLANCO,0.0,0.0,0.0,0.0,0.0,0.0,0.0,,,,,Nunca ofrecido,,True
VERISURE,Verisure,Servicios Hogar & Seguridad,Verisure,Desarrollo,,Shopping Insider / Feed AI,Shopping Insider / Feed AI,Shopping Insider,Analytics & Optimizacion Digital,Retail & Feed,CSA - Tech,Proyecto,Bajo,SI,Solo aplica a cuentas con e-commerce y feed de productos.,BLANCO,0.0,0.0,0.0,0.0,0.0,0.0,0.0,,,,,Nunca ofrecido,,True
VERISURE,Verisure,Servicios Hogar & Seguridad,Verisure,Desarrollo,,Consulting Ad Hoc,Consulting Ad Hoc,Consulting Ad Hoc,Consultoria & Ad Hoc,Consultoria Estrategica,CSA - Tech,Proyecto,Bajo,SI,Puerta de entrada. Alta frecuencia y bajo ticket.,BLANCO,0.0,0.0,0.0,0.0,0.0,0.0,0.0,,,,,Nunca ofrecido,,True
VERISURE,Verisure,Servicios Hogar & Seguridad,Verisure,Desarrollo,,Science Ad Hoc,Science Ad Hoc,Science Ad Hoc,Consultoria & Ad Hoc,Servicios Science,CSA - Science,Proyecto,Medio,SI,Bolsa de horas de data science.,BLANCO,0.0,0.0,0.0,0.0,0.0,0.0,0.0,,,,,Nunca ofrecido,,True
VERISURE,Verisure,Servicios Hogar & Seguridad,Verisure,Desarrollo,,Tech Services Ad Hoc,Tech Services Ad Hoc,Tech Services Ad Hoc,Consultoria & Ad Hoc,Servicios Tech,CSA - Tech,Proyecto,Bajo,SI,Bolsa de horas tecnicas.,BLANCO,0.0,0.0,0.0,0.0,0.0,0.0,0.0,,,,,Nunca ofrecido,,True
VERISURE,Verisure,Servicios Hogar & Seguridad,Verisure,Desarrollo,,ABCD Detector - Basic (20 Videos) per month,ABCD Detector,ABCD Detector,Creative Intelligence & GenAI,Creative Analytics,CSA - Tech,Recurrente,Bajo,SI,Diagnostico de creatividades en video. Ticket bajo = buen abrepuertas.,PERDIDO,2.0,0.0,2.0,0.0,0.0,0.0,7101.37,2025-06-30,2026-05-20,2026-05-20,Perdido,Ofrecido y perdido,PERD,False
VERISURE,Verisure,Servicios Hogar & Seguridad,Verisure,Desarrollo,,C-GenIA,C-GenIA,C-GenIA,Creative Intelligence & GenAI,Creative GenAI,CSA - Tech,Proyecto,Alto,SI,Version proyecto de generacion creativa.,BLANCO,0.0,0.0,0.0,0.0,0.0,0.0,0.0,,,,,Nunca ofrecido,,True
VERISURE,Verisure,Servicios Hogar & Seguridad,Verisure,Desarrollo,,C-GenIA - Basic (200 images) Annual Subscription,C-GenIA Basic Anual,C-GenIA Anual,Creative Intelligence & GenAI,Creative GenAI,CSA - Tech,Licencia,Medio,SI,Suscripcion anual 200 imagenes.,BLANCO,0.0,0.0,0.0,0.0,0.0,0.0,0.0,,,,,Nunca ofrecido,,True
VERISURE,Verisure,Servicios Hogar & Seguridad,Verisure,Desarrollo,,C-GenIA - Basic (200 images) per month,C-GenIA Basic Mensual,C-GenIA Mensual,Creative Intelligence & GenAI,Creative GenAI,CSA - Tech,Recurrente,Medio,SI,Suscripcion mensual 200 imagenes.,PERDIDO,1.0,0.0,1.0,0.0,0.0,0.0,9661.0,2026-05-20,2026-05-20,2026-05-20,Perdido,Ofrecido y perdido,PERD,False
VERISURE,Verisure,Servicios Hogar & Seguridad,Verisure,Desarrollo,,VIGenAIr,VIGenAIr,VIGenAIr,Creative Intelligence & GenAI,Video GenAI,CSA - Tech,Proyecto,Medio,SI,Reedicion de video con GenAI.,BLANCO,0.0,0.0,0.0,0.0,0.0,0.0,0.0,,,,,Nunca ofrecido,,True
VERISURE,Verisure,Servicios Hogar & Seguridad,Verisure,Desarrollo,,1PD Integration (until 15 sources) - Google,1PD Integration,1PD Integration,Data Collection & Activacion,First Party Data,CSA - Tech,Proyecto,Alto,SI,Requiere madurez de datos en la cuenta.,BLANCO,0.0,0.0,0.0,0.0,0.0,0.0,0.0,,,,,Nunca ofrecido,,True
VERISURE,Verisure,Servicios Hogar & Seguridad,Verisure,Desarrollo,,CAPI Automated Offline Integration with CRM,CAPI Offline CRM,CAPI Offline CRM,Data Collection & Activacion,Server-Side / CAPI,CSA - Tech,Proyecto,Medio,SI,Upsell natural sobre CAPI Gateway.,BLANCO,0.0,0.0,0.0,0.0,0.0,0.0,0.0,,,,,Nunca ofrecido,,True
VERISURE,Verisure,Servicios Hogar & Seguridad,Verisure,Desarrollo,,CAPI x Gateway by CSA - look for special ratecard,CAPI x Gateway,CAPI x Gateway,Data Collection & Activacion,Server-Side / CAPI,CSA - Tech,Recurrente,Bajo,SI,Anclaje tecnico recurrente. Alto win rate.,BLANCO,0.0,0.0,0.0,0.0,0.0,0.0,0.0,,,,,Nunca ofrecido,,True
VERISURE,Verisure,Servicios Hogar & Seguridad,Verisure,Desarrollo,,Performance Powered Conversions (ECL),Performance Powered Conversions (ECL),Perf. Powered Conv.,Data Collection & Activacion,Conversiones Avanzadas,CSA - Tech,Proyecto,Bajo,SI,Enhanced Conversions for Leads.,BLANCO,0.0,0.0,0.0,0.0,0.0,0.0,0.0,,,,,Nunca ofrecido,,True
VERISURE,Verisure,Servicios Hogar & Seguridad,Verisure,Desarrollo,,Licencias GA4 360,Licencias GA4 360,Licencias GA4 360,Licencias & Plataformas,Licencias Analytics,CSA - Tech,Licencia,Alto,SI,Renovacion anual. Revisar ciclo de contrato.,BLANCO,0.0,0.0,0.0,0.0,0.0,0.0,0.0,,,,,Nunca ofrecido,,True
VERISURE,Verisure,Servicios Hogar & Seguridad,Verisure,Desarrollo,,Licencias SA/DV360,Licencias SA/DV360,Licencias SA/DV360,Licencias & Plataformas,Licencias Media,CSA - Tech,Licencia,Alto,SI,Search Ads 360 / Display & Video 360.,BLANCO,0.0,0.0,0.0,0.0,0.0,0.0,0.0,,,,,Nunca ofrecido,,True
VERISURE,Verisure,Servicios Hogar & Seguridad,Verisure,Desarrollo,,People data fee Media,People Data Fee Media,People Data Fee,Licencias & Plataformas,Data Fee,CSA - Tech,Recurrente,Alto,SI,Fee recurrente asociado a media.,BLANCO,0.0,0.0,0.0,0.0,0.0,0.0,0.0,,,,,Nunca ofrecido,,True
VERISURE,Verisure,Servicios Hogar & Seguridad,Verisure,Desarrollo,,Curves Base contract: 4 channels/2 updates,Curves Base Contract,Curves Base,Measurement & Efectividad,Curvas de Inversion,CSA - Science,Recurrente,Medio,SI,Contrato base con actualizaciones periodicas.,BLANCO,0.0,0.0,0.0,0.0,0.0,0.0,0.0,,,,,Nunca ofrecido,,True
VERISURE,Verisure,Servicios Hogar & Seguridad,Verisure,Desarrollo,,Geolift,Geolift,Geolift,Measurement & Efectividad,Incrementalidad & Experimentos,CSA - Science,Proyecto,Bajo,SI,Test de incrementalidad geografica.,BLANCO,0.0,0.0,0.0,0.0,0.0,0.0,0.0,,,,,Nunca ofrecido,,True
VERISURE,Verisure,Servicios Hogar & Seguridad,Verisure,Desarrollo,,Investment Curves (by conversion:channel),Investment Curves,Investment Curves,Measurement & Efectividad,Curvas de Inversion,CSA - Science,Proyecto,Bajo,SI,Curvas de saturacion por canal.,PERDIDO,1.0,0.0,1.0,0.0,0.0,0.0,1271.18,2026-06-03,2026-06-03,2026-06-03,Perdido,Ofrecido y perdido,PERD,False
VERISURE,Verisure,Servicios Hogar & Seguridad,Verisure,Desarrollo,,MIM Bayesiano,MIM Bayesiano,MIM Bayesiano,Measurement & Efectividad,Marketing Mix Modeling,CSA - Science,Proyecto,Alto,SI,Modelo de inversion bayesiano.,PERDIDO,1.0,0.0,1.0,0.0,0.0,0.0,28780.14,2025-08-30,2025-08-30,2025-08-30,Perdido,Ofrecido y perdido,PERD,False
VERISURE,Verisure,Servicios Hogar & Seguridad,Verisure,Desarrollo,,MMM Marketing Mix Modeling (without data collection process),MMM Full,MMM Full,Measurement & Efectividad,Marketing Mix Modeling,CSA - Science,Proyecto,Alto,SI,MMM completo sin recoleccion de datos.,BLANCO,0.0,0.0,0.0,0.0,0.0,0.0,0.0,,,,,Nunca ofrecido,,True
VERISURE,Verisure,Servicios Hogar & Seguridad,Verisure,Desarrollo,,MMM Lite,MMM Lite,MMM Lite,Measurement & Efectividad,Marketing Mix Modeling,CSA - Science,Proyecto,Alto,SI,Version ligera de MMM. Entrada al mundo Science.,PERDIDO,1.0,0.0,1.0,0.0,0.0,0.0,25668.77,2025-12-27,2025-12-27,2025-12-27,Perdido,Ofrecido y perdido,PERD,False
VERISURE,Verisure,Servicios Hogar & Seguridad,Verisure,Desarrollo,,Meridian Google Founds,Meridian (Google Funds),Meridian,Measurement & Efectividad,Marketing Mix Modeling,CSA - Science,Proyecto,Alto,SI,Financiado por Google. Excelente puerta de entrada a Science.,BLANCO,0.0,0.0,0.0,0.0,0.0,0.0,0.0,,,,,Nunca ofrecido,,True
VERISURE,Verisure,Servicios Hogar & Seguridad,Verisure,Desarrollo,,Nested (MMM + BEM) without Data Collection,Nested (MMM + BEM),Nested MMM+BEM,Measurement & Efectividad,Marketing Mix Modeling,CSA - Science,Proyecto,Alto,SI,MMM anidado con Brand Equity Model.,BLANCO,0.0,0.0,0.0,0.0,0.0,0.0,0.0,,,,,Nunca ofrecido,,True
WATTS,Watts,CPG Alimentos,Watts,Desarrollo,,Custom Bidding,Custom Bidding,Custom Bidding,Activacion & Bidding,Bidding Avanzado,CSA - Tech,Proyecto,Medio,SI,Requiere DV360 y senales propias.,BLANCO,0.0,0.0,0.0,0.0,0.0,0.0,0.0,,,,,Nunca ofrecido,,True
WATTS,Watts,CPG Alimentos,Watts,Desarrollo,,BI Services,BI Services,BI Services,Analytics & Optimizacion Digital,Business Intelligence,CSA - Tech,Proyecto,Bajo,SI,Dashboards y visualizacion. Buen gancho para escalar.,BLANCO,0.0,0.0,0.0,0.0,0.0,0.0,0.0,,,,,Nunca ofrecido,,True
WATTS,Watts,CPG Alimentos,Watts,Desarrollo,,Online Data Optimization - Basic,Online Data Optimization - Basic,ODO Basic,Analytics & Optimizacion Digital,Online Data Optimization,CSA - Tech,Proyecto,Bajo,SI,Version reducida de ODO.,BLANCO,0.0,0.0,0.0,0.0,0.0,0.0,0.0,,,,,Nunca ofrecido,,True
WATTS,Watts,CPG Alimentos,Watts,Desarrollo,,Online Data Optimization - sites with E-commerce,Online Data Optimization - E-commerce,ODO E-commerce,Analytics & Optimizacion Digital,Online Data Optimization,CSA - Tech,Proyecto,Medio,SI,Auditoria y remediacion de medicion en sitios transaccionales.,BLANCO,0.0,0.0,0.0,0.0,0.0,0.0,0.0,,,,,Nunca ofrecido,,True
WATTS,Watts,CPG Alimentos,Watts,Desarrollo,,Online Data Optimization - sites without E-commerce,Online Data Optimization - No E-commerce,ODO sin E-commerce,Analytics & Optimizacion Digital,Online Data Optimization,CSA - Tech,Proyecto,Bajo,SI,Version para sitios sin transaccion.,BLANCO,0.0,0.0,0.0,0.0,0.0,0.0,0.0,,,,,Nunca ofrecido,,True
WATTS,Watts,CPG Alimentos,Watts,Desarrollo,,SEO,SEO,SEO,Analytics & Optimizacion Digital,SEO,CSA - Tech,Proyecto,Alto,SI,Ticket alto y ciclo de venta largo.,BLANCO,0.0,0.0,0.0,0.0,0.0,0.0,0.0,,,,,Nunca ofrecido,,True
WATTS,Watts,CPG Alimentos,Watts,Desarrollo,,Shopping Insider / Feed AI,Shopping Insider / Feed AI,Shopping Insider,Analytics & Optimizacion Digital,Retail & Feed,CSA - Tech,Proyecto,Bajo,SI,Solo aplica a cuentas con e-commerce y feed de productos.,BLANCO,0.0,0.0,0.0,0.0,0.0,0.0,0.0,,,,,Nunca ofrecido,,True
WATTS,Watts,CPG Alimentos,Watts,Desarrollo,,Consulting Ad Hoc,Consulting Ad Hoc,Consulting Ad Hoc,Consultoria & Ad Hoc,Consultoria Estrategica,CSA - Tech,Proyecto,Bajo,SI,Puerta de entrada. Alta frecuencia y bajo ticket.,BLANCO,0.0,0.0,0.0,0.0,0.0,0.0,0.0,,,,,Nunca ofrecido,,True
WATTS,Watts,CPG Alimentos,Watts,Desarrollo,,Science Ad Hoc,Science Ad Hoc,Science Ad Hoc,Consultoria & Ad Hoc,Servicios Science,CSA - Science,Proyecto,Medio,SI,Bolsa de horas de data science.,BLANCO,0.0,0.0,0.0,0.0,0.0,0.0,0.0,,,,,Nunca ofrecido,,True
WATTS,Watts,CPG Alimentos,Watts,Desarrollo,,Tech Services Ad Hoc,Tech Services Ad Hoc,Tech Services Ad Hoc,Consultoria & Ad Hoc,Servicios Tech,CSA - Tech,Proyecto,Bajo,SI,Bolsa de horas tecnicas.,BLANCO,0.0,0.0,0.0,0.0,0.0,0.0,0.0,,,,,Nunca ofrecido,,True
WATTS,Watts,CPG Alimentos,Watts,Desarrollo,,ABCD Detector - Basic (20 Videos) per month,ABCD Detector,ABCD Detector,Creative Intelligence & GenAI,Creative Analytics,CSA - Tech,Recurrente,Bajo,SI,Diagnostico de creatividades en video. Ticket bajo = buen abrepuertas.,PERDIDO,1.0,0.0,1.0,0.0,0.0,0.0,3733.64,2025-06-30,2025-06-30,2025-06-30,Perdido,Ofrecido y perdido,PERD,False
WATTS,Watts,CPG Alimentos,Watts,Desarrollo,,C-GenIA,C-GenIA,C-GenIA,Creative Intelligence & GenAI,Creative GenAI,CSA - Tech,Proyecto,Alto,SI,Version proyecto de generacion creativa.,PERDIDO,1.0,0.0,1.0,0.0,0.0,0.0,7933.98,2025-12-27,2025-12-27,2025-12-27,Perdido,Ofrecido y perdido,PERD,False
WATTS,Watts,CPG Alimentos,Watts,Desarrollo,,C-GenIA - Basic (200 images) Annual Subscription,C-GenIA Basic Anual,C-GenIA Anual,Creative Intelligence & GenAI,Creative GenAI,CSA - Tech,Licencia,Medio,SI,Suscripcion anual 200 imagenes.,BLANCO,0.0,0.0,0.0,0.0,0.0,0.0,0.0,,,,,Nunca ofrecido,,True
WATTS,Watts,CPG Alimentos,Watts,Desarrollo,,C-GenIA - Basic (200 images) per month,C-GenIA Basic Mensual,C-GenIA Mensual,Creative Intelligence & GenAI,Creative GenAI,CSA - Tech,Recurrente,Medio,SI,Suscripcion mensual 200 imagenes.,BLANCO,0.0,0.0,0.0,0.0,0.0,0.0,0.0,,,,,Nunca ofrecido,,True
WATTS,Watts,CPG Alimentos,Watts,Desarrollo,,VIGenAIr,VIGenAIr,VIGenAIr,Creative Intelligence & GenAI,Video GenAI,CSA - Tech,Proyecto,Medio,SI,Reedicion de video con GenAI.,BLANCO,0.0,0.0,0.0,0.0,0.0,0.0,0.0,,,,,Nunca ofrecido,,True
WATTS,Watts,CPG Alimentos,Watts,Desarrollo,,1PD Integration (until 15 sources) - Google,1PD Integration,1PD Integration,Data Collection & Activacion,First Party Data,CSA - Tech,Proyecto,Alto,SI,Requiere madurez de datos en la cuenta.,BLANCO,0.0,0.0,0.0,0.0,0.0,0.0,0.0,,,,,Nunca ofrecido,,True
WATTS,Watts,CPG Alimentos,Watts,Desarrollo,,CAPI Automated Offline Integration with CRM,CAPI Offline CRM,CAPI Offline CRM,Data Collection & Activacion,Server-Side / CAPI,CSA - Tech,Proyecto,Medio,SI,Upsell natural sobre CAPI Gateway.,BLANCO,0.0,0.0,0.0,0.0,0.0,0.0,0.0,,,,,Nunca ofrecido,,True
WATTS,Watts,CPG Alimentos,Watts,Desarrollo,,CAPI x Gateway by CSA - look for special ratecard,CAPI x Gateway,CAPI x Gateway,Data Collection & Activacion,Server-Side / CAPI,CSA - Tech,Recurrente,Bajo,SI,Anclaje tecnico recurrente. Alto win rate.,BLANCO,0.0,0.0,0.0,0.0,0.0,0.0,0.0,,,,,Nunca ofrecido,,True
WATTS,Watts,CPG Alimentos,Watts,Desarrollo,,Performance Powered Conversions (ECL),Performance Powered Conversions (ECL),Perf. Powered Conv.,Data Collection & Activacion,Conversiones Avanzadas,CSA - Tech,Proyecto,Bajo,SI,Enhanced Conversions for Leads.,BLANCO,0.0,0.0,0.0,0.0,0.0,0.0,0.0,,,,,Nunca ofrecido,,True
WATTS,Watts,CPG Alimentos,Watts,Desarrollo,,Licencias GA4 360,Licencias GA4 360,Licencias GA4 360,Licencias & Plataformas,Licencias Analytics,CSA - Tech,Licencia,Alto,SI,Renovacion anual. Revisar ciclo de contrato.,BLANCO,0.0,0.0,0.0,0.0,0.0,0.0,0.0,,,,,Nunca ofrecido,,True
WATTS,Watts,CPG Alimentos,Watts,Desarrollo,,Licencias SA/DV360,Licencias SA/DV360,Licencias SA/DV360,Licencias & Plataformas,Licencias Media,CSA - Tech,Licencia,Alto,SI,Search Ads 360 / Display & Video 360.,BLANCO,0.0,0.0,0.0,0.0,0.0,0.0,0.0,,,,,Nunca ofrecido,,True
WATTS,Watts,CPG Alimentos,Watts,Desarrollo,,People data fee Media,People Data Fee Media,People Data Fee,Licencias & Plataformas,Data Fee,CSA - Tech,Recurrente,Alto,SI,Fee recurrente asociado a media.,BLANCO,0.0,0.0,0.0,0.0,0.0,0.0,0.0,,,,,Nunca ofrecido,,True
WATTS,Watts,CPG Alimentos,Watts,Desarrollo,,Curves Base contract: 4 channels/2 updates,Curves Base Contract,Curves Base,Measurement & Efectividad,Curvas de Inversion,CSA - Science,Recurrente,Medio,SI,Contrato base con actualizaciones periodicas.,BLANCO,0.0,0.0,0.0,0.0,0.0,0.0,0.0,,,,,Nunca ofrecido,,True
WATTS,Watts,CPG Alimentos,Watts,Desarrollo,,Geolift,Geolift,Geolift,Measurement & Efectividad,Incrementalidad & Experimentos,CSA - Science,Proyecto,Bajo,SI,Test de incrementalidad geografica.,BLANCO,0.0,0.0,0.0,0.0,0.0,0.0,0.0,,,,,Nunca ofrecido,,True
WATTS,Watts,CPG Alimentos,Watts,Desarrollo,,Investment Curves (by conversion:channel),Investment Curves,Investment Curves,Measurement & Efectividad,Curvas de Inversion,CSA - Science,Proyecto,Bajo,SI,Curvas de saturacion por canal.,BLANCO,0.0,0.0,0.0,0.0,0.0,0.0,0.0,,,,,Nunca ofrecido,,True
WATTS,Watts,CPG Alimentos,Watts,Desarrollo,,MIM Bayesiano,MIM Bayesiano,MIM Bayesiano,Measurement & Efectividad,Marketing Mix Modeling,CSA - Science,Proyecto,Alto,SI,Modelo de inversion bayesiano.,BLANCO,0.0,0.0,0.0,0.0,0.0,0.0,0.0,,,,,Nunca ofrecido,,True
WATTS,Watts,CPG Alimentos,Watts,Desarrollo,,MMM Marketing Mix Modeling (without data collection process),MMM Full,MMM Full,Measurement & Efectividad,Marketing Mix Modeling,CSA - Science,Proyecto,Alto,SI,MMM completo sin recoleccion de datos.,BLANCO,0.0,0.0,0.0,0.0,0.0,0.0,0.0,,,,,Nunca ofrecido,,True
WATTS,Watts,CPG Alimentos,Watts,Desarrollo,,MMM Lite,MMM Lite,MMM Lite,Measurement & Efectividad,Marketing Mix Modeling,CSA - Science,Proyecto,Alto,SI,Version ligera de MMM. Entrada al mundo Science.,PERDIDO,1.0,0.0,1.0,0.0,0.0,0.0,25668.77,2025-12-27,2025-12-27,2025-12-27,Perdido,Ofrecido y perdido,PERD,False
WATTS,Watts,CPG Alimentos,Watts,Desarrollo,,Meridian Google Founds,Meridian (Google Funds),Meridian,Measurement & Efectividad,Marketing Mix Modeling,CSA - Science,Proyecto,Alto,SI,Financiado por Google. Excelente puerta de entrada a Science.,BLANCO,0.0,0.0,0.0,0.0,0.0,0.0,0.0,,,,,Nunca ofrecido,,True
WATTS,Watts,CPG Alimentos,Watts,Desarrollo,,Nested (MMM + BEM) without Data Collection,Nested (MMM + BEM),Nested MMM+BEM,Measurement & Efectividad,Marketing Mix Modeling,CSA - Science,Proyecto,Alto,SI,MMM anidado con Brand Equity Model.,BLANCO,0.0,0.0,0.0,0.0,0.0,0.0,0.0,,,,,Nunca ofrecido,,True
WOM,WOM,Telco,WOM,Desarrollo,,Custom Bidding,Custom Bidding,Custom Bidding,Activacion & Bidding,Bidding Avanzado,CSA - Tech,Proyecto,Medio,SI,Requiere DV360 y senales propias.,BLANCO,0.0,0.0,0.0,0.0,0.0,0.0,0.0,,,,,Nunca ofrecido,,True
WOM,WOM,Telco,WOM,Desarrollo,,BI Services,BI Services,BI Services,Analytics & Optimizacion Digital,Business Intelligence,CSA - Tech,Proyecto,Bajo,SI,Dashboards y visualizacion. Buen gancho para escalar.,BLANCO,0.0,0.0,0.0,0.0,0.0,0.0,0.0,,,,,Nunca ofrecido,,True
WOM,WOM,Telco,WOM,Desarrollo,,Online Data Optimization - Basic,Online Data Optimization - Basic,ODO Basic,Analytics & Optimizacion Digital,Online Data Optimization,CSA - Tech,Proyecto,Bajo,SI,Version reducida de ODO.,BLANCO,0.0,0.0,0.0,0.0,0.0,0.0,0.0,,,,,Nunca ofrecido,,True
WOM,WOM,Telco,WOM,Desarrollo,,Online Data Optimization - sites with E-commerce,Online Data Optimization - E-commerce,ODO E-commerce,Analytics & Optimizacion Digital,Online Data Optimization,CSA - Tech,Proyecto,Medio,SI,Auditoria y remediacion de medicion en sitios transaccionales.,BLANCO,0.0,0.0,0.0,0.0,0.0,0.0,0.0,,,,,Nunca ofrecido,,True
WOM,WOM,Telco,WOM,Desarrollo,,Online Data Optimization - sites without E-commerce,Online Data Optimization - No E-commerce,ODO sin E-commerce,Analytics & Optimizacion Digital,Online Data Optimization,CSA - Tech,Proyecto,Bajo,SI,Version para sitios sin transaccion.,BLANCO,0.0,0.0,0.0,0.0,0.0,0.0,0.0,,,,,Nunca ofrecido,,True
WOM,WOM,Telco,WOM,Desarrollo,,SEO,SEO,SEO,Analytics & Optimizacion Digital,SEO,CSA - Tech,Proyecto,Alto,SI,Ticket alto y ciclo de venta largo.,BLANCO,0.0,0.0,0.0,0.0,0.0,0.0,0.0,,,,,Nunca ofrecido,,True
WOM,WOM,Telco,WOM,Desarrollo,,Shopping Insider / Feed AI,Shopping Insider / Feed AI,Shopping Insider,Analytics & Optimizacion Digital,Retail & Feed,CSA - Tech,Proyecto,Bajo,SI,Solo aplica a cuentas con e-commerce y feed de productos.,BLANCO,0.0,0.0,0.0,0.0,0.0,0.0,0.0,,,,,Nunca ofrecido,,True
WOM,WOM,Telco,WOM,Desarrollo,,Consulting Ad Hoc,Consulting Ad Hoc,Consulting Ad Hoc,Consultoria & Ad Hoc,Consultoria Estrategica,CSA - Tech,Proyecto,Bajo,SI,Puerta de entrada. Alta frecuencia y bajo ticket.,PERDIDO,2.0,0.0,2.0,0.0,0.0,0.0,36324.63,2026-06-23,2026-06-23,2026-06-23,Perdido,Ofrecido y perdido,PERD,False
WOM,WOM,Telco,WOM,Desarrollo,,Science Ad Hoc,Science Ad Hoc,Science Ad Hoc,Consultoria & Ad Hoc,Servicios Science,CSA - Science,Proyecto,Medio,SI,Bolsa de horas de data science.,BLANCO,0.0,0.0,0.0,0.0,0.0,0.0,0.0,,,,,Nunca ofrecido,,True
WOM,WOM,Telco,WOM,Desarrollo,,Tech Services Ad Hoc,Tech Services Ad Hoc,Tech Services Ad Hoc,Consultoria & Ad Hoc,Servicios Tech,CSA - Tech,Proyecto,Bajo,SI,Bolsa de horas tecnicas.,BLANCO,0.0,0.0,0.0,0.0,0.0,0.0,0.0,,,,,Nunca ofrecido,,True
WOM,WOM,Telco,WOM,Desarrollo,,ABCD Detector - Basic (20 Videos) per month,ABCD Detector,ABCD Detector,Creative Intelligence & GenAI,Creative Analytics,CSA - Tech,Recurrente,Bajo,SI,Diagnostico de creatividades en video. Ticket bajo = buen abrepuertas.,BLANCO,0.0,0.0,0.0,0.0,0.0,0.0,0.0,,,,,Nunca ofrecido,,True
WOM,WOM,Telco,WOM,Desarrollo,,C-GenIA,C-GenIA,C-GenIA,Creative Intelligence & GenAI,Creative GenAI,CSA - Tech,Proyecto,Alto,SI,Version proyecto de generacion creativa.,BLANCO,0.0,0.0,0.0,0.0,0.0,0.0,0.0,,,,,Nunca ofrecido,,True
WOM,WOM,Telco,WOM,Desarrollo,,C-GenIA - Basic (200 images) Annual Subscription,C-GenIA Basic Anual,C-GenIA Anual,Creative Intelligence & GenAI,Creative GenAI,CSA - Tech,Licencia,Medio,SI,Suscripcion anual 200 imagenes.,BLANCO,0.0,0.0,0.0,0.0,0.0,0.0,0.0,,,,,Nunca ofrecido,,True
WOM,WOM,Telco,WOM,Desarrollo,,C-GenIA - Basic (200 images) per month,C-GenIA Basic Mensual,C-GenIA Mensual,Creative Intelligence & GenAI,Creative GenAI,CSA - Tech,Recurrente,Medio,SI,Suscripcion mensual 200 imagenes.,BLANCO,0.0,0.0,0.0,0.0,0.0,0.0,0.0,,,,,Nunca ofrecido,,True
WOM,WOM,Telco,WOM,Desarrollo,,VIGenAIr,VIGenAIr,VIGenAIr,Creative Intelligence & GenAI,Video GenAI,CSA - Tech,Proyecto,Medio,SI,Reedicion de video con GenAI.,BLANCO,0.0,0.0,0.0,0.0,0.0,0.0,0.0,,,,,Nunca ofrecido,,True
WOM,WOM,Telco,WOM,Desarrollo,,1PD Integration (until 15 sources) - Google,1PD Integration,1PD Integration,Data Collection & Activacion,First Party Data,CSA - Tech,Proyecto,Alto,SI,Requiere madurez de datos en la cuenta.,BLANCO,0.0,0.0,0.0,0.0,0.0,0.0,0.0,,,,,Nunca ofrecido,,True
WOM,WOM,Telco,WOM,Desarrollo,,CAPI Automated Offline Integration with CRM,CAPI Offline CRM,CAPI Offline CRM,Data Collection & Activacion,Server-Side / CAPI,CSA - Tech,Proyecto,Medio,SI,Upsell natural sobre CAPI Gateway.,BLANCO,0.0,0.0,0.0,0.0,0.0,0.0,0.0,,,,,Nunca ofrecido,,True
WOM,WOM,Telco,WOM,Desarrollo,,CAPI x Gateway by CSA - look for special ratecard,CAPI x Gateway,CAPI x Gateway,Data Collection & Activacion,Server-Side / CAPI,CSA - Tech,Recurrente,Bajo,SI,Anclaje tecnico recurrente. Alto win rate.,BLANCO,0.0,0.0,0.0,0.0,0.0,0.0,0.0,,,,,Nunca ofrecido,,True
WOM,WOM,Telco,WOM,Desarrollo,,Performance Powered Conversions (ECL),Performance Powered Conversions (ECL),Perf. Powered Conv.,Data Collection & Activacion,Conversiones Avanzadas,CSA - Tech,Proyecto,Bajo,SI,Enhanced Conversions for Leads.,BLANCO,0.0,0.0,0.0,0.0,0.0,0.0,0.0,,,,,Nunca ofrecido,,True
WOM,WOM,Telco,WOM,Desarrollo,,Licencias GA4 360,Licencias GA4 360,Licencias GA4 360,Licencias & Plataformas,Licencias Analytics,CSA - Tech,Licencia,Alto,SI,Renovacion anual. Revisar ciclo de contrato.,PERDIDO,1.0,0.0,1.0,0.0,0.0,0.0,49509.31,2026-06-09,2026-06-09,2026-06-09,Perdido,Ofrecido y perdido,PERD,False
WOM,WOM,Telco,WOM,Desarrollo,,Licencias SA/DV360,Licencias SA/DV360,Licencias SA/DV360,Licencias & Plataformas,Licencias Media,CSA - Tech,Licencia,Alto,SI,Search Ads 360 / Display & Video 360.,BLANCO,0.0,0.0,0.0,0.0,0.0,0.0,0.0,,,,,Nunca ofrecido,,True
WOM,WOM,Telco,WOM,Desarrollo,,People data fee Media,People Data Fee Media,People Data Fee,Licencias & Plataformas,Data Fee,CSA - Tech,Recurrente,Alto,SI,Fee recurrente asociado a media.,BLANCO,0.0,0.0,0.0,0.0,0.0,0.0,0.0,,,,,Nunca ofrecido,,True
WOM,WOM,Telco,WOM,Desarrollo,,Curves Base contract: 4 channels/2 updates,Curves Base Contract,Curves Base,Measurement & Efectividad,Curvas de Inversion,CSA - Science,Recurrente,Medio,SI,Contrato base con actualizaciones periodicas.,BLANCO,0.0,0.0,0.0,0.0,0.0,0.0,0.0,,,,,Nunca ofrecido,,True
WOM,WOM,Telco,WOM,Desarrollo,,Geolift,Geolift,Geolift,Measurement & Efectividad,Incrementalidad & Experimentos,CSA - Science,Proyecto,Bajo,SI,Test de incrementalidad geografica.,BLANCO,0.0,0.0,0.0,0.0,0.0,0.0,0.0,,,,,Nunca ofrecido,,True
WOM,WOM,Telco,WOM,Desarrollo,,Investment Curves (by conversion:channel),Investment Curves,Investment Curves,Measurement & Efectividad,Curvas de Inversion,CSA - Science,Proyecto,Bajo,SI,Curvas de saturacion por canal.,BLANCO,0.0,0.0,0.0,0.0,0.0,0.0,0.0,,,,,Nunca ofrecido,,True
WOM,WOM,Telco,WOM,Desarrollo,,MIM Bayesiano,MIM Bayesiano,MIM Bayesiano,Measurement & Efectividad,Marketing Mix Modeling,CSA - Science,Proyecto,Alto,SI,Modelo de inversion bayesiano.,BLANCO,0.0,0.0,0.0,0.0,0.0,0.0,0.0,,,,,Nunca ofrecido,,True
WOM,WOM,Telco,WOM,Desarrollo,,MMM Marketing Mix Modeling (without data collection process),MMM Full,MMM Full,Measurement & Efectividad,Marketing Mix Modeling,CSA - Science,Proyecto,Alto,SI,MMM completo sin recoleccion de datos.,BLANCO,0.0,0.0,0.0,0.0,0.0,0.0,0.0,,,,,Nunca ofrecido,,True
WOM,WOM,Telco,WOM,Desarrollo,,MMM Lite,MMM Lite,MMM Lite,Measurement & Efectividad,Marketing Mix Modeling,CSA - Science,Proyecto,Alto,SI,Version ligera de MMM. Entrada al mundo Science.,BLANCO,0.0,0.0,0.0,0.0,0.0,0.0,0.0,,,,,Nunca ofrecido,,True
WOM,WOM,Telco,WOM,Desarrollo,,Meridian Google Founds,Meridian (Google Funds),Meridian,Measurement & Efectividad,Marketing Mix Modeling,CSA - Science,Proyecto,Alto,SI,Financiado por Google. Excelente puerta de entrada a Science.,BLANCO,0.0,0.0,0.0,0.0,0.0,0.0,0.0,,,,,Nunca ofrecido,,True
WOM,WOM,Telco,WOM,Desarrollo,,Nested (MMM + BEM) without Data Collection,Nested (MMM + BEM),Nested MMM+BEM,Measurement & Efectividad,Marketing Mix Modeling,CSA - Science,Proyecto,Alto,SI,MMM anidado con Brand Equity Model.,BLANCO,0.0,0.0,0.0,0.0,0.0,0.0,0.0,,,,,Nunca ofrecido,,True
