cuenta_normalizada,company,industria,tier_cuenta,servicio_normalizado,service_name,familia,subfamilia,pilar,modelo_comercial,ticket_tipo,cobertura,etiqueta_cobertura,tipo_oportunidad,score,prioridad,ranking_en_cuenta,valor_potencial_eur,c_demanda,c_afinidad,c_valor,c_momentum,c_adyacencia,score_base,factor_estado,factor_recencia,penetracion_pct,win_rate,momentum_pct,adopcion_industria_pct,cuentas_industria_ejecutan,cuentas_industria,basket_confianza_ejecutado,basket_lift_ejecutado,n_pitches,n_perdidos,ultima_derrota,dias_desde_derrota,reactivable,ultimo_movimiento,motivo,accion_sugerida
Parque Arauco,PARQUE ARAUCO,Real Estate & Malls,Estrategica,Consulting Ad Hoc,Consulting Ad Hoc,Consultoria & Ad Hoc,Consultoria Estrategica,CSA - Tech,Proyecto,Bajo,BLANCO,Nunca ofrecido,Espacio blanco,62.6,A,1,3235.0,0.9,0.406,0.47,1.0,0.5,62.615,1.0,1.0,20.7,0.75,100.0,0.0,0,1,0.636,1.17,0.0,0.0,,,,,Servicio con demanda activa en los ultimos meses.,Cross-sell dentro del mismo pilar
TUA,TUA,Por clasificar,Emergente,Consulting Ad Hoc,Consulting Ad Hoc,Consultoria & Ad Hoc,Consultoria Estrategica,CSA - Tech,Proyecto,Bajo,BLANCO,Nunca ofrecido,Espacio blanco,62.2,A,1,3235.0,0.9,0.196,0.47,1.0,0.75,62.158,1.0,1.0,20.7,0.75,100.0,0.0,0,1,0.0,0.0,0.0,0.0,,,,,"Adyacente a consultoria & ad hoc, familia donde la cuenta ya compra; servicio con demanda activa en los ultimos meses.",Upsell directo sobre el servicio ya activo
Indumotora,INDUMOTORA,Automotriz,Estrategica,Consulting Ad Hoc,Consulting Ad Hoc,Consultoria & Ad Hoc,Consultoria Estrategica,CSA - Tech,Proyecto,Bajo,BLANCO,Nunca ofrecido,Espacio blanco,61.3,A,1,3235.0,0.9,0.354,0.47,1.0,0.5,61.256,1.0,1.0,20.7,0.75,100.0,50.0,2,4,0.0,0.0,0.0,0.0,,,,,2 de 4 cuentas de automotriz ya lo ejecutan; servicio con demanda activa en los ultimos meses.,Cross-sell dentro del mismo pilar
Claro,CLARO,Telco,Estrategica,SEO,SEO,Analytics & Optimizacion Digital,SEO,CSA - Tech,Proyecto,Alto,BLANCO,Nunca ofrecido,Espacio blanco,55.6,A,1,15497.0,0.365,0.245,0.765,0.972,0.75,55.573,1.0,1.0,3.4,0.667,100.0,33.3,1,3,0.0,0.0,0.0,0.0,,,,,"1 de 3 cuentas de telco ya lo ejecutan; adyacente a analytics & optimizacion digital, familia donde la cuenta ya compra; servicio con demanda activa en los ultimos meses.",Upsell directo sobre el servicio ya activo
Esmax,ESMAX,Energia & Combustibles,Desarrollo,Consulting Ad Hoc,Consulting Ad Hoc,Consultoria & Ad Hoc,Consultoria Estrategica,CSA - Tech,Proyecto,Bajo,BLANCO,Nunca ofrecido,Espacio blanco,55.6,A,1,3235.0,0.9,0.328,0.47,1.0,0.25,55.587,1.0,1.0,20.7,0.75,100.0,50.0,2,4,0.0,0.0,0.0,0.0,,,,,2 de 4 cuentas de energia & combustibles ya lo ejecutan; sin anclaje en el portafolio actual de la cuenta; servicio con demanda activa en los ultimos meses.,Usar como abrepuertas de bajo ticket
Esmax,ESMAX,Energia & Combustibles,Desarrollo,Meridian (Google Funds),Meridian Google Founds,Measurement & Efectividad,Marketing Mix Modeling,CSA - Science,Proyecto,Alto,BLANCO,Nunca ofrecido,Espacio blanco,55.4,A,2,19718.0,0.499,0.0,0.81,0.739,1.0,55.415,1.0,1.0,3.4,1.0,100.0,0.0,0,4,0.0,0.0,0.0,0.0,,,,,"Adyacente a measurement & efectividad, familia donde la cuenta ya compra; servicio con demanda activa en los ultimos meses.",Upsell directo sobre el servicio ya activo
SMU,SMU,Retail Supermercados,Emergente,Consulting Ad Hoc,Consulting Ad Hoc,Consultoria & Ad Hoc,Consultoria Estrategica,CSA - Tech,Proyecto,Bajo,BLANCO,Nunca ofrecido,Espacio blanco,54.5,A,1,3235.0,0.9,0.093,0.47,1.0,0.5,54.475,1.0,1.0,20.7,0.75,100.0,0.0,0,1,0.0,0.0,0.0,0.0,,,,,Servicio con demanda activa en los ultimos meses.,Cross-sell dentro del mismo pilar
Telefonica,TELEFONICA,Telco,Estrategica,Licencias SA/DV360,Licencias SA/DV360,Licencias & Plataformas,Licencias Media,CSA - Tech,Licencia,Alto,BLANCO,Nunca ofrecido,Espacio blanco,53.6,A,1,12477.0,0.499,0.15,0.724,0.805,0.75,53.552,1.0,1.0,3.4,1.0,100.0,33.3,1,3,0.0,0.0,0.0,0.0,,,,,"1 de 3 cuentas de telco ya lo ejecutan; adyacente a licencias & plataformas, familia donde la cuenta ya compra; servicio con demanda activa en los ultimos meses.",Upsell directo sobre el servicio ya activo
Claro,CLARO,Telco,Estrategica,MMM Full,MMM Marketing Mix Modeling (without data collection process),Measurement & Efectividad,Marketing Mix Modeling,CSA - Science,Proyecto,Alto,BLANCO,Nunca ofrecido,Espacio blanco,53.0,A,2,54108.0,0.141,0.0,1.0,0.971,1.0,53.038,1.0,1.0,0.0,0.35304166666666664,100.0,0.0,0,3,0.0,0.0,0.0,0.0,,,,,"Adyacente a measurement & efectividad, familia donde la cuenta ya compra; servicio con demanda activa en los ultimos meses.",Upsell directo sobre el servicio ya activo
Esmax,ESMAX,Energia & Combustibles,Desarrollo,MMM Full,MMM Marketing Mix Modeling (without data collection process),Measurement & Efectividad,Marketing Mix Modeling,CSA - Science,Proyecto,Alto,BLANCO,Nunca ofrecido,Espacio blanco,53.0,A,3,54108.0,0.141,0.0,1.0,0.971,1.0,53.038,1.0,1.0,0.0,0.35304166666666664,100.0,0.0,0,4,0.0,0.0,0.0,0.0,,,,,"Adyacente a measurement & efectividad, familia donde la cuenta ya compra; servicio con demanda activa en los ultimos meses.",Upsell directo sobre el servicio ya activo
Inchcape Americas,INCHAPE AMERICAS,Automotriz,Desarrollo,Consulting Ad Hoc,Consulting Ad Hoc,Consultoria & Ad Hoc,Consultoria Estrategica,CSA - Tech,Proyecto,Bajo,BLANCO,Nunca ofrecido,Espacio blanco,52.6,A,1,3235.0,0.9,0.328,0.47,1.0,0.1,52.587,1.0,1.0,20.7,0.75,100.0,50.0,2,4,0.0,0.0,0.0,0.0,,,,,2 de 4 cuentas de automotriz ya lo ejecutan; sin anclaje en el portafolio actual de la cuenta; servicio con demanda activa en los ultimos meses.,Usar como abrepuertas de bajo ticket
Gildemeister,GILDEMEISTER,Automotriz,Estrategica,People Data Fee Media,People data fee Media,Licencias & Plataformas,Data Fee,CSA - Tech,Recurrente,Alto,BLANCO,Nunca ofrecido,Espacio blanco,52.5,A,1,10879.0,0.565,0.201,0.698,0.928,0.5,52.501,1.0,1.0,10.3,0.667,100.0,0.0,0,4,0.325,1.19,0.0,0.0,,,,,Servicio con demanda activa en los ultimos meses.,Cross-sell dentro del mismo pilar
Copec Flux,COPEC FLUX,Energia & Combustibles,Estrategica,People Data Fee Media,People data fee Media,Licencias & Plataformas,Data Fee,CSA - Tech,Recurrente,Alto,BLANCO,Nunca ofrecido,Espacio blanco,51.8,A,1,10879.0,0.565,0.176,0.698,0.928,0.5,51.848,1.0,1.0,10.3,0.667,100.0,0.0,0,4,0.325,1.19,0.0,0.0,,,,,Servicio con demanda activa en los ultimos meses.,Cross-sell dentro del mismo pilar
Enex,ENEX,Energia & Combustibles,Desarrollo,People Data Fee Media,People data fee Media,Licencias & Plataformas,Data Fee,CSA - Tech,Recurrente,Alto,BLANCO,Nunca ofrecido,Espacio blanco,51.8,A,1,10879.0,0.565,0.176,0.698,0.928,0.5,51.848,1.0,1.0,10.3,0.667,100.0,0.0,0,4,0.325,1.19,0.0,0.0,,,,,Servicio con demanda activa en los ultimos meses.,Cross-sell dentro del mismo pilar
Copec Flux,COPEC FLUX,Energia & Combustibles,Estrategica,Online Data Optimization - E-commerce,Online Data Optimization - sites with E-commerce,Analytics & Optimizacion Digital,Online Data Optimization,CSA - Tech,Proyecto,Medio,BLANCO,Nunca ofrecido,Espacio blanco,51.4,A,2,7336.0,0.299,0.047,0.624,0.983,1.0,51.408,1.0,1.0,3.4,0.5,100.0,0.0,0,4,0.0,0.0,0.0,0.0,,,,,"Adyacente a analytics & optimizacion digital, familia donde la cuenta ya compra; servicio con demanda activa en los ultimos meses.",Upsell directo sobre el servicio ya activo
Claro,CLARO,Telco,Estrategica,Online Data Optimization - Basic,Online Data Optimization - Basic,Analytics & Optimizacion Digital,Online Data Optimization,CSA - Tech,Proyecto,Bajo,BLANCO,Nunca ofrecido,Espacio blanco,51.2,A,3,3256.0,0.499,0.0,0.471,0.896,1.0,51.194,1.0,1.0,3.4,1.0,100.0,0.0,0,3,0.0,0.0,0.0,0.0,,,,,"Adyacente a analytics & optimizacion digital, familia donde la cuenta ya compra; servicio con demanda activa en los ultimos meses.",Upsell directo sobre el servicio ya activo
Porsche Group,PORSCHE GROUP,Automotriz,Desarrollo,People Data Fee Media,People data fee Media,Licencias & Plataformas,Data Fee,CSA - Tech,Recurrente,Alto,BLANCO,Nunca ofrecido,Espacio blanco,51.2,A,1,10879.0,0.565,0.15,0.698,0.928,0.5,51.162,1.0,1.0,10.3,0.667,100.0,0.0,0,4,0.325,1.19,0.0,0.0,,,,,Servicio con demanda activa en los ultimos meses.,Cross-sell dentro del mismo pilar
Tenpo,TENPO,Fintech & Banca,Emergente,Consulting Ad Hoc,Consulting Ad Hoc,Consultoria & Ad Hoc,Consultoria Estrategica,CSA - Tech,Proyecto,Bajo,BLANCO,Nunca ofrecido,Espacio blanco,50.6,A,1,3235.0,0.9,0.252,0.47,1.0,0.1,50.617,1.0,1.0,20.7,0.75,100.0,0.0,0,1,0.0,0.0,0.0,0.0,,,,,Sin anclaje en el portafolio actual de la cuenta; servicio con demanda activa en los ultimos meses.,Usar como abrepuertas de bajo ticket
Copec Flux,COPEC FLUX,Energia & Combustibles,Estrategica,SEO,SEO,Analytics & Optimizacion Digital,SEO,CSA - Tech,Proyecto,Alto,BLANCO,Nunca ofrecido,Espacio blanco,50.3,A,3,15497.0,0.365,0.043,0.765,0.972,0.75,50.321,1.0,1.0,3.4,0.667,100.0,0.0,0,4,0.0,0.0,0.0,0.0,,,,,"Adyacente a analytics & optimizacion digital, familia donde la cuenta ya compra; servicio con demanda activa en los ultimos meses.",Upsell directo sobre el servicio ya activo
TUA,TUA,Por clasificar,Emergente,People Data Fee Media,People data fee Media,Licencias & Plataformas,Data Fee,CSA - Tech,Recurrente,Alto,BLANCO,Nunca ofrecido,Espacio blanco,50.3,A,2,10879.0,0.565,0.116,0.698,0.928,0.5,50.27,1.0,1.0,10.3,0.667,100.0,0.0,0,1,0.0,0.0,0.0,0.0,,,,,Servicio con demanda activa en los ultimos meses.,Cross-sell dentro del mismo pilar
Telefonica,TELEFONICA,Telco,Estrategica,Online Data Optimization - E-commerce,Online Data Optimization - sites with E-commerce,Analytics & Optimizacion Digital,Online Data Optimization,CSA - Tech,Proyecto,Medio,BLANCO,Nunca ofrecido,Espacio blanco,50.3,A,2,7336.0,0.299,0.197,0.624,0.983,0.75,50.303,1.0,1.0,3.4,0.5,100.0,33.3,1,3,0.0,0.0,0.0,0.0,,,,,"1 de 3 cuentas de telco ya lo ejecutan; adyacente a analytics & optimizacion digital, familia donde la cuenta ya compra; servicio con demanda activa en los ultimos meses.",Upsell directo sobre el servicio ya activo
Parque Arauco,PARQUE ARAUCO,Real Estate & Malls,Estrategica,Licencias SA/DV360,Licencias SA/DV360,Licencias & Plataformas,Licencias Media,CSA - Tech,Licencia,Alto,BLANCO,Nunca ofrecido,Espacio blanco,50.1,A,2,12477.0,0.499,0.016,0.724,0.805,0.75,50.061,1.0,1.0,3.4,1.0,100.0,0.0,0,1,0.0,0.0,0.0,0.0,,,,,"Adyacente a licencias & plataformas, familia donde la cuenta ya compra; servicio con demanda activa en los ultimos meses.",Upsell directo sobre el servicio ya activo
Claro,CLARO,Telco,Estrategica,MMM Lite,MMM Lite,Measurement & Efectividad,Marketing Mix Modeling,CSA - Science,Proyecto,Alto,BLANCO,Nunca ofrecido,Espacio blanco,50.0,A,4,16312.0,0.165,0.096,0.774,0.802,1.0,50.012,1.0,1.0,3.4,0.167,100.0,0.0,0,3,0.0,0.0,0.0,0.0,,,,,"Adyacente a measurement & efectividad, familia donde la cuenta ya compra; servicio con demanda activa en los ultimos meses.",Upsell directo sobre el servicio ya activo
Gasco,GASCO,Energia & Combustibles,Emergente,Consulting Ad Hoc,Consulting Ad Hoc,Consultoria & Ad Hoc,Consultoria Estrategica,CSA - Tech,Proyecto,Bajo,BLANCO,Nunca ofrecido,Espacio blanco,49.9,A,1,3235.0,0.9,0.225,0.47,1.0,0.1,49.904,1.0,1.0,20.7,0.75,100.0,50.0,2,4,0.0,0.0,0.0,0.0,,,,,2 de 4 cuentas de energia & combustibles ya lo ejecutan; sin anclaje en el portafolio actual de la cuenta; servicio con demanda activa en los ultimos meses.,Usar como abrepuertas de bajo ticket
PC Factory,PC FACTORY,Retail Electro,Emergente,Consulting Ad Hoc,Consulting Ad Hoc,Consultoria & Ad Hoc,Consultoria Estrategica,CSA - Tech,Proyecto,Bajo,BLANCO,Nunca ofrecido,Espacio blanco,49.0,A,1,3235.0,0.9,0.189,0.47,1.0,0.1,48.958,1.0,1.0,20.7,0.75,100.0,0.0,0,1,0.0,0.0,0.0,0.0,,,,,Sin anclaje en el portafolio actual de la cuenta; servicio con demanda activa en los ultimos meses.,Usar como abrepuertas de bajo ticket
PJ Chile SpA,PJ CHILE SPA,Food & QSR,Emergente,Consulting Ad Hoc,Consulting Ad Hoc,Consultoria & Ad Hoc,Consultoria Estrategica,CSA - Tech,Proyecto,Bajo,BLANCO,Nunca ofrecido,Espacio blanco,49.0,A,1,3235.0,0.9,0.189,0.47,1.0,0.1,48.958,1.0,1.0,20.7,0.75,100.0,0.0,0,1,0.0,0.0,0.0,0.0,,,,,Sin anclaje en el portafolio actual de la cuenta; servicio con demanda activa en los ultimos meses.,Usar como abrepuertas de bajo ticket
Tricot,TRICOT,Retail Vestuario,Emergente,Consulting Ad Hoc,Consulting Ad Hoc,Consultoria & Ad Hoc,Consultoria Estrategica,CSA - Tech,Proyecto,Bajo,BLANCO,Nunca ofrecido,Espacio blanco,49.0,A,1,3235.0,0.9,0.189,0.47,1.0,0.1,48.958,1.0,1.0,20.7,0.75,100.0,0.0,0,1,0.0,0.0,0.0,0.0,,,,,Sin anclaje en el portafolio actual de la cuenta; servicio con demanda activa en los ultimos meses.,Usar como abrepuertas de bajo ticket
Indumotora,INDUMOTORA,Automotriz,Estrategica,People Data Fee Media,People data fee Media,Licencias & Plataformas,Data Fee,CSA - Tech,Recurrente,Alto,BLANCO,Nunca ofrecido,Espacio blanco,48.8,A,2,10879.0,0.565,0.059,0.698,0.928,0.5,48.791,1.0,1.0,10.3,0.667,100.0,0.0,0,4,0.0,0.0,0.0,0.0,,,,,Servicio con demanda activa en los ultimos meses.,Cross-sell dentro del mismo pilar
GAES,GAES,Salud,Emergente,Consulting Ad Hoc,Consulting Ad Hoc,Consultoria & Ad Hoc,Consultoria Estrategica,CSA - Tech,Proyecto,Bajo,BLANCO,Nunca ofrecido,Espacio blanco,48.7,A,1,3235.0,0.9,0.179,0.47,1.0,0.1,48.711,1.0,1.0,20.7,0.75,100.0,0.0,0,1,0.0,0.0,0.0,0.0,,,,,Sin anclaje en el portafolio actual de la cuenta; servicio con demanda activa en los ultimos meses.,Usar como abrepuertas de bajo ticket
Reckitt,RECKITT,CPG Cuidado Personal,Emergente,Consulting Ad Hoc,Consulting Ad Hoc,Consultoria & Ad Hoc,Consultoria Estrategica,CSA - Tech,Proyecto,Bajo,BLANCO,Nunca ofrecido,Espacio blanco,48.7,A,1,3235.0,0.9,0.179,0.47,1.0,0.1,48.711,1.0,1.0,20.7,0.75,100.0,0.0,0,1,0.0,0.0,0.0,0.0,,,,,Sin anclaje en el portafolio actual de la cuenta; servicio con demanda activa en los ultimos meses.,Usar como abrepuertas de bajo ticket
SMU,SMU,Retail Supermercados,Emergente,People Data Fee Media,People data fee Media,Licencias & Plataformas,Data Fee,CSA - Tech,Recurrente,Alto,BLANCO,Nunca ofrecido,Espacio blanco,48.5,A,2,10879.0,0.565,0.047,0.698,0.928,0.5,48.476,1.0,1.0,10.3,0.667,100.0,0.0,0,1,0.0,0.0,0.0,0.0,,,,,Servicio con demanda activa en los ultimos meses.,Cross-sell dentro del mismo pilar
WOM,WOM,Telco,Desarrollo,People Data Fee Media,People data fee Media,Licencias & Plataformas,Data Fee,CSA - Tech,Recurrente,Alto,BLANCO,Nunca ofrecido,Espacio blanco,48.2,A,1,10879.0,0.565,0.343,0.698,0.928,0.1,48.177,1.0,1.0,10.3,0.667,100.0,66.7,2,3,0.0,0.0,0.0,0.0,,,,,2 de 3 cuentas de telco ya lo ejecutan; sin anclaje en el portafolio actual de la cuenta; servicio con demanda activa en los ultimos meses.,Construir caso con benchmark de la industria antes de pitchear
Watts,WATTS,CPG Alimentos,Desarrollo,Consulting Ad Hoc,Consulting Ad Hoc,Consultoria & Ad Hoc,Consultoria Estrategica,CSA - Tech,Proyecto,Bajo,BLANCO,Nunca ofrecido,Espacio blanco,47.9,B,1,3235.0,0.9,0.147,0.47,1.0,0.1,47.881,1.0,1.0,20.7,0.75,100.0,0.0,0,2,0.0,0.0,0.0,0.0,,,,,Sin anclaje en el portafolio actual de la cuenta; servicio con demanda activa en los ultimos meses.,Usar como abrepuertas de bajo ticket
Esmax,ESMAX,Energia & Combustibles,Desarrollo,Nested (MMM + BEM),Nested (MMM + BEM) without Data Collection,Measurement & Efectividad,Marketing Mix Modeling,CSA - Science,Proyecto,Alto,BLANCO,Nunca ofrecido,Espacio blanco,47.3,B,4,28181.0,0.0,0.0,0.877,0.963,1.0,47.346,1.0,1.0,0.0,0.0,100.0,0.0,0,4,0.0,0.0,0.0,0.0,,,,,"Adyacente a measurement & efectividad, familia donde la cuenta ya compra; servicio con demanda activa en los ultimos meses.",Upsell directo sobre el servicio ya activo
Cruz Verde,CRUZ VERDE,Retail Farmacia,Emergente,Consulting Ad Hoc,Consulting Ad Hoc,Consultoria & Ad Hoc,Consultoria Estrategica,CSA - Tech,Proyecto,Bajo,BLANCO,Nunca ofrecido,Espacio blanco,46.5,B,1,3235.0,0.9,0.093,0.47,1.0,0.1,46.475,1.0,1.0,20.7,0.75,100.0,0.0,0,1,0.0,0.0,0.0,0.0,,,,,Sin anclaje en el portafolio actual de la cuenta; servicio con demanda activa en los ultimos meses.,Usar como abrepuertas de bajo ticket
Verisure,VERISURE,Servicios Hogar & Seguridad,Desarrollo,Consulting Ad Hoc,Consulting Ad Hoc,Consultoria & Ad Hoc,Consultoria Estrategica,CSA - Tech,Proyecto,Bajo,BLANCO,Nunca ofrecido,Espacio blanco,46.5,B,1,3235.0,0.9,0.093,0.47,1.0,0.1,46.475,1.0,1.0,20.7,0.75,100.0,0.0,0,1,0.0,0.0,0.0,0.0,,,,,Sin anclaje en el portafolio actual de la cuenta; servicio con demanda activa en los ultimos meses.,Usar como abrepuertas de bajo ticket
Gildemeister,GILDEMEISTER,Automotriz,Estrategica,Online Data Optimization - E-commerce,Online Data Optimization - sites with E-commerce,Analytics & Optimizacion Digital,Online Data Optimization,CSA - Tech,Proyecto,Medio,BLANCO,Nunca ofrecido,Espacio blanco,46.3,B,2,7336.0,0.299,0.043,0.624,0.983,0.75,46.294,1.0,1.0,3.4,0.5,100.0,0.0,0,4,0.0,0.0,0.0,0.0,,,,,"Adyacente a analytics & optimizacion digital, familia donde la cuenta ya compra; servicio con demanda activa en los ultimos meses.",Upsell directo sobre el servicio ya activo
Gildemeister,GILDEMEISTER,Automotriz,Estrategica,Online Data Optimization - Basic,Online Data Optimization - Basic,Analytics & Optimizacion Digital,Online Data Optimization,CSA - Tech,Proyecto,Bajo,BLANCO,Nunca ofrecido,Espacio blanco,46.2,B,3,3256.0,0.499,0.0,0.471,0.896,0.75,46.194,1.0,1.0,3.4,1.0,100.0,0.0,0,4,0.0,0.0,0.0,0.0,,,,,"Adyacente a analytics & optimizacion digital, familia donde la cuenta ya compra; servicio con demanda activa en los ultimos meses.",Upsell directo sobre el servicio ya activo
Telefonica,TELEFONICA,Telco,Estrategica,Online Data Optimization - Basic,Online Data Optimization - Basic,Analytics & Optimizacion Digital,Online Data Optimization,CSA - Tech,Proyecto,Bajo,BLANCO,Nunca ofrecido,Espacio blanco,46.2,B,3,3256.0,0.499,0.0,0.471,0.896,0.75,46.194,1.0,1.0,3.4,1.0,100.0,0.0,0,3,0.0,0.0,0.0,0.0,,,,,"Adyacente a analytics & optimizacion digital, familia donde la cuenta ya compra; servicio con demanda activa en los ultimos meses.",Upsell directo sobre el servicio ya activo
Porsche Group,PORSCHE GROUP,Automotriz,Desarrollo,CAPI x Gateway,CAPI x Gateway by CSA - look for special ratecard,Data Collection & Activacion,Server-Side / CAPI,CSA - Tech,Recurrente,Bajo,BLANCO,Nunca ofrecido,Espacio blanco,45.9,B,2,1100.0,0.6,0.225,0.267,0.904,0.5,45.896,1.0,1.0,6.9,1.0,100.0,50.0,2,4,0.0,0.0,0.0,0.0,,,,,2 de 4 cuentas de automotriz ya lo ejecutan; servicio con demanda activa en los ultimos meses.,Cross-sell dentro del mismo pilar
SMU,SMU,Retail Supermercados,Emergente,C-GenIA,C-GenIA,Creative Intelligence & GenAI,Creative GenAI,CSA - Tech,Proyecto,Alto,BLANCO,Nunca ofrecido,Espacio blanco,45.7,B,3,18305.0,0.0,0.0,0.796,0.951,1.0,45.734,1.0,1.0,0.0,0.0,100.0,0.0,0,1,0.0,0.0,0.0,0.0,,,,,"Adyacente a creative intelligence & genai, familia donde la cuenta ya compra; servicio con demanda activa en los ultimos meses.",Upsell directo sobre el servicio ya activo
Enex,ENEX,Energia & Combustibles,Desarrollo,SEO,SEO,Analytics & Optimizacion Digital,SEO,CSA - Tech,Proyecto,Alto,BLANCO,Nunca ofrecido,Espacio blanco,45.3,B,2,15497.0,0.365,0.043,0.765,0.972,0.5,45.321,1.0,1.0,3.4,0.667,100.0,0.0,0,4,0.0,0.0,0.0,0.0,,,,,Servicio con demanda activa en los ultimos meses.,Cross-sell dentro del mismo pilar
Porsche Group,PORSCHE GROUP,Automotriz,Desarrollo,SEO,SEO,Analytics & Optimizacion Digital,SEO,CSA - Tech,Proyecto,Alto,BLANCO,Nunca ofrecido,Espacio blanco,45.3,B,3,15497.0,0.365,0.043,0.765,0.972,0.5,45.321,1.0,1.0,3.4,0.667,100.0,0.0,0,4,0.0,0.0,0.0,0.0,,,,,Servicio con demanda activa en los ultimos meses.,Cross-sell dentro del mismo pilar
SMU,SMU,Retail Supermercados,Emergente,Licencias SA/DV360,Licencias SA/DV360,Licencias & Plataformas,Licencias Media,CSA - Tech,Licencia,Alto,BLANCO,Nunca ofrecido,Espacio blanco,45.1,B,4,12477.0,0.499,0.016,0.724,0.805,0.5,45.061,1.0,1.0,3.4,1.0,100.0,0.0,0,1,0.0,0.0,0.0,0.0,,,,,Servicio con demanda activa en los ultimos meses.,Cross-sell dentro del mismo pilar
TUA,TUA,Por clasificar,Emergente,Licencias SA/DV360,Licencias SA/DV360,Licencias & Plataformas,Licencias Media,CSA - Tech,Licencia,Alto,BLANCO,Nunca ofrecido,Espacio blanco,45.1,B,3,12477.0,0.499,0.016,0.724,0.805,0.5,45.061,1.0,1.0,3.4,1.0,100.0,0.0,0,1,0.0,0.0,0.0,0.0,,,,,Servicio con demanda activa en los ultimos meses.,Cross-sell dentro del mismo pilar
Copec Flux,COPEC FLUX,Energia & Combustibles,Estrategica,Licencias SA/DV360,Licencias SA/DV360,Licencias & Plataformas,Licencias Media,CSA - Tech,Licencia,Alto,BLANCO,Nunca ofrecido,Espacio blanco,44.7,B,4,12477.0,0.499,0.0,0.724,0.805,0.5,44.658,1.0,1.0,3.4,1.0,100.0,0.0,0,4,0.0,0.0,0.0,0.0,,,,,Servicio con demanda activa en los ultimos meses.,Cross-sell dentro del mismo pilar
Enex,ENEX,Energia & Combustibles,Desarrollo,Licencias SA/DV360,Licencias SA/DV360,Licencias & Plataformas,Licencias Media,CSA - Tech,Licencia,Alto,BLANCO,Nunca ofrecido,Espacio blanco,44.7,B,3,12477.0,0.499,0.0,0.724,0.805,0.5,44.658,1.0,1.0,3.4,1.0,100.0,0.0,0,4,0.0,0.0,0.0,0.0,,,,,Servicio con demanda activa en los ultimos meses.,Cross-sell dentro del mismo pilar
Gildemeister,GILDEMEISTER,Automotriz,Estrategica,Licencias SA/DV360,Licencias SA/DV360,Licencias & Plataformas,Licencias Media,CSA - Tech,Licencia,Alto,BLANCO,Nunca ofrecido,Espacio blanco,44.7,B,4,12477.0,0.499,0.0,0.724,0.805,0.5,44.658,1.0,1.0,3.4,1.0,100.0,0.0,0,4,0.0,0.0,0.0,0.0,,,,,Servicio con demanda activa en los ultimos meses.,Cross-sell dentro del mismo pilar
Indumotora,INDUMOTORA,Automotriz,Estrategica,Licencias SA/DV360,Licencias SA/DV360,Licencias & Plataformas,Licencias Media,CSA - Tech,Licencia,Alto,BLANCO,Nunca ofrecido,Espacio blanco,44.7,B,3,12477.0,0.499,0.0,0.724,0.805,0.5,44.658,1.0,1.0,3.4,1.0,100.0,0.0,0,4,0.0,0.0,0.0,0.0,,,,,Servicio con demanda activa en los ultimos meses.,Cross-sell dentro del mismo pilar
Porsche Group,PORSCHE GROUP,Automotriz,Desarrollo,Licencias SA/DV360,Licencias SA/DV360,Licencias & Plataformas,Licencias Media,CSA - Tech,Licencia,Alto,BLANCO,Nunca ofrecido,Espacio blanco,44.7,B,4,12477.0,0.499,0.0,0.724,0.805,0.5,44.658,1.0,1.0,3.4,1.0,100.0,0.0,0,4,0.0,0.0,0.0,0.0,,,,,Servicio con demanda activa en los ultimos meses.,Cross-sell dentro del mismo pilar
SMU,SMU,Retail Supermercados,Emergente,SEO,SEO,Analytics & Optimizacion Digital,SEO,CSA - Tech,Proyecto,Alto,BLANCO,Nunca ofrecido,Espacio blanco,44.6,B,5,15497.0,0.365,0.016,0.765,0.972,0.5,44.599,1.0,1.0,3.4,0.667,100.0,0.0,0,1,0.0,0.0,0.0,0.0,,,,,Servicio con demanda activa en los ultimos meses.,Cross-sell dentro del mismo pilar
TUA,TUA,Por clasificar,Emergente,SEO,SEO,Analytics & Optimizacion Digital,SEO,CSA - Tech,Proyecto,Alto,BLANCO,Nunca ofrecido,Espacio blanco,44.6,B,4,15497.0,0.365,0.016,0.765,0.972,0.5,44.599,1.0,1.0,3.4,0.667,100.0,0.0,0,1,0.0,0.0,0.0,0.0,,,,,Servicio con demanda activa en los ultimos meses.,Cross-sell dentro del mismo pilar
Gildemeister,GILDEMEISTER,Automotriz,Estrategica,Tech Services Ad Hoc,Tech Services Ad Hoc,Consultoria & Ad Hoc,Servicios Tech,CSA - Tech,Proyecto,Bajo,BLANCO,Nunca ofrecido,Espacio blanco,44.5,B,5,3814.0,0.289,0.102,0.501,0.906,0.75,44.459,1.0,1.0,6.9,0.222,81.8,0.0,0,4,0.0,0.0,0.0,0.0,,,,,"Adyacente a consultoria & ad hoc, familia donde la cuenta ya compra; servicio con demanda activa en los ultimos meses.",Upsell directo sobre el servicio ya activo
Telefonica,TELEFONICA,Telco,Estrategica,Licencias GA4 360,Licencias GA4 360,Licencias & Plataformas,Licencias Analytics,CSA - Tech,Licencia,Alto,BLANCO,Nunca ofrecido,Espacio blanco,44.3,B,4,25314.0,0.0,0.096,0.857,0.951,0.75,44.315,1.0,1.0,0.0,0.0,100.0,0.0,0,3,0.0,0.0,0.0,0.0,,,,,"Adyacente a licencias & plataformas, familia donde la cuenta ya compra; servicio con demanda activa en los ultimos meses.",Upsell directo sobre el servicio ya activo
Telefonica,TELEFONICA,Telco,Estrategica,Meridian (Google Funds),Meridian Google Founds,Measurement & Efectividad,Marketing Mix Modeling,CSA - Science,Proyecto,Alto,BLANCO,Nunca ofrecido,Espacio blanco,44.3,B,5,19718.0,0.499,0.15,0.81,0.739,0.25,44.31,1.0,1.0,3.4,1.0,100.0,33.3,1,3,0.0,0.0,0.0,0.0,,,,,1 de 3 cuentas de telco ya lo ejecutan; sin anclaje en el portafolio actual de la cuenta; servicio con demanda activa en los ultimos meses.,Construir caso con benchmark de la industria antes de pitchear
Esmax,ESMAX,Energia & Combustibles,Desarrollo,MIM Bayesiano,MIM Bayesiano,Measurement & Efectividad,Marketing Mix Modeling,CSA - Science,Proyecto,Alto,BLANCO,Nunca ofrecido,Espacio blanco,44.2,B,5,34348.0,0.0,0.0,0.914,0.648,1.0,44.239,1.0,1.0,0.0,0.0,50.0,0.0,0,4,0.0,0.0,0.0,0.0,,,,,"Adyacente a measurement & efectividad, familia donde la cuenta ya compra.",Upsell directo sobre el servicio ya activo
Indumotora,INDUMOTORA,Automotriz,Estrategica,SEO,SEO,Analytics & Optimizacion Digital,SEO,CSA - Tech,Proyecto,Alto,BLANCO,Nunca ofrecido,Espacio blanco,44.2,B,4,15497.0,0.365,0.0,0.765,0.972,0.5,44.196,1.0,1.0,3.4,0.667,100.0,0.0,0,4,0.0,0.0,0.0,0.0,,,,,Servicio con demanda activa en los ultimos meses.,Cross-sell dentro del mismo pilar
Enex,ENEX,Energia & Combustibles,Desarrollo,Online Data Optimization - Basic,Online Data Optimization - Basic,Analytics & Optimizacion Digital,Online Data Optimization,CSA - Tech,Proyecto,Bajo,BLANCO,Nunca ofrecido,Espacio blanco,44.1,B,4,3256.0,0.499,0.112,0.471,0.896,0.5,44.119,1.0,1.0,3.4,1.0,100.0,25.0,1,4,0.0,0.0,0.0,0.0,,,,,1 de 4 cuentas de energia & combustibles ya lo ejecutan; servicio con demanda activa en los ultimos meses.,Cross-sell dentro del mismo pilar
LATAM Airlines,LATAM AERLINES,Travel & Aerolineas,Desarrollo,Consulting Ad Hoc,Consulting Ad Hoc,Consultoria & Ad Hoc,Consultoria Estrategica,CSA - Tech,Proyecto,Bajo,BLANCO,Nunca ofrecido,Espacio blanco,44.1,B,1,3235.0,0.9,0.0,0.47,1.0,0.1,44.054,1.0,1.0,20.7,0.75,100.0,0.0,0,2,0.0,0.0,0.0,0.0,,,,,Sin anclaje en el portafolio actual de la cuenta; servicio con demanda activa en los ultimos meses.,Usar como abrepuertas de bajo ticket
Lactalis,LACTALIS,CPG Alimentos,Emergente,Consulting Ad Hoc,Consulting Ad Hoc,Consultoria & Ad Hoc,Consultoria Estrategica,CSA - Tech,Proyecto,Bajo,BLANCO,Nunca ofrecido,Espacio blanco,44.1,B,1,3235.0,0.9,0.0,0.47,1.0,0.1,44.054,1.0,1.0,20.7,0.75,100.0,0.0,0,2,0.0,0.0,0.0,0.0,,,,,Sin anclaje en el portafolio actual de la cuenta; servicio con demanda activa en los ultimos meses.,Usar como abrepuertas de bajo ticket
Porsche Group,PORSCHE GROUP,Automotriz,Desarrollo,Tech Services Ad Hoc,Tech Services Ad Hoc,Consultoria & Ad Hoc,Servicios Tech,CSA - Tech,Proyecto,Bajo,BLANCO,Nunca ofrecido,Espacio blanco,44.1,B,5,3814.0,0.289,0.086,0.501,0.906,0.75,44.059,1.0,1.0,6.9,0.222,81.8,0.0,0,4,0.0,0.0,0.0,0.0,,,,,"Adyacente a consultoria & ad hoc, familia donde la cuenta ya compra; servicio con demanda activa en los ultimos meses.",Upsell directo sobre el servicio ya activo
Sky Airline,SKY AIRLINE,Travel & Aerolineas,Emergente,Consulting Ad Hoc,Consulting Ad Hoc,Consultoria & Ad Hoc,Consultoria Estrategica,CSA - Tech,Proyecto,Bajo,BLANCO,Nunca ofrecido,Espacio blanco,44.1,B,1,3235.0,0.9,0.0,0.47,1.0,0.1,44.054,1.0,1.0,20.7,0.75,100.0,0.0,0,2,0.0,0.0,0.0,0.0,,,,,Sin anclaje en el portafolio actual de la cuenta; servicio con demanda activa en los ultimos meses.,Usar como abrepuertas de bajo ticket
Gildemeister,GILDEMEISTER,Automotriz,Estrategica,CAPI Offline CRM,CAPI Automated Offline Integration with CRM,Data Collection & Activacion,Server-Side / CAPI,CSA - Tech,Proyecto,Medio,BLANCO,Nunca ofrecido,Espacio blanco,43.9,B,6,4068.0,0.141,0.0,0.513,0.937,1.0,43.866,1.0,1.0,0.0,0.35304166666666664,100.0,0.0,0,4,0.0,0.0,0.0,0.0,,,,,"Adyacente a data collection & activacion, familia donde la cuenta ya compra; servicio con demanda activa en los ultimos meses.",Upsell directo sobre el servicio ya activo
Claro,CLARO,Telco,Estrategica,Online Data Optimization - No E-commerce,Online Data Optimization - sites without E-commerce,Analytics & Optimizacion Digital,Online Data Optimization,CSA - Tech,Proyecto,Bajo,BLANCO,Nunca ofrecido,Espacio blanco,43.2,B,5,3709.0,0.141,0.0,0.495,0.909,1.0,43.219,1.0,1.0,0.0,0.35304166666666664,100.0,0.0,0,3,0.0,0.0,0.0,0.0,,,,,"Adyacente a analytics & optimizacion digital, familia donde la cuenta ya compra; servicio con demanda activa en los ultimos meses.",Upsell directo sobre el servicio ya activo
Copec Flux,COPEC FLUX,Energia & Combustibles,Estrategica,Online Data Optimization - No E-commerce,Online Data Optimization - sites without E-commerce,Analytics & Optimizacion Digital,Online Data Optimization,CSA - Tech,Proyecto,Bajo,BLANCO,Nunca ofrecido,Espacio blanco,43.2,B,5,3709.0,0.141,0.0,0.495,0.909,1.0,43.219,1.0,1.0,0.0,0.35304166666666664,100.0,0.0,0,4,0.0,0.0,0.0,0.0,,,,,"Adyacente a analytics & optimizacion digital, familia donde la cuenta ya compra; servicio con demanda activa en los ultimos meses.",Upsell directo sobre el servicio ya activo
Claro,CLARO,Telco,Estrategica,CAPI x Gateway,CAPI x Gateway by CSA - look for special ratecard,Data Collection & Activacion,Server-Side / CAPI,CSA - Tech,Recurrente,Bajo,BLANCO,Nunca ofrecido,Espacio blanco,43.0,B,6,1100.0,0.6,0.114,0.267,0.904,0.5,43.002,1.0,1.0,6.9,1.0,100.0,0.0,0,3,0.0,0.0,0.0,0.0,,,,,Servicio con demanda activa en los ultimos meses.,Cross-sell dentro del mismo pilar
SMU,SMU,Retail Supermercados,Emergente,C-GenIA Basic Mensual,C-GenIA - Basic (200 images) per month,Creative Intelligence & GenAI,Creative GenAI,CSA - Tech,Recurrente,Medio,BLANCO,Nunca ofrecido,Espacio blanco,42.7,B,6,9661.0,0.0,0.0,0.676,0.881,1.0,42.736,1.0,1.0,0.0,0.0,100.0,0.0,0,1,0.0,0.0,0.0,0.0,,,,,"Adyacente a creative intelligence & genai, familia donde la cuenta ya compra; servicio con demanda activa en los ultimos meses.",Upsell directo sobre el servicio ya activo
GAES,GAES,Salud,Emergente,People Data Fee Media,People data fee Media,Licencias & Plataformas,Data Fee,CSA - Tech,Recurrente,Alto,BLANCO,Nunca ofrecido,Espacio blanco,42.5,B,2,10879.0,0.565,0.125,0.698,0.928,0.1,42.512,1.0,1.0,10.3,0.667,100.0,0.0,0,1,0.0,0.0,0.0,0.0,,,,,Sin anclaje en el portafolio actual de la cuenta; servicio con demanda activa en los ultimos meses.,Construir caso con benchmark de la industria antes de pitchear
Reckitt,RECKITT,CPG Cuidado Personal,Emergente,People Data Fee Media,People data fee Media,Licencias & Plataformas,Data Fee,CSA - Tech,Recurrente,Alto,BLANCO,Nunca ofrecido,Espacio blanco,42.5,B,2,10879.0,0.565,0.125,0.698,0.928,0.1,42.512,1.0,1.0,10.3,0.667,100.0,0.0,0,1,0.0,0.0,0.0,0.0,,,,,Sin anclaje en el portafolio actual de la cuenta; servicio con demanda activa en los ultimos meses.,Construir caso con benchmark de la industria antes de pitchear
PC Factory,PC FACTORY,Retail Electro,Emergente,People Data Fee Media,People data fee Media,Licencias & Plataformas,Data Fee,CSA - Tech,Recurrente,Alto,BLANCO,Nunca ofrecido,Espacio blanco,42.3,B,2,10879.0,0.565,0.116,0.698,0.928,0.1,42.27,1.0,1.0,10.3,0.667,100.0,0.0,0,1,0.0,0.0,0.0,0.0,,,,,Sin anclaje en el portafolio actual de la cuenta; servicio con demanda activa en los ultimos meses.,Construir caso con benchmark de la industria antes de pitchear
PJ Chile SpA,PJ CHILE SPA,Food & QSR,Emergente,People Data Fee Media,People data fee Media,Licencias & Plataformas,Data Fee,CSA - Tech,Recurrente,Alto,BLANCO,Nunca ofrecido,Espacio blanco,42.3,B,2,10879.0,0.565,0.116,0.698,0.928,0.1,42.27,1.0,1.0,10.3,0.667,100.0,0.0,0,1,0.0,0.0,0.0,0.0,,,,,Sin anclaje en el portafolio actual de la cuenta; servicio con demanda activa en los ultimos meses.,Construir caso con benchmark de la industria antes de pitchear
Tricot,TRICOT,Retail Vestuario,Emergente,People Data Fee Media,People data fee Media,Licencias & Plataformas,Data Fee,CSA - Tech,Recurrente,Alto,BLANCO,Nunca ofrecido,Espacio blanco,42.3,B,2,10879.0,0.565,0.116,0.698,0.928,0.1,42.27,1.0,1.0,10.3,0.667,100.0,0.0,0,1,0.0,0.0,0.0,0.0,,,,,Sin anclaje en el portafolio actual de la cuenta; servicio con demanda activa en los ultimos meses.,Construir caso con benchmark de la industria antes de pitchear
Gildemeister,GILDEMEISTER,Automotriz,Estrategica,1PD Integration,1PD Integration (until 15 sources) - Google,Data Collection & Activacion,First Party Data,CSA - Tech,Proyecto,Alto,BLANCO,Nunca ofrecido,Espacio blanco,42.1,B,7,12157.0,0.141,0.0,0.719,0.896,0.75,42.083,1.0,1.0,0.0,0.35304166666666664,100.0,0.0,0,4,0.0,0.0,0.0,0.0,,,,,"Adyacente a data collection & activacion, familia donde la cuenta ya compra; servicio con demanda activa en los ultimos meses.",Upsell directo sobre el servicio ya activo
Verisure,VERISURE,Servicios Hogar & Seguridad,Desarrollo,People Data Fee Media,People data fee Media,Licencias & Plataformas,Data Fee,CSA - Tech,Recurrente,Alto,BLANCO,Nunca ofrecido,Espacio blanco,42.0,B,2,10879.0,0.565,0.105,0.698,0.928,0.1,42.002,1.0,1.0,10.3,0.667,100.0,0.0,0,1,0.0,0.0,0.0,0.0,,,,,Sin anclaje en el portafolio actual de la cuenta; servicio con demanda activa en los ultimos meses.,Construir caso con benchmark de la industria antes de pitchear
Parque Arauco,PARQUE ARAUCO,Real Estate & Malls,Estrategica,Licencias GA4 360,Licencias GA4 360,Licencias & Plataformas,Licencias Analytics,CSA - Tech,Licencia,Alto,BLANCO,Nunca ofrecido,Espacio blanco,41.8,B,3,25314.0,0.0,0.0,0.857,0.951,0.75,41.832,1.0,1.0,0.0,0.0,100.0,0.0,0,1,0.0,0.0,0.0,0.0,,,,,"Adyacente a licencias & plataformas, familia donde la cuenta ya compra; servicio con demanda activa en los ultimos meses.",Upsell directo sobre el servicio ya activo
Esmax,ESMAX,Energia & Combustibles,Desarrollo,SEO,SEO,Analytics & Optimizacion Digital,SEO,CSA - Tech,Proyecto,Alto,BLANCO,Nunca ofrecido,Espacio blanco,41.7,B,6,15497.0,0.365,0.096,0.765,0.972,0.25,41.679,1.0,1.0,3.4,0.667,100.0,0.0,0,4,0.0,0.0,0.0,0.0,,,,,Sin anclaje en el portafolio actual de la cuenta; servicio con demanda activa en los ultimos meses.,Construir caso con benchmark de la industria antes de pitchear
Watts,WATTS,CPG Alimentos,Desarrollo,People Data Fee Media,People data fee Media,Licencias & Plataformas,Data Fee,CSA - Tech,Recurrente,Alto,BLANCO,Nunca ofrecido,Espacio blanco,41.7,B,2,10879.0,0.565,0.094,0.698,0.928,0.1,41.714,1.0,1.0,10.3,0.667,100.0,0.0,0,2,0.0,0.0,0.0,0.0,,,,,Sin anclaje en el portafolio actual de la cuenta; servicio con demanda activa en los ultimos meses.,Construir caso con benchmark de la industria antes de pitchear
Decathlon,DECATHLON,Retail Deportes,Emergente,People Data Fee Media,People data fee Media,Licencias & Plataformas,Data Fee,CSA - Tech,Recurrente,Alto,BLANCO,Nunca ofrecido,Espacio blanco,41.6,B,1,10879.0,0.565,0.089,0.698,0.928,0.1,41.584,1.0,1.0,10.3,0.667,100.0,0.0,0,1,0.0,0.0,0.0,0.0,,,,,Sin anclaje en el portafolio actual de la cuenta; servicio con demanda activa en los ultimos meses.,Construir caso con benchmark de la industria antes de pitchear
Escuela de Comercio y Servicio,ESCUELA DE COMERCIO Y SERVICIO,Educacion,Emergente,People Data Fee Media,People data fee Media,Licencias & Plataformas,Data Fee,CSA - Tech,Recurrente,Alto,BLANCO,Nunca ofrecido,Espacio blanco,41.6,B,1,10879.0,0.565,0.089,0.698,0.928,0.1,41.584,1.0,1.0,10.3,0.667,100.0,0.0,0,1,0.0,0.0,0.0,0.0,,,,,Sin anclaje en el portafolio actual de la cuenta; servicio con demanda activa en los ultimos meses.,Construir caso con benchmark de la industria antes de pitchear
Parque Arauco,PARQUE ARAUCO,Real Estate & Malls,Estrategica,Online Data Optimization - Basic,Online Data Optimization - Basic,Analytics & Optimizacion Digital,Online Data Optimization,CSA - Tech,Proyecto,Bajo,BLANCO,Nunca ofrecido,Espacio blanco,41.6,B,4,3256.0,0.499,0.016,0.471,0.896,0.5,41.597,1.0,1.0,3.4,1.0,100.0,0.0,0,1,0.0,0.0,0.0,0.0,,,,,Servicio con demanda activa en los ultimos meses.,Cross-sell dentro del mismo pilar
Polla Chilena,POLLA,Juegos & Entretenimiento,Emergente,People Data Fee Media,People data fee Media,Licencias & Plataformas,Data Fee,CSA - Tech,Recurrente,Alto,BLANCO,Nunca ofrecido,Espacio blanco,41.6,B,1,10879.0,0.565,0.089,0.698,0.928,0.1,41.584,1.0,1.0,10.3,0.667,100.0,0.0,0,1,0.0,0.0,0.0,0.0,,,,,Sin anclaje en el portafolio actual de la cuenta; servicio con demanda activa en los ultimos meses.,Construir caso con benchmark de la industria antes de pitchear
SMU,SMU,Retail Supermercados,Emergente,Online Data Optimization - Basic,Online Data Optimization - Basic,Analytics & Optimizacion Digital,Online Data Optimization,CSA - Tech,Proyecto,Bajo,BLANCO,Nunca ofrecido,Espacio blanco,41.6,B,7,3256.0,0.499,0.016,0.471,0.896,0.5,41.597,1.0,1.0,3.4,1.0,100.0,0.0,0,1,0.0,0.0,0.0,0.0,,,,,Servicio con demanda activa en los ultimos meses.,Cross-sell dentro del mismo pilar
TUA,TUA,Por clasificar,Emergente,Online Data Optimization - Basic,Online Data Optimization - Basic,Analytics & Optimizacion Digital,Online Data Optimization,CSA - Tech,Proyecto,Bajo,BLANCO,Nunca ofrecido,Espacio blanco,41.6,B,5,3256.0,0.499,0.016,0.471,0.896,0.5,41.597,1.0,1.0,3.4,1.0,100.0,0.0,0,1,0.0,0.0,0.0,0.0,,,,,Servicio con demanda activa en los ultimos meses.,Cross-sell dentro del mismo pilar
Enex,ENEX,Energia & Combustibles,Desarrollo,Online Data Optimization - E-commerce,Online Data Optimization - sites with E-commerce,Analytics & Optimizacion Digital,Online Data Optimization,CSA - Tech,Proyecto,Medio,BLANCO,Nunca ofrecido,Espacio blanco,41.4,B,5,7336.0,0.299,0.047,0.624,0.983,0.5,41.408,1.0,1.0,3.4,0.5,100.0,0.0,0,4,0.0,0.0,0.0,0.0,,,,,Servicio con demanda activa en los ultimos meses.,Cross-sell dentro del mismo pilar
Parque Arauco,PARQUE ARAUCO,Real Estate & Malls,Estrategica,Tech Services Ad Hoc,Tech Services Ad Hoc,Consultoria & Ad Hoc,Servicios Tech,CSA - Tech,Proyecto,Bajo,BLANCO,Nunca ofrecido,Espacio blanco,41.4,B,5,3814.0,0.289,0.177,0.501,0.906,0.5,41.412,1.0,1.0,6.9,0.222,81.8,0.0,0,1,0.0,0.0,0.0,0.0,,,,,Servicio con demanda activa en los ultimos meses.,Cross-sell dentro del mismo pilar
Porsche Group,PORSCHE GROUP,Automotriz,Desarrollo,Online Data Optimization - E-commerce,Online Data Optimization - sites with E-commerce,Analytics & Optimizacion Digital,Online Data Optimization,CSA - Tech,Proyecto,Medio,BLANCO,Nunca ofrecido,Espacio blanco,41.3,B,6,7336.0,0.299,0.043,0.624,0.983,0.5,41.294,1.0,1.0,3.4,0.5,100.0,0.0,0,4,0.0,0.0,0.0,0.0,,,,,Servicio con demanda activa en los ultimos meses.,Cross-sell dentro del mismo pilar
WOM,WOM,Telco,Desarrollo,Meridian (Google Funds),Meridian Google Founds,Measurement & Efectividad,Marketing Mix Modeling,CSA - Science,Proyecto,Alto,BLANCO,Nunca ofrecido,Espacio blanco,41.3,B,2,19718.0,0.499,0.15,0.81,0.739,0.1,41.31,1.0,1.0,3.4,1.0,100.0,33.3,1,3,0.0,0.0,0.0,0.0,,,,,1 de 3 cuentas de telco ya lo ejecutan; sin anclaje en el portafolio actual de la cuenta; servicio con demanda activa en los ultimos meses.,Construir caso con benchmark de la industria antes de pitchear
Claro,CLARO,Telco,Estrategica,Science Ad Hoc,Science Ad Hoc,Consultoria & Ad Hoc,Servicios Science,CSA - Science,Proyecto,Medio,BLANCO,Nunca ofrecido,Espacio blanco,41.2,B,7,30377.0,0.0,0.0,0.891,0.848,0.75,41.223,1.0,1.0,0.0,0.0,100.0,0.0,0,3,0.0,0.0,0.0,0.0,,,,,"Adyacente a consultoria & ad hoc, familia donde la cuenta ya compra; servicio con demanda activa en los ultimos meses.",Upsell directo sobre el servicio ya activo
Copec Flux,COPEC FLUX,Energia & Combustibles,Estrategica,Science Ad Hoc,Science Ad Hoc,Consultoria & Ad Hoc,Servicios Science,CSA - Science,Proyecto,Medio,BLANCO,Nunca ofrecido,Espacio blanco,41.2,B,6,30377.0,0.0,0.0,0.891,0.848,0.75,41.223,1.0,1.0,0.0,0.0,100.0,0.0,0,4,0.0,0.0,0.0,0.0,,,,,"Adyacente a consultoria & ad hoc, familia donde la cuenta ya compra; servicio con demanda activa en los ultimos meses.",Upsell directo sobre el servicio ya activo
Enex,ENEX,Energia & Combustibles,Desarrollo,Science Ad Hoc,Science Ad Hoc,Consultoria & Ad Hoc,Servicios Science,CSA - Science,Proyecto,Medio,BLANCO,Nunca ofrecido,Espacio blanco,41.2,B,6,30377.0,0.0,0.0,0.891,0.848,0.75,41.223,1.0,1.0,0.0,0.0,100.0,0.0,0,4,0.0,0.0,0.0,0.0,,,,,"Adyacente a consultoria & ad hoc, familia donde la cuenta ya compra; servicio con demanda activa en los ultimos meses.",Upsell directo sobre el servicio ya activo
Gildemeister,GILDEMEISTER,Automotriz,Estrategica,Science Ad Hoc,Science Ad Hoc,Consultoria & Ad Hoc,Servicios Science,CSA - Science,Proyecto,Medio,BLANCO,Nunca ofrecido,Espacio blanco,41.2,B,8,30377.0,0.0,0.0,0.891,0.848,0.75,41.223,1.0,1.0,0.0,0.0,100.0,0.0,0,4,0.0,0.0,0.0,0.0,,,,,"Adyacente a consultoria & ad hoc, familia donde la cuenta ya compra; servicio con demanda activa en los ultimos meses.",Upsell directo sobre el servicio ya activo
Porsche Group,PORSCHE GROUP,Automotriz,Desarrollo,Online Data Optimization - Basic,Online Data Optimization - Basic,Analytics & Optimizacion Digital,Online Data Optimization,CSA - Tech,Proyecto,Bajo,BLANCO,Nunca ofrecido,Espacio blanco,41.2,B,7,3256.0,0.499,0.0,0.471,0.896,0.5,41.194,1.0,1.0,3.4,1.0,100.0,0.0,0,4,0.0,0.0,0.0,0.0,,,,,Servicio con demanda activa en los ultimos meses.,Cross-sell dentro del mismo pilar
Porsche Group,PORSCHE GROUP,Automotriz,Desarrollo,Science Ad Hoc,Science Ad Hoc,Consultoria & Ad Hoc,Servicios Science,CSA - Science,Proyecto,Medio,BLANCO,Nunca ofrecido,Espacio blanco,41.2,B,8,30377.0,0.0,0.0,0.891,0.848,0.75,41.223,1.0,1.0,0.0,0.0,100.0,0.0,0,4,0.0,0.0,0.0,0.0,,,,,"Adyacente a consultoria & ad hoc, familia donde la cuenta ya compra; servicio con demanda activa en los ultimos meses.",Upsell directo sobre el servicio ya activo
TUA,TUA,Por clasificar,Emergente,Science Ad Hoc,Science Ad Hoc,Consultoria & Ad Hoc,Servicios Science,CSA - Science,Proyecto,Medio,BLANCO,Nunca ofrecido,Espacio blanco,41.2,B,6,30377.0,0.0,0.0,0.891,0.848,0.75,41.223,1.0,1.0,0.0,0.0,100.0,0.0,0,1,0.0,0.0,0.0,0.0,,,,,"Adyacente a consultoria & ad hoc, familia donde la cuenta ya compra; servicio con demanda activa en los ultimos meses.",Upsell directo sobre el servicio ya activo
Telefonica,TELEFONICA,Telco,Estrategica,Science Ad Hoc,Science Ad Hoc,Consultoria & Ad Hoc,Servicios Science,CSA - Science,Proyecto,Medio,BLANCO,Nunca ofrecido,Espacio blanco,41.2,B,6,30377.0,0.0,0.0,0.891,0.848,0.75,41.223,1.0,1.0,0.0,0.0,100.0,0.0,0,3,0.0,0.0,0.0,0.0,,,,,"Adyacente a consultoria & ad hoc, familia donde la cuenta ya compra; servicio con demanda activa en los ultimos meses.",Upsell directo sobre el servicio ya activo
WOM,WOM,Telco,Desarrollo,SEO,SEO,Analytics & Optimizacion Digital,SEO,CSA - Tech,Proyecto,Alto,BLANCO,Nunca ofrecido,Espacio blanco,41.2,B,3,15497.0,0.365,0.193,0.765,0.972,0.1,41.219,1.0,1.0,3.4,0.667,100.0,33.3,1,3,0.0,0.0,0.0,0.0,,,,,1 de 3 cuentas de telco ya lo ejecutan; sin anclaje en el portafolio actual de la cuenta; servicio con demanda activa en los ultimos meses.,Construir caso con benchmark de la industria antes de pitchear
Parque Arauco,PARQUE ARAUCO,Real Estate & Malls,Estrategica,CAPI x Gateway,CAPI x Gateway by CSA - look for special ratecard,Data Collection & Activacion,Server-Side / CAPI,CSA - Tech,Recurrente,Bajo,BLANCO,Nunca ofrecido,Espacio blanco,40.9,B,6,1100.0,0.6,0.031,0.267,0.904,0.5,40.852,1.0,1.0,6.9,1.0,100.0,0.0,0,1,0.0,0.0,0.0,0.0,,,,,Servicio con demanda activa en los ultimos meses.,Cross-sell dentro del mismo pilar
SMU,SMU,Retail Supermercados,Emergente,CAPI x Gateway,CAPI x Gateway by CSA - look for special ratecard,Data Collection & Activacion,Server-Side / CAPI,CSA - Tech,Recurrente,Bajo,BLANCO,Nunca ofrecido,Espacio blanco,40.9,B,8,1100.0,0.6,0.031,0.267,0.904,0.5,40.852,1.0,1.0,6.9,1.0,100.0,0.0,0,1,0.0,0.0,0.0,0.0,,,,,Servicio con demanda activa en los ultimos meses.,Cross-sell dentro del mismo pilar
TUA,TUA,Por clasificar,Emergente,CAPI x Gateway,CAPI x Gateway by CSA - look for special ratecard,Data Collection & Activacion,Server-Side / CAPI,CSA - Tech,Recurrente,Bajo,BLANCO,Nunca ofrecido,Espacio blanco,40.9,B,7,1100.0,0.6,0.031,0.267,0.904,0.5,40.852,1.0,1.0,6.9,1.0,100.0,0.0,0,1,0.0,0.0,0.0,0.0,,,,,Servicio con demanda activa en los ultimos meses.,Cross-sell dentro del mismo pilar
Parque Arauco,PARQUE ARAUCO,Real Estate & Malls,Estrategica,Meridian (Google Funds),Meridian Google Founds,Measurement & Efectividad,Marketing Mix Modeling,CSA - Science,Proyecto,Alto,BLANCO,Nunca ofrecido,Espacio blanco,40.8,B,7,19718.0,0.499,0.016,0.81,0.739,0.25,40.818,1.0,1.0,3.4,1.0,100.0,0.0,0,1,0.0,0.0,0.0,0.0,,,,,Sin anclaje en el portafolio actual de la cuenta; servicio con demanda activa en los ultimos meses.,Construir caso con benchmark de la industria antes de pitchear
SMU,SMU,Retail Supermercados,Emergente,Meridian (Google Funds),Meridian Google Founds,Measurement & Efectividad,Marketing Mix Modeling,CSA - Science,Proyecto,Alto,BLANCO,Nunca ofrecido,Espacio blanco,40.8,B,9,19718.0,0.499,0.016,0.81,0.739,0.25,40.818,1.0,1.0,3.4,1.0,100.0,0.0,0,1,0.0,0.0,0.0,0.0,,,,,Sin anclaje en el portafolio actual de la cuenta; servicio con demanda activa en los ultimos meses.,Construir caso con benchmark de la industria antes de pitchear
TUA,TUA,Por clasificar,Emergente,Meridian (Google Funds),Meridian Google Founds,Measurement & Efectividad,Marketing Mix Modeling,CSA - Science,Proyecto,Alto,BLANCO,Nunca ofrecido,Espacio blanco,40.8,B,8,19718.0,0.499,0.016,0.81,0.739,0.25,40.818,1.0,1.0,3.4,1.0,100.0,0.0,0,1,0.0,0.0,0.0,0.0,,,,,Sin anclaje en el portafolio actual de la cuenta; servicio con demanda activa en los ultimos meses.,Construir caso con benchmark de la industria antes de pitchear
Parque Arauco,PARQUE ARAUCO,Real Estate & Malls,Estrategica,Online Data Optimization - E-commerce,Online Data Optimization - sites with E-commerce,Analytics & Optimizacion Digital,Online Data Optimization,CSA - Tech,Proyecto,Medio,BLANCO,Nunca ofrecido,Espacio blanco,40.6,B,8,7336.0,0.299,0.016,0.624,0.983,0.5,40.586,1.0,1.0,3.4,0.5,100.0,0.0,0,1,0.0,0.0,0.0,0.0,,,,,Servicio con demanda activa en los ultimos meses.,Cross-sell dentro del mismo pilar
SMU,SMU,Retail Supermercados,Emergente,Online Data Optimization - E-commerce,Online Data Optimization - sites with E-commerce,Analytics & Optimizacion Digital,Online Data Optimization,CSA - Tech,Proyecto,Medio,BLANCO,Nunca ofrecido,Espacio blanco,40.6,B,10,7336.0,0.299,0.016,0.624,0.983,0.5,40.586,1.0,1.0,3.4,0.5,100.0,0.0,0,1,0.0,0.0,0.0,0.0,,,,,Servicio con demanda activa en los ultimos meses.,Cross-sell dentro del mismo pilar
WOM,WOM,Telco,Desarrollo,Licencias SA/DV360,Licencias SA/DV360,Licencias & Plataformas,Licencias Media,CSA - Tech,Licencia,Alto,BLANCO,Nunca ofrecido,Espacio blanco,40.6,B,4,12477.0,0.499,0.15,0.724,0.805,0.1,40.552,1.0,1.0,3.4,1.0,100.0,33.3,1,3,0.0,0.0,0.0,0.0,,,,,1 de 3 cuentas de telco ya lo ejecutan; sin anclaje en el portafolio actual de la cuenta; servicio con demanda activa en los ultimos meses.,Construir caso con benchmark de la industria antes de pitchear
Cruz Verde,CRUZ VERDE,Retail Farmacia,Emergente,People Data Fee Media,People data fee Media,Licencias & Plataformas,Data Fee,CSA - Tech,Recurrente,Alto,BLANCO,Nunca ofrecido,Espacio blanco,40.5,B,2,10879.0,0.565,0.047,0.698,0.928,0.1,40.476,1.0,1.0,10.3,0.667,100.0,0.0,0,1,0.0,0.0,0.0,0.0,,,,,Sin anclaje en el portafolio actual de la cuenta; servicio con demanda activa en los ultimos meses.,Construir caso con benchmark de la industria antes de pitchear
Tenpo,TENPO,Fintech & Banca,Emergente,People Data Fee Media,People data fee Media,Licencias & Plataformas,Data Fee,CSA - Tech,Recurrente,Alto,BLANCO,Nunca ofrecido,Espacio blanco,40.5,B,2,10879.0,0.565,0.047,0.698,0.928,0.1,40.476,1.0,1.0,10.3,0.667,100.0,0.0,0,1,0.0,0.0,0.0,0.0,,,,,Sin anclaje en el portafolio actual de la cuenta; servicio con demanda activa en los ultimos meses.,Construir caso con benchmark de la industria antes de pitchear
Copec Flux,COPEC FLUX,Energia & Combustibles,Estrategica,Meridian (Google Funds),Meridian Google Founds,Measurement & Efectividad,Marketing Mix Modeling,CSA - Science,Proyecto,Alto,BLANCO,Nunca ofrecido,Espacio blanco,40.4,B,7,19718.0,0.499,0.0,0.81,0.739,0.25,40.415,1.0,1.0,3.4,1.0,100.0,0.0,0,4,0.0,0.0,0.0,0.0,,,,,Sin anclaje en el portafolio actual de la cuenta; servicio con demanda activa en los ultimos meses.,Construir caso con benchmark de la industria antes de pitchear
Enex,ENEX,Energia & Combustibles,Desarrollo,Meridian (Google Funds),Meridian Google Founds,Measurement & Efectividad,Marketing Mix Modeling,CSA - Science,Proyecto,Alto,BLANCO,Nunca ofrecido,Espacio blanco,40.4,B,7,19718.0,0.499,0.0,0.81,0.739,0.25,40.415,1.0,1.0,3.4,1.0,100.0,0.0,0,4,0.0,0.0,0.0,0.0,,,,,Sin anclaje en el portafolio actual de la cuenta; servicio con demanda activa en los ultimos meses.,Construir caso con benchmark de la industria antes de pitchear
Gildemeister,GILDEMEISTER,Automotriz,Estrategica,Meridian (Google Funds),Meridian Google Founds,Measurement & Efectividad,Marketing Mix Modeling,CSA - Science,Proyecto,Alto,BLANCO,Nunca ofrecido,Espacio blanco,40.4,B,9,19718.0,0.499,0.0,0.81,0.739,0.25,40.415,1.0,1.0,3.4,1.0,100.0,0.0,0,4,0.0,0.0,0.0,0.0,,,,,Sin anclaje en el portafolio actual de la cuenta; servicio con demanda activa en los ultimos meses.,Construir caso con benchmark de la industria antes de pitchear
Indumotora,INDUMOTORA,Automotriz,Estrategica,Meridian (Google Funds),Meridian Google Founds,Measurement & Efectividad,Marketing Mix Modeling,CSA - Science,Proyecto,Alto,BLANCO,Nunca ofrecido,Espacio blanco,40.4,B,5,19718.0,0.499,0.0,0.81,0.739,0.25,40.415,1.0,1.0,3.4,1.0,100.0,0.0,0,4,0.0,0.0,0.0,0.0,,,,,Sin anclaje en el portafolio actual de la cuenta; servicio con demanda activa en los ultimos meses.,Construir caso con benchmark de la industria antes de pitchear
Porsche Group,PORSCHE GROUP,Automotriz,Desarrollo,Meridian (Google Funds),Meridian Google Founds,Measurement & Efectividad,Marketing Mix Modeling,CSA - Science,Proyecto,Alto,BLANCO,Nunca ofrecido,Espacio blanco,40.4,B,9,19718.0,0.499,0.0,0.81,0.739,0.25,40.415,1.0,1.0,3.4,1.0,100.0,0.0,0,4,0.0,0.0,0.0,0.0,,,,,Sin anclaje en el portafolio actual de la cuenta; servicio con demanda activa en los ultimos meses.,Construir caso con benchmark de la industria antes de pitchear
Claro,CLARO,Telco,Estrategica,Curves Base Contract,Curves Base contract: 4 channels/2 updates,Measurement & Efectividad,Curvas de Inversion,CSA - Science,Recurrente,Medio,BLANCO,Nunca ofrecido,Espacio blanco,40.2,B,8,6892.0,0.141,0.0,0.612,0.902,0.75,40.225,1.0,1.0,0.0,0.35304166666666664,100.0,0.0,0,3,0.0,0.0,0.0,0.0,,,,,"Adyacente a measurement & efectividad, familia donde la cuenta ya compra; servicio con demanda activa en los ultimos meses.",Upsell directo sobre el servicio ya activo
Esmax,ESMAX,Energia & Combustibles,Desarrollo,Curves Base Contract,Curves Base contract: 4 channels/2 updates,Measurement & Efectividad,Curvas de Inversion,CSA - Science,Recurrente,Medio,BLANCO,Nunca ofrecido,Espacio blanco,40.2,B,7,6892.0,0.141,0.0,0.612,0.902,0.75,40.225,1.0,1.0,0.0,0.35304166666666664,100.0,0.0,0,4,0.0,0.0,0.0,0.0,,,,,"Adyacente a measurement & efectividad, familia donde la cuenta ya compra; servicio con demanda activa en los ultimos meses.",Upsell directo sobre el servicio ya activo
Indumotora,INDUMOTORA,Automotriz,Estrategica,Online Data Optimization - E-commerce,Online Data Optimization - sites with E-commerce,Analytics & Optimizacion Digital,Online Data Optimization,CSA - Tech,Proyecto,Medio,BLANCO,Nunca ofrecido,Espacio blanco,40.2,B,6,7336.0,0.299,0.0,0.624,0.983,0.5,40.183,1.0,1.0,3.4,0.5,100.0,0.0,0,4,0.0,0.0,0.0,0.0,,,,,Servicio con demanda activa en los ultimos meses.,Cross-sell dentro del mismo pilar
Copec Flux,COPEC FLUX,Energia & Combustibles,Estrategica,CAPI x Gateway,CAPI x Gateway by CSA - look for special ratecard,Data Collection & Activacion,Server-Side / CAPI,CSA - Tech,Recurrente,Bajo,BLANCO,Nunca ofrecido,Espacio blanco,40.0,B,8,1100.0,0.6,0.0,0.267,0.904,0.5,40.046,1.0,1.0,6.9,1.0,100.0,0.0,0,4,0.0,0.0,0.0,0.0,,,,,Servicio con demanda activa en los ultimos meses.,Cross-sell dentro del mismo pilar
Enex,ENEX,Energia & Combustibles,Desarrollo,CAPI x Gateway,CAPI x Gateway by CSA - look for special ratecard,Data Collection & Activacion,Server-Side / CAPI,CSA - Tech,Recurrente,Bajo,BLANCO,Nunca ofrecido,Espacio blanco,40.0,B,8,1100.0,0.6,0.0,0.267,0.904,0.5,40.046,1.0,1.0,6.9,1.0,100.0,0.0,0,4,0.0,0.0,0.0,0.0,,,,,Servicio con demanda activa en los ultimos meses.,Cross-sell dentro del mismo pilar
Telefonica,TELEFONICA,Telco,Estrategica,CAPI x Gateway,CAPI x Gateway by CSA - look for special ratecard,Data Collection & Activacion,Server-Side / CAPI,CSA - Tech,Recurrente,Bajo,BLANCO,Nunca ofrecido,Espacio blanco,40.0,B,7,1100.0,0.6,0.0,0.267,0.904,0.5,40.046,1.0,1.0,6.9,1.0,100.0,0.0,0,3,0.0,0.0,0.0,0.0,,,,,Servicio con demanda activa en los ultimos meses.,Cross-sell dentro del mismo pilar
Indumotora,INDUMOTORA,Automotriz,Estrategica,Tech Services Ad Hoc,Tech Services Ad Hoc,Consultoria & Ad Hoc,Servicios Tech,CSA - Tech,Proyecto,Bajo,BLANCO,Nunca ofrecido,Espacio blanco,39.9,B,7,3814.0,0.289,0.119,0.501,0.906,0.5,39.901,1.0,1.0,6.9,0.222,81.8,0.0,0,4,0.0,0.0,0.0,0.0,,,,,Servicio con demanda activa en los ultimos meses.,Cross-sell dentro del mismo pilar
Indumotora,INDUMOTORA,Automotriz,Estrategica,Licencias GA4 360,Licencias GA4 360,Licencias & Plataformas,Licencias Analytics,CSA - Tech,Licencia,Alto,BLANCO,Nunca ofrecido,Espacio blanco,39.9,B,8,25314.0,0.0,0.12,0.857,0.951,0.5,39.939,1.0,1.0,0.0,0.0,100.0,0.0,0,4,0.0,0.0,0.0,0.0,,,,,Servicio con demanda activa en los ultimos meses.,Cross-sell dentro del mismo pilar
Esmax,ESMAX,Energia & Combustibles,Desarrollo,Licencias SA/DV360,Licencias SA/DV360,Licencias & Plataformas,Licencias Media,CSA - Tech,Licencia,Alto,BLANCO,Nunca ofrecido,Espacio blanco,39.7,B,8,12477.0,0.499,0.0,0.724,0.805,0.25,39.658,1.0,1.0,3.4,1.0,100.0,0.0,0,4,0.0,0.0,0.0,0.0,,,,,Sin anclaje en el portafolio actual de la cuenta; servicio con demanda activa en los ultimos meses.,Construir caso con benchmark de la industria antes de pitchear
TUA,TUA,Por clasificar,Emergente,C-GenIA Basic Anual,C-GenIA - Basic (200 images) Annual Subscription,Creative Intelligence & GenAI,Creative GenAI,CSA - Tech,Licencia,Medio,BLANCO,Nunca ofrecido,Espacio blanco,39.4,B,9,7919.0,0.299,0.016,0.638,0.858,0.5,39.351,1.0,1.0,3.4,0.5,100.0,0.0,0,1,0.0,0.0,0.0,0.0,,,,,Servicio con demanda activa en los ultimos meses.,Cross-sell dentro del mismo pilar
Gasco,GASCO,Energia & Combustibles,Emergente,People Data Fee Media,People data fee Media,Licencias & Plataformas,Data Fee,CSA - Tech,Recurrente,Alto,BLANCO,Nunca ofrecido,Espacio blanco,39.3,B,2,10879.0,0.565,0.0,0.698,0.928,0.1,39.265,1.0,1.0,10.3,0.667,100.0,0.0,0,4,0.0,0.0,0.0,0.0,,,,,Sin anclaje en el portafolio actual de la cuenta; servicio con demanda activa en los ultimos meses.,Construir caso con benchmark de la industria antes de pitchear
Inchcape Americas,INCHAPE AMERICAS,Automotriz,Desarrollo,People Data Fee Media,People data fee Media,Licencias & Plataformas,Data Fee,CSA - Tech,Recurrente,Alto,BLANCO,Nunca ofrecido,Espacio blanco,39.3,B,2,10879.0,0.565,0.0,0.698,0.928,0.1,39.265,1.0,1.0,10.3,0.667,100.0,0.0,0,4,0.0,0.0,0.0,0.0,,,,,Sin anclaje en el portafolio actual de la cuenta; servicio con demanda activa en los ultimos meses.,Construir caso con benchmark de la industria antes de pitchear
LATAM Airlines,LATAM AERLINES,Travel & Aerolineas,Desarrollo,People Data Fee Media,People data fee Media,Licencias & Plataformas,Data Fee,CSA - Tech,Recurrente,Alto,BLANCO,Nunca ofrecido,Espacio blanco,39.3,B,2,10879.0,0.565,0.0,0.698,0.928,0.1,39.265,1.0,1.0,10.3,0.667,100.0,0.0,0,2,0.0,0.0,0.0,0.0,,,,,Sin anclaje en el portafolio actual de la cuenta; servicio con demanda activa en los ultimos meses.,Construir caso con benchmark de la industria antes de pitchear
Lactalis,LACTALIS,CPG Alimentos,Emergente,People Data Fee Media,People data fee Media,Licencias & Plataformas,Data Fee,CSA - Tech,Recurrente,Alto,BLANCO,Nunca ofrecido,Espacio blanco,39.3,B,2,10879.0,0.565,0.0,0.698,0.928,0.1,39.265,1.0,1.0,10.3,0.667,100.0,0.0,0,2,0.0,0.0,0.0,0.0,,,,,Sin anclaje en el portafolio actual de la cuenta; servicio con demanda activa en los ultimos meses.,Construir caso con benchmark de la industria antes de pitchear
SMU,SMU,Retail Supermercados,Emergente,VIGenAIr,VIGenAIr,Creative Intelligence & GenAI,Video GenAI,CSA - Tech,Proyecto,Medio,BLANCO,Nunca ofrecido,Espacio blanco,39.3,B,11,4945.0,0.141,0.0,0.55,0.921,0.75,39.33,1.0,1.0,0.0,0.35304166666666664,100.0,0.0,0,1,0.0,0.0,0.0,0.0,,,,,"Adyacente a creative intelligence & genai, familia donde la cuenta ya compra; servicio con demanda activa en los ultimos meses.",Upsell directo sobre el servicio ya activo
Sky Airline,SKY AIRLINE,Travel & Aerolineas,Emergente,People Data Fee Media,People data fee Media,Licencias & Plataformas,Data Fee,CSA - Tech,Recurrente,Alto,BLANCO,Nunca ofrecido,Espacio blanco,39.3,B,2,10879.0,0.565,0.0,0.698,0.928,0.1,39.265,1.0,1.0,10.3,0.667,100.0,0.0,0,2,0.0,0.0,0.0,0.0,,,,,Sin anclaje en el portafolio actual de la cuenta; servicio con demanda activa en los ultimos meses.,Construir caso con benchmark de la industria antes de pitchear
Esmax,ESMAX,Energia & Combustibles,Desarrollo,Online Data Optimization - Basic,Online Data Optimization - Basic,Analytics & Optimizacion Digital,Online Data Optimization,CSA - Tech,Proyecto,Bajo,BLANCO,Nunca ofrecido,Espacio blanco,39.1,B,9,3256.0,0.499,0.112,0.471,0.896,0.25,39.119,1.0,1.0,3.4,1.0,100.0,25.0,1,4,0.0,0.0,0.0,0.0,,,,,1 de 4 cuentas de energia & combustibles ya lo ejecutan; sin anclaje en el portafolio actual de la cuenta; servicio con demanda activa en los ultimos meses.,Usar como abrepuertas de bajo ticket
Enex,ENEX,Energia & Combustibles,Desarrollo,Licencias GA4 360,Licencias GA4 360,Licencias & Plataformas,Licencias Analytics,CSA - Tech,Licencia,Alto,BLANCO,Nunca ofrecido,Espacio blanco,39.0,B,9,25314.0,0.0,0.083,0.857,0.951,0.5,39.001,1.0,1.0,0.0,0.0,100.0,0.0,0,4,0.0,0.0,0.0,0.0,,,,,Servicio con demanda activa en los ultimos meses.,Cross-sell dentro del mismo pilar
Porsche Group,PORSCHE GROUP,Automotriz,Desarrollo,Licencias GA4 360,Licencias GA4 360,Licencias & Plataformas,Licencias Analytics,CSA - Tech,Licencia,Alto,BLANCO,Nunca ofrecido,Espacio blanco,39.0,B,10,25314.0,0.0,0.083,0.857,0.951,0.5,39.001,1.0,1.0,0.0,0.0,100.0,0.0,0,4,0.0,0.0,0.0,0.0,,,,,Servicio con demanda activa en los ultimos meses.,Cross-sell dentro del mismo pilar
Claro,CLARO,Telco,Estrategica,C-GenIA Basic Anual,C-GenIA - Basic (200 images) Annual Subscription,Creative Intelligence & GenAI,Creative GenAI,CSA - Tech,Licencia,Medio,BLANCO,Nunca ofrecido,Espacio blanco,38.9,B,9,7919.0,0.299,0.0,0.638,0.858,0.5,38.948,1.0,1.0,3.4,0.5,100.0,0.0,0,3,0.0,0.0,0.0,0.0,,,,,Servicio con demanda activa en los ultimos meses.,Cross-sell dentro del mismo pilar
Copec Flux,COPEC FLUX,Energia & Combustibles,Estrategica,C-GenIA Basic Anual,C-GenIA - Basic (200 images) Annual Subscription,Creative Intelligence & GenAI,Creative GenAI,CSA - Tech,Licencia,Medio,BLANCO,Nunca ofrecido,Espacio blanco,38.9,B,9,7919.0,0.299,0.0,0.638,0.858,0.5,38.948,1.0,1.0,3.4,0.5,100.0,0.0,0,4,0.0,0.0,0.0,0.0,,,,,Servicio con demanda activa en los ultimos meses.,Cross-sell dentro del mismo pilar
Enex,ENEX,Energia & Combustibles,Desarrollo,C-GenIA Basic Anual,C-GenIA - Basic (200 images) Annual Subscription,Creative Intelligence & GenAI,Creative GenAI,CSA - Tech,Licencia,Medio,BLANCO,Nunca ofrecido,Espacio blanco,38.9,B,10,7919.0,0.299,0.0,0.638,0.858,0.5,38.948,1.0,1.0,3.4,0.5,100.0,0.0,0,4,0.0,0.0,0.0,0.0,,,,,Servicio con demanda activa en los ultimos meses.,Cross-sell dentro del mismo pilar
Gildemeister,GILDEMEISTER,Automotriz,Estrategica,C-GenIA Basic Anual,C-GenIA - Basic (200 images) Annual Subscription,Creative Intelligence & GenAI,Creative GenAI,CSA - Tech,Licencia,Medio,BLANCO,Nunca ofrecido,Espacio blanco,38.9,B,10,7919.0,0.299,0.0,0.638,0.858,0.5,38.948,1.0,1.0,3.4,0.5,100.0,0.0,0,4,0.0,0.0,0.0,0.0,,,,,Servicio con demanda activa en los ultimos meses.,Cross-sell dentro del mismo pilar
Porsche Group,PORSCHE GROUP,Automotriz,Desarrollo,C-GenIA Basic Anual,C-GenIA - Basic (200 images) Annual Subscription,Creative Intelligence & GenAI,Creative GenAI,CSA - Tech,Licencia,Medio,BLANCO,Nunca ofrecido,Espacio blanco,38.9,B,11,7919.0,0.299,0.0,0.638,0.858,0.5,38.948,1.0,1.0,3.4,0.5,100.0,0.0,0,4,0.0,0.0,0.0,0.0,,,,,Servicio con demanda activa en los ultimos meses.,Cross-sell dentro del mismo pilar
Telefonica,TELEFONICA,Telco,Estrategica,C-GenIA Basic Anual,C-GenIA - Basic (200 images) Annual Subscription,Creative Intelligence & GenAI,Creative GenAI,CSA - Tech,Licencia,Medio,BLANCO,Nunca ofrecido,Espacio blanco,38.9,B,8,7919.0,0.299,0.0,0.638,0.858,0.5,38.948,1.0,1.0,3.4,0.5,100.0,0.0,0,3,0.0,0.0,0.0,0.0,,,,,Servicio con demanda activa en los ultimos meses.,Cross-sell dentro del mismo pilar
Indumotora,INDUMOTORA,Automotriz,Estrategica,C-GenIA,C-GenIA,Creative Intelligence & GenAI,Creative GenAI,CSA - Tech,Proyecto,Alto,BLANCO,Nunca ofrecido,Espacio blanco,38.8,B,9,18305.0,0.0,0.118,0.796,0.951,0.5,38.789,1.0,1.0,0.0,0.0,100.0,0.0,0,4,0.0,0.0,0.0,0.0,,,,,Servicio con demanda activa en los ultimos meses.,Cross-sell dentro del mismo pilar
Watts,WATTS,CPG Alimentos,Desarrollo,SEO,SEO,Analytics & Optimizacion Digital,SEO,CSA - Tech,Proyecto,Alto,BLANCO,Nunca ofrecido,Espacio blanco,38.7,B,3,15497.0,0.365,0.096,0.765,0.972,0.1,38.679,1.0,1.0,3.4,0.667,100.0,0.0,0,2,0.0,0.0,0.0,0.0,,,,,Sin anclaje en el portafolio actual de la cuenta; servicio con demanda activa en los ultimos meses.,Construir caso con benchmark de la industria antes de pitchear
Gildemeister,GILDEMEISTER,Automotriz,Estrategica,Online Data Optimization - No E-commerce,Online Data Optimization - sites without E-commerce,Analytics & Optimizacion Digital,Online Data Optimization,CSA - Tech,Proyecto,Bajo,BLANCO,Nunca ofrecido,Espacio blanco,38.2,B,11,3709.0,0.141,0.0,0.495,0.909,0.75,38.219,1.0,1.0,0.0,0.35304166666666664,100.0,0.0,0,4,0.0,0.0,0.0,0.0,,,,,"Adyacente a analytics & optimizacion digital, familia donde la cuenta ya compra; servicio con demanda activa en los ultimos meses.",Upsell directo sobre el servicio ya activo
Parque Arauco,PARQUE ARAUCO,Real Estate & Malls,Estrategica,C-GenIA,C-GenIA,Creative Intelligence & GenAI,Creative GenAI,CSA - Tech,Proyecto,Alto,BLANCO,Nunca ofrecido,Espacio blanco,38.2,B,9,18305.0,0.0,0.094,0.796,0.951,0.5,38.183,1.0,1.0,0.0,0.0,100.0,0.0,0,1,0.0,0.0,0.0,0.0,,,,,Servicio con demanda activa en los ultimos meses.,Cross-sell dentro del mismo pilar
Telefonica,TELEFONICA,Telco,Estrategica,Online Data Optimization - No E-commerce,Online Data Optimization - sites without E-commerce,Analytics & Optimizacion Digital,Online Data Optimization,CSA - Tech,Proyecto,Bajo,BLANCO,Nunca ofrecido,Espacio blanco,38.2,B,9,3709.0,0.141,0.0,0.495,0.909,0.75,38.219,1.0,1.0,0.0,0.35304166666666664,100.0,0.0,0,3,0.0,0.0,0.0,0.0,,,,,"Adyacente a analytics & optimizacion digital, familia donde la cuenta ya compra; servicio con demanda activa en los ultimos meses.",Upsell directo sobre el servicio ya activo
TUA,TUA,Por clasificar,Emergente,Licencias GA4 360,Licencias GA4 360,Licencias & Plataformas,Licencias Analytics,CSA - Tech,Licencia,Alto,BLANCO,Nunca ofrecido,Espacio blanco,38.1,B,10,25314.0,0.0,0.048,0.857,0.951,0.5,38.073,1.0,1.0,0.0,0.0,100.0,0.0,0,1,0.0,0.0,0.0,0.0,,,,,Servicio con demanda activa en los ultimos meses.,Cross-sell dentro del mismo pilar
Copec Flux,COPEC FLUX,Energia & Combustibles,Estrategica,MMM Full,MMM Marketing Mix Modeling (without data collection process),Measurement & Efectividad,Marketing Mix Modeling,CSA - Science,Proyecto,Alto,BLANCO,Nunca ofrecido,Espacio blanco,38.0,B,10,54108.0,0.141,0.0,1.0,0.971,0.25,38.038,1.0,1.0,0.0,0.35304166666666664,100.0,0.0,0,4,0.0,0.0,0.0,0.0,,,,,Sin anclaje en el portafolio actual de la cuenta; servicio con demanda activa en los ultimos meses.,Construir caso con benchmark de la industria antes de pitchear
Enex,ENEX,Energia & Combustibles,Desarrollo,MMM Full,MMM Marketing Mix Modeling (without data collection process),Measurement & Efectividad,Marketing Mix Modeling,CSA - Science,Proyecto,Alto,BLANCO,Nunca ofrecido,Espacio blanco,38.0,B,11,54108.0,0.141,0.0,1.0,0.971,0.25,38.038,1.0,1.0,0.0,0.35304166666666664,100.0,0.0,0,4,0.0,0.0,0.0,0.0,,,,,Sin anclaje en el portafolio actual de la cuenta; servicio con demanda activa en los ultimos meses.,Construir caso con benchmark de la industria antes de pitchear
Gildemeister,GILDEMEISTER,Automotriz,Estrategica,MMM Full,MMM Marketing Mix Modeling (without data collection process),Measurement & Efectividad,Marketing Mix Modeling,CSA - Science,Proyecto,Alto,BLANCO,Nunca ofrecido,Espacio blanco,38.0,B,12,54108.0,0.141,0.0,1.0,0.971,0.25,38.038,1.0,1.0,0.0,0.35304166666666664,100.0,0.0,0,4,0.0,0.0,0.0,0.0,,,,,Sin anclaje en el portafolio actual de la cuenta; servicio con demanda activa en los ultimos meses.,Construir caso con benchmark de la industria antes de pitchear
Indumotora,INDUMOTORA,Automotriz,Estrategica,MMM Full,MMM Marketing Mix Modeling (without data collection process),Measurement & Efectividad,Marketing Mix Modeling,CSA - Science,Proyecto,Alto,BLANCO,Nunca ofrecido,Espacio blanco,38.0,B,10,54108.0,0.141,0.0,1.0,0.971,0.25,38.038,1.0,1.0,0.0,0.35304166666666664,100.0,0.0,0,4,0.0,0.0,0.0,0.0,,,,,Sin anclaje en el portafolio actual de la cuenta; servicio con demanda activa en los ultimos meses.,Construir caso con benchmark de la industria antes de pitchear
Parque Arauco,PARQUE ARAUCO,Real Estate & Malls,Estrategica,MMM Full,MMM Marketing Mix Modeling (without data collection process),Measurement & Efectividad,Marketing Mix Modeling,CSA - Science,Proyecto,Alto,BLANCO,Nunca ofrecido,Espacio blanco,38.0,B,10,54108.0,0.141,0.0,1.0,0.971,0.25,38.038,1.0,1.0,0.0,0.35304166666666664,100.0,0.0,0,1,0.0,0.0,0.0,0.0,,,,,Sin anclaje en el portafolio actual de la cuenta; servicio con demanda activa en los ultimos meses.,Construir caso con benchmark de la industria antes de pitchear
Porsche Group,PORSCHE GROUP,Automotriz,Desarrollo,MMM Full,MMM Marketing Mix Modeling (without data collection process),Measurement & Efectividad,Marketing Mix Modeling,CSA - Science,Proyecto,Alto,BLANCO,Nunca ofrecido,Espacio blanco,38.0,B,12,54108.0,0.141,0.0,1.0,0.971,0.25,38.038,1.0,1.0,0.0,0.35304166666666664,100.0,0.0,0,4,0.0,0.0,0.0,0.0,,,,,Sin anclaje en el portafolio actual de la cuenta; servicio con demanda activa en los ultimos meses.,Construir caso con benchmark de la industria antes de pitchear
SMU,SMU,Retail Supermercados,Emergente,MMM Full,MMM Marketing Mix Modeling (without data collection process),Measurement & Efectividad,Marketing Mix Modeling,CSA - Science,Proyecto,Alto,BLANCO,Nunca ofrecido,Espacio blanco,38.0,B,12,54108.0,0.141,0.0,1.0,0.971,0.25,38.038,1.0,1.0,0.0,0.35304166666666664,100.0,0.0,0,1,0.0,0.0,0.0,0.0,,,,,Sin anclaje en el portafolio actual de la cuenta; servicio con demanda activa en los ultimos meses.,Construir caso con benchmark de la industria antes de pitchear
TUA,TUA,Por clasificar,Emergente,MMM Full,MMM Marketing Mix Modeling (without data collection process),Measurement & Efectividad,Marketing Mix Modeling,CSA - Science,Proyecto,Alto,BLANCO,Nunca ofrecido,Espacio blanco,38.0,B,11,54108.0,0.141,0.0,1.0,0.971,0.25,38.038,1.0,1.0,0.0,0.35304166666666664,100.0,0.0,0,1,0.0,0.0,0.0,0.0,,,,,Sin anclaje en el portafolio actual de la cuenta; servicio con demanda activa en los ultimos meses.,Construir caso con benchmark de la industria antes de pitchear
Telefonica,TELEFONICA,Telco,Estrategica,MMM Full,MMM Marketing Mix Modeling (without data collection process),Measurement & Efectividad,Marketing Mix Modeling,CSA - Science,Proyecto,Alto,BLANCO,Nunca ofrecido,Espacio blanco,38.0,B,10,54108.0,0.141,0.0,1.0,0.971,0.25,38.038,1.0,1.0,0.0,0.35304166666666664,100.0,0.0,0,3,0.0,0.0,0.0,0.0,,,,,Sin anclaje en el portafolio actual de la cuenta; servicio con demanda activa en los ultimos meses.,Construir caso con benchmark de la industria antes de pitchear
Copec Flux,COPEC FLUX,Energia & Combustibles,Estrategica,MMM Lite,MMM Lite,Measurement & Efectividad,Marketing Mix Modeling,CSA - Science,Proyecto,Alto,BLANCO,Nunca ofrecido,Espacio blanco,37.9,B,11,16312.0,0.165,0.208,0.774,0.802,0.25,37.937,1.0,1.0,3.4,0.167,100.0,25.0,1,4,0.0,0.0,0.0,0.0,,,,,1 de 4 cuentas de energia & combustibles ya lo ejecutan; sin anclaje en el portafolio actual de la cuenta; servicio con demanda activa en los ultimos meses.,Construir caso con benchmark de la industria antes de pitchear
Inchcape Americas,INCHAPE AMERICAS,Automotriz,Desarrollo,CAPI x Gateway,CAPI x Gateway by CSA - look for special ratecard,Data Collection & Activacion,Server-Side / CAPI,CSA - Tech,Recurrente,Bajo,BLANCO,Nunca ofrecido,Espacio blanco,37.9,B,3,1100.0,0.6,0.225,0.267,0.904,0.1,37.896,1.0,1.0,6.9,1.0,100.0,50.0,2,4,0.0,0.0,0.0,0.0,,,,,2 de 4 cuentas de automotriz ya lo ejecutan; sin anclaje en el portafolio actual de la cuenta; servicio con demanda activa en los ultimos meses.,Usar como abrepuertas de bajo ticket
Copec Flux,COPEC FLUX,Energia & Combustibles,Estrategica,C-GenIA,C-GenIA,Creative Intelligence & GenAI,Creative GenAI,CSA - Tech,Proyecto,Alto,BLANCO,Nunca ofrecido,Espacio blanco,37.8,B,12,18305.0,0.0,0.078,0.796,0.951,0.5,37.77,1.0,1.0,0.0,0.0,100.0,0.0,0,4,0.0,0.0,0.0,0.0,,,,,Servicio con demanda activa en los ultimos meses.,Cross-sell dentro del mismo pilar
Cruz Verde,CRUZ VERDE,Retail Farmacia,Emergente,Meridian (Google Funds),Meridian Google Founds,Measurement & Efectividad,Marketing Mix Modeling,CSA - Science,Proyecto,Alto,BLANCO,Nunca ofrecido,Espacio blanco,37.8,B,3,19718.0,0.499,0.016,0.81,0.739,0.1,37.818,1.0,1.0,3.4,1.0,100.0,0.0,0,1,0.0,0.0,0.0,0.0,,,,,Sin anclaje en el portafolio actual de la cuenta; servicio con demanda activa en los ultimos meses.,Construir caso con benchmark de la industria antes de pitchear
Decathlon,DECATHLON,Retail Deportes,Emergente,Meridian (Google Funds),Meridian Google Founds,Measurement & Efectividad,Marketing Mix Modeling,CSA - Science,Proyecto,Alto,BLANCO,Nunca ofrecido,Espacio blanco,37.8,B,2,19718.0,0.499,0.016,0.81,0.739,0.1,37.818,1.0,1.0,3.4,1.0,100.0,0.0,0,1,0.0,0.0,0.0,0.0,,,,,Sin anclaje en el portafolio actual de la cuenta; servicio con demanda activa en los ultimos meses.,Construir caso con benchmark de la industria antes de pitchear
Escuela de Comercio y Servicio,ESCUELA DE COMERCIO Y SERVICIO,Educacion,Emergente,Meridian (Google Funds),Meridian Google Founds,Measurement & Efectividad,Marketing Mix Modeling,CSA - Science,Proyecto,Alto,BLANCO,Nunca ofrecido,Espacio blanco,37.8,B,2,19718.0,0.499,0.016,0.81,0.739,0.1,37.818,1.0,1.0,3.4,1.0,100.0,0.0,0,1,0.0,0.0,0.0,0.0,,,,,Sin anclaje en el portafolio actual de la cuenta; servicio con demanda activa en los ultimos meses.,Construir caso con benchmark de la industria antes de pitchear
GAES,GAES,Salud,Emergente,Meridian (Google Funds),Meridian Google Founds,Measurement & Efectividad,Marketing Mix Modeling,CSA - Science,Proyecto,Alto,BLANCO,Nunca ofrecido,Espacio blanco,37.8,B,3,19718.0,0.499,0.016,0.81,0.739,0.1,37.818,1.0,1.0,3.4,1.0,100.0,0.0,0,1,0.0,0.0,0.0,0.0,,,,,Sin anclaje en el portafolio actual de la cuenta; servicio con demanda activa en los ultimos meses.,Construir caso con benchmark de la industria antes de pitchear
PC Factory,PC FACTORY,Retail Electro,Emergente,Meridian (Google Funds),Meridian Google Founds,Measurement & Efectividad,Marketing Mix Modeling,CSA - Science,Proyecto,Alto,BLANCO,Nunca ofrecido,Espacio blanco,37.8,B,3,19718.0,0.499,0.016,0.81,0.739,0.1,37.818,1.0,1.0,3.4,1.0,100.0,0.0,0,1,0.0,0.0,0.0,0.0,,,,,Sin anclaje en el portafolio actual de la cuenta; servicio con demanda activa en los ultimos meses.,Construir caso con benchmark de la industria antes de pitchear
PJ Chile SpA,PJ CHILE SPA,Food & QSR,Emergente,Meridian (Google Funds),Meridian Google Founds,Measurement & Efectividad,Marketing Mix Modeling,CSA - Science,Proyecto,Alto,BLANCO,Nunca ofrecido,Espacio blanco,37.8,B,3,19718.0,0.499,0.016,0.81,0.739,0.1,37.818,1.0,1.0,3.4,1.0,100.0,0.0,0,1,0.0,0.0,0.0,0.0,,,,,Sin anclaje en el portafolio actual de la cuenta; servicio con demanda activa en los ultimos meses.,Construir caso con benchmark de la industria antes de pitchear
Polla Chilena,POLLA,Juegos & Entretenimiento,Emergente,Meridian (Google Funds),Meridian Google Founds,Measurement & Efectividad,Marketing Mix Modeling,CSA - Science,Proyecto,Alto,BLANCO,Nunca ofrecido,Espacio blanco,37.8,B,2,19718.0,0.499,0.016,0.81,0.739,0.1,37.818,1.0,1.0,3.4,1.0,100.0,0.0,0,1,0.0,0.0,0.0,0.0,,,,,Sin anclaje en el portafolio actual de la cuenta; servicio con demanda activa en los ultimos meses.,Construir caso con benchmark de la industria antes de pitchear
Reckitt,RECKITT,CPG Cuidado Personal,Emergente,Meridian (Google Funds),Meridian Google Founds,Measurement & Efectividad,Marketing Mix Modeling,CSA - Science,Proyecto,Alto,BLANCO,Nunca ofrecido,Espacio blanco,37.8,B,3,19718.0,0.499,0.016,0.81,0.739,0.1,37.818,1.0,1.0,3.4,1.0,100.0,0.0,0,1,0.0,0.0,0.0,0.0,,,,,Sin anclaje en el portafolio actual de la cuenta; servicio con demanda activa en los ultimos meses.,Construir caso con benchmark de la industria antes de pitchear
Tenpo,TENPO,Fintech & Banca,Emergente,Meridian (Google Funds),Meridian Google Founds,Measurement & Efectividad,Marketing Mix Modeling,CSA - Science,Proyecto,Alto,BLANCO,Nunca ofrecido,Espacio blanco,37.8,B,3,19718.0,0.499,0.016,0.81,0.739,0.1,37.818,1.0,1.0,3.4,1.0,100.0,0.0,0,1,0.0,0.0,0.0,0.0,,,,,Sin anclaje en el portafolio actual de la cuenta; servicio con demanda activa en los ultimos meses.,Construir caso con benchmark de la industria antes de pitchear
Tricot,TRICOT,Retail Vestuario,Emergente,Meridian (Google Funds),Meridian Google Founds,Measurement & Efectividad,Marketing Mix Modeling,CSA - Science,Proyecto,Alto,BLANCO,Nunca ofrecido,Espacio blanco,37.8,B,3,19718.0,0.499,0.016,0.81,0.739,0.1,37.818,1.0,1.0,3.4,1.0,100.0,0.0,0,1,0.0,0.0,0.0,0.0,,,,,Sin anclaje en el portafolio actual de la cuenta; servicio con demanda activa en los ultimos meses.,Construir caso con benchmark de la industria antes de pitchear
Verisure,VERISURE,Servicios Hogar & Seguridad,Desarrollo,Meridian (Google Funds),Meridian Google Founds,Measurement & Efectividad,Marketing Mix Modeling,CSA - Science,Proyecto,Alto,BLANCO,Nunca ofrecido,Espacio blanco,37.8,B,3,19718.0,0.499,0.016,0.81,0.739,0.1,37.818,1.0,1.0,3.4,1.0,100.0,0.0,0,1,0.0,0.0,0.0,0.0,,,,,Sin anclaje en el portafolio actual de la cuenta; servicio con demanda activa en los ultimos meses.,Construir caso con benchmark de la industria antes de pitchear
Decathlon,DECATHLON,Retail Deportes,Emergente,SEO,SEO,Analytics & Optimizacion Digital,SEO,CSA - Tech,Proyecto,Alto,BLANCO,Nunca ofrecido,Espacio blanco,37.7,B,3,15497.0,0.365,0.059,0.765,0.972,0.1,37.727,1.0,1.0,3.4,0.667,100.0,0.0,0,1,0.0,0.0,0.0,0.0,,,,,Sin anclaje en el portafolio actual de la cuenta; servicio con demanda activa en los ultimos meses.,Construir caso con benchmark de la industria antes de pitchear
Escuela de Comercio y Servicio,ESCUELA DE COMERCIO Y SERVICIO,Educacion,Emergente,SEO,SEO,Analytics & Optimizacion Digital,SEO,CSA - Tech,Proyecto,Alto,BLANCO,Nunca ofrecido,Espacio blanco,37.7,B,3,15497.0,0.365,0.059,0.765,0.972,0.1,37.727,1.0,1.0,3.4,0.667,100.0,0.0,0,1,0.0,0.0,0.0,0.0,,,,,Sin anclaje en el portafolio actual de la cuenta; servicio con demanda activa en los ultimos meses.,Construir caso con benchmark de la industria antes de pitchear
Polla Chilena,POLLA,Juegos & Entretenimiento,Emergente,SEO,SEO,Analytics & Optimizacion Digital,SEO,CSA - Tech,Proyecto,Alto,BLANCO,Nunca ofrecido,Espacio blanco,37.7,B,3,15497.0,0.365,0.059,0.765,0.972,0.1,37.727,1.0,1.0,3.4,0.667,100.0,0.0,0,1,0.0,0.0,0.0,0.0,,,,,Sin anclaje en el portafolio actual de la cuenta; servicio con demanda activa en los ultimos meses.,Construir caso con benchmark de la industria antes de pitchear
SMU,SMU,Retail Supermercados,Emergente,Tech Services Ad Hoc,Tech Services Ad Hoc,Consultoria & Ad Hoc,Servicios Tech,CSA - Tech,Proyecto,Bajo,BLANCO,Nunca ofrecido,Espacio blanco,37.6,B,13,3814.0,0.289,0.031,0.501,0.906,0.5,37.624,1.0,1.0,6.9,0.222,81.8,0.0,0,1,0.0,0.0,0.0,0.0,,,,,Servicio con demanda activa en los ultimos meses.,Cross-sell dentro del mismo pilar
Enex,ENEX,Energia & Combustibles,Desarrollo,C-GenIA,C-GenIA,Creative Intelligence & GenAI,Creative GenAI,CSA - Tech,Proyecto,Alto,BLANCO,Nunca ofrecido,Espacio blanco,37.4,B,12,18305.0,0.0,0.063,0.796,0.951,0.5,37.364,1.0,1.0,0.0,0.0,100.0,0.0,0,4,0.0,0.0,0.0,0.0,,,,,Servicio con demanda activa en los ultimos meses.,Cross-sell dentro del mismo pilar
Gasco,GASCO,Energia & Combustibles,Emergente,Meridian (Google Funds),Meridian Google Founds,Measurement & Efectividad,Marketing Mix Modeling,CSA - Science,Proyecto,Alto,BLANCO,Nunca ofrecido,Espacio blanco,37.4,B,3,19718.0,0.499,0.0,0.81,0.739,0.1,37.415,1.0,1.0,3.4,1.0,100.0,0.0,0,4,0.0,0.0,0.0,0.0,,,,,Sin anclaje en el portafolio actual de la cuenta; servicio con demanda activa en los ultimos meses.,Construir caso con benchmark de la industria antes de pitchear
Inchcape Americas,INCHAPE AMERICAS,Automotriz,Desarrollo,Meridian (Google Funds),Meridian Google Founds,Measurement & Efectividad,Marketing Mix Modeling,CSA - Science,Proyecto,Alto,BLANCO,Nunca ofrecido,Espacio blanco,37.4,B,4,19718.0,0.499,0.0,0.81,0.739,0.1,37.415,1.0,1.0,3.4,1.0,100.0,0.0,0,4,0.0,0.0,0.0,0.0,,,,,Sin anclaje en el portafolio actual de la cuenta; servicio con demanda activa en los ultimos meses.,Construir caso con benchmark de la industria antes de pitchear
LATAM Airlines,LATAM AERLINES,Travel & Aerolineas,Desarrollo,Meridian (Google Funds),Meridian Google Founds,Measurement & Efectividad,Marketing Mix Modeling,CSA - Science,Proyecto,Alto,BLANCO,Nunca ofrecido,Espacio blanco,37.4,B,3,19718.0,0.499,0.0,0.81,0.739,0.1,37.415,1.0,1.0,3.4,1.0,100.0,0.0,0,2,0.0,0.0,0.0,0.0,,,,,Sin anclaje en el portafolio actual de la cuenta; servicio con demanda activa en los ultimos meses.,Construir caso con benchmark de la industria antes de pitchear
Lactalis,LACTALIS,CPG Alimentos,Emergente,Meridian (Google Funds),Meridian Google Founds,Measurement & Efectividad,Marketing Mix Modeling,CSA - Science,Proyecto,Alto,BLANCO,Nunca ofrecido,Espacio blanco,37.4,B,3,19718.0,0.499,0.0,0.81,0.739,0.1,37.415,1.0,1.0,3.4,1.0,100.0,0.0,0,2,0.0,0.0,0.0,0.0,,,,,Sin anclaje en el portafolio actual de la cuenta; servicio con demanda activa en los ultimos meses.,Construir caso con benchmark de la industria antes de pitchear
Porsche Group,PORSCHE GROUP,Automotriz,Desarrollo,C-GenIA,C-GenIA,Creative Intelligence & GenAI,Creative GenAI,CSA - Tech,Proyecto,Alto,BLANCO,Nunca ofrecido,Espacio blanco,37.4,B,13,18305.0,0.0,0.063,0.796,0.951,0.5,37.364,1.0,1.0,0.0,0.0,100.0,0.0,0,4,0.0,0.0,0.0,0.0,,,,,Servicio con demanda activa en los ultimos meses.,Cross-sell dentro del mismo pilar
Sky Airline,SKY AIRLINE,Travel & Aerolineas,Emergente,Meridian (Google Funds),Meridian Google Founds,Measurement & Efectividad,Marketing Mix Modeling,CSA - Science,Proyecto,Alto,BLANCO,Nunca ofrecido,Espacio blanco,37.4,B,3,19718.0,0.499,0.0,0.81,0.739,0.1,37.415,1.0,1.0,3.4,1.0,100.0,0.0,0,2,0.0,0.0,0.0,0.0,,,,,Sin anclaje en el portafolio actual de la cuenta; servicio con demanda activa en los ultimos meses.,Construir caso con benchmark de la industria antes de pitchear
Watts,WATTS,CPG Alimentos,Desarrollo,Meridian (Google Funds),Meridian Google Founds,Measurement & Efectividad,Marketing Mix Modeling,CSA - Science,Proyecto,Alto,BLANCO,Nunca ofrecido,Espacio blanco,37.4,B,4,19718.0,0.499,0.0,0.81,0.739,0.1,37.415,1.0,1.0,3.4,1.0,100.0,0.0,0,2,0.0,0.0,0.0,0.0,,,,,Sin anclaje en el portafolio actual de la cuenta; servicio con demanda activa en los ultimos meses.,Construir caso con benchmark de la industria antes de pitchear
Porsche Group,PORSCHE GROUP,Automotriz,Desarrollo,Performance Powered Conversions (ECL),Performance Powered Conversions (ECL),Data Collection & Activacion,Conversiones Avanzadas,CSA - Tech,Proyecto,Bajo,BLANCO,Nunca ofrecido,Espacio blanco,37.3,B,14,1961.0,0.299,0.154,0.375,0.779,0.5,37.286,1.0,1.0,3.4,0.5,75.0,25.0,1,4,0.0,0.0,0.0,0.0,,,,,1 de 4 cuentas de automotriz ya lo ejecutan; servicio con demanda activa en los ultimos meses.,Cross-sell dentro del mismo pilar
TUA,TUA,Por clasificar,Emergente,C-GenIA,C-GenIA,Creative Intelligence & GenAI,Creative GenAI,CSA - Tech,Proyecto,Alto,BLANCO,Nunca ofrecido,Espacio blanco,37.3,B,12,18305.0,0.0,0.059,0.796,0.951,0.5,37.26,1.0,1.0,0.0,0.0,100.0,0.0,0,1,0.0,0.0,0.0,0.0,,,,,Servicio con demanda activa en los ultimos meses.,Cross-sell dentro del mismo pilar
WOM,WOM,Telco,Desarrollo,Online Data Optimization - E-commerce,Online Data Optimization - sites with E-commerce,Analytics & Optimizacion Digital,Online Data Optimization,CSA - Tech,Proyecto,Medio,BLANCO,Nunca ofrecido,Espacio blanco,37.2,B,5,7336.0,0.299,0.192,0.624,0.983,0.1,37.188,1.0,1.0,3.4,0.5,100.0,33.3,1,3,0.0,0.0,0.0,0.0,,,,,1 de 3 cuentas de telco ya lo ejecutan; sin anclaje en el portafolio actual de la cuenta; servicio con demanda activa en los ultimos meses.,Construir caso con benchmark de la industria antes de pitchear
Claro,CLARO,Telco,Estrategica,1PD Integration,1PD Integration (until 15 sources) - Google,Data Collection & Activacion,First Party Data,CSA - Tech,Proyecto,Alto,BLANCO,Nunca ofrecido,Espacio blanco,37.1,B,10,12157.0,0.141,0.0,0.719,0.896,0.5,37.083,1.0,1.0,0.0,0.35304166666666664,100.0,0.0,0,3,0.0,0.0,0.0,0.0,,,,,Servicio con demanda activa en los ultimos meses.,Cross-sell dentro del mismo pilar
Copec Flux,COPEC FLUX,Energia & Combustibles,Estrategica,1PD Integration,1PD Integration (until 15 sources) - Google,Data Collection & Activacion,First Party Data,CSA - Tech,Proyecto,Alto,BLANCO,Nunca ofrecido,Espacio blanco,37.1,B,13,12157.0,0.141,0.0,0.719,0.896,0.5,37.083,1.0,1.0,0.0,0.35304166666666664,100.0,0.0,0,4,0.0,0.0,0.0,0.0,,,,,Servicio con demanda activa en los ultimos meses.,Cross-sell dentro del mismo pilar
Cruz Verde,CRUZ VERDE,Retail Farmacia,Emergente,Licencias SA/DV360,Licencias SA/DV360,Licencias & Plataformas,Licencias Media,CSA - Tech,Licencia,Alto,BLANCO,Nunca ofrecido,Espacio blanco,37.1,B,4,12477.0,0.499,0.016,0.724,0.805,0.1,37.061,1.0,1.0,3.4,1.0,100.0,0.0,0,1,0.0,0.0,0.0,0.0,,,,,Sin anclaje en el portafolio actual de la cuenta; servicio con demanda activa en los ultimos meses.,Construir caso con benchmark de la industria antes de pitchear
Decathlon,DECATHLON,Retail Deportes,Emergente,Licencias SA/DV360,Licencias SA/DV360,Licencias & Plataformas,Licencias Media,CSA - Tech,Licencia,Alto,BLANCO,Nunca ofrecido,Espacio blanco,37.1,B,4,12477.0,0.499,0.016,0.724,0.805,0.1,37.061,1.0,1.0,3.4,1.0,100.0,0.0,0,1,0.0,0.0,0.0,0.0,,,,,Sin anclaje en el portafolio actual de la cuenta; servicio con demanda activa en los ultimos meses.,Construir caso con benchmark de la industria antes de pitchear
Enex,ENEX,Energia & Combustibles,Desarrollo,1PD Integration,1PD Integration (until 15 sources) - Google,Data Collection & Activacion,First Party Data,CSA - Tech,Proyecto,Alto,BLANCO,Nunca ofrecido,Espacio blanco,37.1,B,13,12157.0,0.141,0.0,0.719,0.896,0.5,37.083,1.0,1.0,0.0,0.35304166666666664,100.0,0.0,0,4,0.0,0.0,0.0,0.0,,,,,Servicio con demanda activa en los ultimos meses.,Cross-sell dentro del mismo pilar
Escuela de Comercio y Servicio,ESCUELA DE COMERCIO Y SERVICIO,Educacion,Emergente,Licencias SA/DV360,Licencias SA/DV360,Licencias & Plataformas,Licencias Media,CSA - Tech,Licencia,Alto,BLANCO,Nunca ofrecido,Espacio blanco,37.1,B,4,12477.0,0.499,0.016,0.724,0.805,0.1,37.061,1.0,1.0,3.4,1.0,100.0,0.0,0,1,0.0,0.0,0.0,0.0,,,,,Sin anclaje en el portafolio actual de la cuenta; servicio con demanda activa en los ultimos meses.,Construir caso con benchmark de la industria antes de pitchear
GAES,GAES,Salud,Emergente,Licencias SA/DV360,Licencias SA/DV360,Licencias & Plataformas,Licencias Media,CSA - Tech,Licencia,Alto,BLANCO,Nunca ofrecido,Espacio blanco,37.1,B,4,12477.0,0.499,0.016,0.724,0.805,0.1,37.061,1.0,1.0,3.4,1.0,100.0,0.0,0,1,0.0,0.0,0.0,0.0,,,,,Sin anclaje en el portafolio actual de la cuenta; servicio con demanda activa en los ultimos meses.,Construir caso con benchmark de la industria antes de pitchear
PC Factory,PC FACTORY,Retail Electro,Emergente,Licencias SA/DV360,Licencias SA/DV360,Licencias & Plataformas,Licencias Media,CSA - Tech,Licencia,Alto,BLANCO,Nunca ofrecido,Espacio blanco,37.1,B,4,12477.0,0.499,0.016,0.724,0.805,0.1,37.061,1.0,1.0,3.4,1.0,100.0,0.0,0,1,0.0,0.0,0.0,0.0,,,,,Sin anclaje en el portafolio actual de la cuenta; servicio con demanda activa en los ultimos meses.,Construir caso con benchmark de la industria antes de pitchear
PJ Chile SpA,PJ CHILE SPA,Food & QSR,Emergente,Licencias SA/DV360,Licencias SA/DV360,Licencias & Plataformas,Licencias Media,CSA - Tech,Licencia,Alto,BLANCO,Nunca ofrecido,Espacio blanco,37.1,B,4,12477.0,0.499,0.016,0.724,0.805,0.1,37.061,1.0,1.0,3.4,1.0,100.0,0.0,0,1,0.0,0.0,0.0,0.0,,,,,Sin anclaje en el portafolio actual de la cuenta; servicio con demanda activa en los ultimos meses.,Construir caso con benchmark de la industria antes de pitchear
Parque Arauco,PARQUE ARAUCO,Real Estate & Malls,Estrategica,1PD Integration,1PD Integration (until 15 sources) - Google,Data Collection & Activacion,First Party Data,CSA - Tech,Proyecto,Alto,BLANCO,Nunca ofrecido,Espacio blanco,37.1,B,11,12157.0,0.141,0.0,0.719,0.896,0.5,37.083,1.0,1.0,0.0,0.35304166666666664,100.0,0.0,0,1,0.0,0.0,0.0,0.0,,,,,Servicio con demanda activa en los ultimos meses.,Cross-sell dentro del mismo pilar
Polla Chilena,POLLA,Juegos & Entretenimiento,Emergente,Licencias SA/DV360,Licencias SA/DV360,Licencias & Plataformas,Licencias Media,CSA - Tech,Licencia,Alto,BLANCO,Nunca ofrecido,Espacio blanco,37.1,B,4,12477.0,0.499,0.016,0.724,0.805,0.1,37.061,1.0,1.0,3.4,1.0,100.0,0.0,0,1,0.0,0.0,0.0,0.0,,,,,Sin anclaje en el portafolio actual de la cuenta; servicio con demanda activa en los ultimos meses.,Construir caso con benchmark de la industria antes de pitchear
Porsche Group,PORSCHE GROUP,Automotriz,Desarrollo,1PD Integration,1PD Integration (until 15 sources) - Google,Data Collection & Activacion,First Party Data,CSA - Tech,Proyecto,Alto,BLANCO,Nunca ofrecido,Espacio blanco,37.1,B,15,12157.0,0.141,0.0,0.719,0.896,0.5,37.083,1.0,1.0,0.0,0.35304166666666664,100.0,0.0,0,4,0.0,0.0,0.0,0.0,,,,,Servicio con demanda activa en los ultimos meses.,Cross-sell dentro del mismo pilar
Reckitt,RECKITT,CPG Cuidado Personal,Emergente,Licencias SA/DV360,Licencias SA/DV360,Licencias & Plataformas,Licencias Media,CSA - Tech,Licencia,Alto,BLANCO,Nunca ofrecido,Espacio blanco,37.1,B,4,12477.0,0.499,0.016,0.724,0.805,0.1,37.061,1.0,1.0,3.4,1.0,100.0,0.0,0,1,0.0,0.0,0.0,0.0,,,,,Sin anclaje en el portafolio actual de la cuenta; servicio con demanda activa en los ultimos meses.,Construir caso con benchmark de la industria antes de pitchear
SMU,SMU,Retail Supermercados,Emergente,1PD Integration,1PD Integration (until 15 sources) - Google,Data Collection & Activacion,First Party Data,CSA - Tech,Proyecto,Alto,BLANCO,Nunca ofrecido,Espacio blanco,37.1,B,14,12157.0,0.141,0.0,0.719,0.896,0.5,37.083,1.0,1.0,0.0,0.35304166666666664,100.0,0.0,0,1,0.0,0.0,0.0,0.0,,,,,Servicio con demanda activa en los ultimos meses.,Cross-sell dentro del mismo pilar
TUA,TUA,Por clasificar,Emergente,1PD Integration,1PD Integration (until 15 sources) - Google,Data Collection & Activacion,First Party Data,CSA - Tech,Proyecto,Alto,BLANCO,Nunca ofrecido,Espacio blanco,37.1,B,13,12157.0,0.141,0.0,0.719,0.896,0.5,37.083,1.0,1.0,0.0,0.35304166666666664,100.0,0.0,0,1,0.0,0.0,0.0,0.0,,,,,Servicio con demanda activa en los ultimos meses.,Cross-sell dentro del mismo pilar
Telefonica,TELEFONICA,Telco,Estrategica,1PD Integration,1PD Integration (until 15 sources) - Google,Data Collection & Activacion,First Party Data,CSA - Tech,Proyecto,Alto,BLANCO,Nunca ofrecido,Espacio blanco,37.1,B,11,12157.0,0.141,0.0,0.719,0.896,0.5,37.083,1.0,1.0,0.0,0.35304166666666664,100.0,0.0,0,3,0.0,0.0,0.0,0.0,,,,,Servicio con demanda activa en los ultimos meses.,Cross-sell dentro del mismo pilar
Tenpo,TENPO,Fintech & Banca,Emergente,Licencias SA/DV360,Licencias SA/DV360,Licencias & Plataformas,Licencias Media,CSA - Tech,Licencia,Alto,BLANCO,Nunca ofrecido,Espacio blanco,37.1,B,4,12477.0,0.499,0.016,0.724,0.805,0.1,37.061,1.0,1.0,3.4,1.0,100.0,0.0,0,1,0.0,0.0,0.0,0.0,,,,,Sin anclaje en el portafolio actual de la cuenta; servicio con demanda activa en los ultimos meses.,Construir caso con benchmark de la industria antes de pitchear
Tricot,TRICOT,Retail Vestuario,Emergente,Licencias SA/DV360,Licencias SA/DV360,Licencias & Plataformas,Licencias Media,CSA - Tech,Licencia,Alto,BLANCO,Nunca ofrecido,Espacio blanco,37.1,B,4,12477.0,0.499,0.016,0.724,0.805,0.1,37.061,1.0,1.0,3.4,1.0,100.0,0.0,0,1,0.0,0.0,0.0,0.0,,,,,Sin anclaje en el portafolio actual de la cuenta; servicio con demanda activa en los ultimos meses.,Construir caso con benchmark de la industria antes de pitchear
Verisure,VERISURE,Servicios Hogar & Seguridad,Desarrollo,Licencias SA/DV360,Licencias SA/DV360,Licencias & Plataformas,Licencias Media,CSA - Tech,Licencia,Alto,BLANCO,Nunca ofrecido,Espacio blanco,37.1,B,4,12477.0,0.499,0.016,0.724,0.805,0.1,37.061,1.0,1.0,3.4,1.0,100.0,0.0,0,1,0.0,0.0,0.0,0.0,,,,,Sin anclaje en el portafolio actual de la cuenta; servicio con demanda activa en los ultimos meses.,Construir caso con benchmark de la industria antes de pitchear
SMU,SMU,Retail Supermercados,Emergente,Licencias GA4 360,Licencias GA4 360,Licencias & Plataformas,Licencias Analytics,CSA - Tech,Licencia,Alto,BLANCO,Nunca ofrecido,Espacio blanco,36.8,B,15,25314.0,0.0,0.0,0.857,0.951,0.5,36.832,1.0,1.0,0.0,0.0,100.0,0.0,0,1,0.0,0.0,0.0,0.0,,,,,Servicio con demanda activa en los ultimos meses.,Cross-sell dentro del mismo pilar
Gasco,GASCO,Energia & Combustibles,Emergente,Licencias SA/DV360,Licencias SA/DV360,Licencias & Plataformas,Licencias Media,CSA - Tech,Licencia,Alto,BLANCO,Nunca ofrecido,Espacio blanco,36.7,B,4,12477.0,0.499,0.0,0.724,0.805,0.1,36.658,1.0,1.0,3.4,1.0,100.0,0.0,0,4,0.0,0.0,0.0,0.0,,,,,Sin anclaje en el portafolio actual de la cuenta; servicio con demanda activa en los ultimos meses.,Construir caso con benchmark de la industria antes de pitchear
Inchcape Americas,INCHAPE AMERICAS,Automotriz,Desarrollo,Licencias SA/DV360,Licencias SA/DV360,Licencias & Plataformas,Licencias Media,CSA - Tech,Licencia,Alto,BLANCO,Nunca ofrecido,Espacio blanco,36.7,B,5,12477.0,0.499,0.0,0.724,0.805,0.1,36.658,1.0,1.0,3.4,1.0,100.0,0.0,0,4,0.0,0.0,0.0,0.0,,,,,Sin anclaje en el portafolio actual de la cuenta; servicio con demanda activa en los ultimos meses.,Construir caso con benchmark de la industria antes de pitchear
LATAM Airlines,LATAM AERLINES,Travel & Aerolineas,Desarrollo,Licencias SA/DV360,Licencias SA/DV360,Licencias & Plataformas,Licencias Media,CSA - Tech,Licencia,Alto,BLANCO,Nunca ofrecido,Espacio blanco,36.7,B,4,12477.0,0.499,0.0,0.724,0.805,0.1,36.658,1.0,1.0,3.4,1.0,100.0,0.0,0,2,0.0,0.0,0.0,0.0,,,,,Sin anclaje en el portafolio actual de la cuenta; servicio con demanda activa en los ultimos meses.,Construir caso con benchmark de la industria antes de pitchear
Lactalis,LACTALIS,CPG Alimentos,Emergente,Licencias SA/DV360,Licencias SA/DV360,Licencias & Plataformas,Licencias Media,CSA - Tech,Licencia,Alto,BLANCO,Nunca ofrecido,Espacio blanco,36.7,B,4,12477.0,0.499,0.0,0.724,0.805,0.1,36.658,1.0,1.0,3.4,1.0,100.0,0.0,0,2,0.0,0.0,0.0,0.0,,,,,Sin anclaje en el portafolio actual de la cuenta; servicio con demanda activa en los ultimos meses.,Construir caso con benchmark de la industria antes de pitchear
Sky Airline,SKY AIRLINE,Travel & Aerolineas,Emergente,Licencias SA/DV360,Licencias SA/DV360,Licencias & Plataformas,Licencias Media,CSA - Tech,Licencia,Alto,BLANCO,Nunca ofrecido,Espacio blanco,36.7,B,4,12477.0,0.499,0.0,0.724,0.805,0.1,36.658,1.0,1.0,3.4,1.0,100.0,0.0,0,2,0.0,0.0,0.0,0.0,,,,,Sin anclaje en el portafolio actual de la cuenta; servicio con demanda activa en los ultimos meses.,Construir caso con benchmark de la industria antes de pitchear
Watts,WATTS,CPG Alimentos,Desarrollo,Licencias SA/DV360,Licencias SA/DV360,Licencias & Plataformas,Licencias Media,CSA - Tech,Licencia,Alto,BLANCO,Nunca ofrecido,Espacio blanco,36.7,B,5,12477.0,0.499,0.0,0.724,0.805,0.1,36.658,1.0,1.0,3.4,1.0,100.0,0.0,0,2,0.0,0.0,0.0,0.0,,,,,Sin anclaje en el portafolio actual de la cuenta; servicio con demanda activa en los ultimos meses.,Construir caso con benchmark de la industria antes de pitchear
Cruz Verde,CRUZ VERDE,Retail Farmacia,Emergente,SEO,SEO,Analytics & Optimizacion Digital,SEO,CSA - Tech,Proyecto,Alto,BLANCO,Nunca ofrecido,Espacio blanco,36.6,B,5,15497.0,0.365,0.016,0.765,0.972,0.1,36.599,1.0,1.0,3.4,0.667,100.0,0.0,0,1,0.0,0.0,0.0,0.0,,,,,Sin anclaje en el portafolio actual de la cuenta; servicio con demanda activa en los ultimos meses.,Construir caso con benchmark de la industria antes de pitchear
PC Factory,PC FACTORY,Retail Electro,Emergente,SEO,SEO,Analytics & Optimizacion Digital,SEO,CSA - Tech,Proyecto,Alto,BLANCO,Nunca ofrecido,Espacio blanco,36.6,B,5,15497.0,0.365,0.016,0.765,0.972,0.1,36.599,1.0,1.0,3.4,0.667,100.0,0.0,0,1,0.0,0.0,0.0,0.0,,,,,Sin anclaje en el portafolio actual de la cuenta; servicio con demanda activa en los ultimos meses.,Construir caso con benchmark de la industria antes de pitchear
PJ Chile SpA,PJ CHILE SPA,Food & QSR,Emergente,SEO,SEO,Analytics & Optimizacion Digital,SEO,CSA - Tech,Proyecto,Alto,BLANCO,Nunca ofrecido,Espacio blanco,36.6,B,5,15497.0,0.365,0.016,0.765,0.972,0.1,36.599,1.0,1.0,3.4,0.667,100.0,0.0,0,1,0.0,0.0,0.0,0.0,,,,,Sin anclaje en el portafolio actual de la cuenta; servicio con demanda activa en los ultimos meses.,Construir caso con benchmark de la industria antes de pitchear
Tenpo,TENPO,Fintech & Banca,Emergente,SEO,SEO,Analytics & Optimizacion Digital,SEO,CSA - Tech,Proyecto,Alto,BLANCO,Nunca ofrecido,Espacio blanco,36.6,B,5,15497.0,0.365,0.016,0.765,0.972,0.1,36.599,1.0,1.0,3.4,0.667,100.0,0.0,0,1,0.0,0.0,0.0,0.0,,,,,Sin anclaje en el portafolio actual de la cuenta; servicio con demanda activa en los ultimos meses.,Construir caso con benchmark de la industria antes de pitchear
Tricot,TRICOT,Retail Vestuario,Emergente,SEO,SEO,Analytics & Optimizacion Digital,SEO,CSA - Tech,Proyecto,Alto,BLANCO,Nunca ofrecido,Espacio blanco,36.6,B,5,15497.0,0.365,0.016,0.765,0.972,0.1,36.599,1.0,1.0,3.4,0.667,100.0,0.0,0,1,0.0,0.0,0.0,0.0,,,,,Sin anclaje en el portafolio actual de la cuenta; servicio con demanda activa en los ultimos meses.,Construir caso con benchmark de la industria antes de pitchear
Verisure,VERISURE,Servicios Hogar & Seguridad,Desarrollo,SEO,SEO,Analytics & Optimizacion Digital,SEO,CSA - Tech,Proyecto,Alto,BLANCO,Nunca ofrecido,Espacio blanco,36.6,B,5,15497.0,0.365,0.016,0.765,0.972,0.1,36.599,1.0,1.0,3.4,0.667,100.0,0.0,0,1,0.0,0.0,0.0,0.0,,,,,Sin anclaje en el portafolio actual de la cuenta; servicio con demanda activa en los ultimos meses.,Construir caso con benchmark de la industria antes de pitchear
Esmax,ESMAX,Energia & Combustibles,Desarrollo,Online Data Optimization - E-commerce,Online Data Optimization - sites with E-commerce,Analytics & Optimizacion Digital,Online Data Optimization,CSA - Tech,Proyecto,Medio,BLANCO,Nunca ofrecido,Espacio blanco,36.4,B,10,7336.0,0.299,0.047,0.624,0.983,0.25,36.408,1.0,1.0,3.4,0.5,100.0,0.0,0,4,0.0,0.0,0.0,0.0,,,,,Sin anclaje en el portafolio actual de la cuenta; servicio con demanda activa en los ultimos meses.,Construir caso con benchmark de la industria antes de pitchear
Esmax,ESMAX,Energia & Combustibles,Desarrollo,Science Ad Hoc,Science Ad Hoc,Consultoria & Ad Hoc,Servicios Science,CSA - Science,Proyecto,Medio,BLANCO,Nunca ofrecido,Espacio blanco,36.2,B,11,30377.0,0.0,0.0,0.891,0.848,0.5,36.223,1.0,1.0,0.0,0.0,100.0,0.0,0,4,0.0,0.0,0.0,0.0,,,,,Servicio con demanda activa en los ultimos meses.,Cross-sell dentro del mismo pilar
Gasco,GASCO,Energia & Combustibles,Emergente,SEO,SEO,Analytics & Optimizacion Digital,SEO,CSA - Tech,Proyecto,Alto,BLANCO,Nunca ofrecido,Espacio blanco,36.2,B,5,15497.0,0.365,0.0,0.765,0.972,0.1,36.196,1.0,1.0,3.4,0.667,100.0,0.0,0,4,0.0,0.0,0.0,0.0,,,,,Sin anclaje en el portafolio actual de la cuenta; servicio con demanda activa en los ultimos meses.,Construir caso con benchmark de la industria antes de pitchear
Inchcape Americas,INCHAPE AMERICAS,Automotriz,Desarrollo,SEO,SEO,Analytics & Optimizacion Digital,SEO,CSA - Tech,Proyecto,Alto,BLANCO,Nunca ofrecido,Espacio blanco,36.2,B,6,15497.0,0.365,0.0,0.765,0.972,0.1,36.196,1.0,1.0,3.4,0.667,100.0,0.0,0,4,0.0,0.0,0.0,0.0,,,,,Sin anclaje en el portafolio actual de la cuenta; servicio con demanda activa en los ultimos meses.,Construir caso con benchmark de la industria antes de pitchear
LATAM Airlines,LATAM AERLINES,Travel & Aerolineas,Desarrollo,SEO,SEO,Analytics & Optimizacion Digital,SEO,CSA - Tech,Proyecto,Alto,BLANCO,Nunca ofrecido,Espacio blanco,36.2,B,5,15497.0,0.365,0.0,0.765,0.972,0.1,36.196,1.0,1.0,3.4,0.667,100.0,0.0,0,2,0.0,0.0,0.0,0.0,,,,,Sin anclaje en el portafolio actual de la cuenta; servicio con demanda activa en los ultimos meses.,Construir caso con benchmark de la industria antes de pitchear
Lactalis,LACTALIS,CPG Alimentos,Emergente,SEO,SEO,Analytics & Optimizacion Digital,SEO,CSA - Tech,Proyecto,Alto,BLANCO,Nunca ofrecido,Espacio blanco,36.2,B,5,15497.0,0.365,0.0,0.765,0.972,0.1,36.196,1.0,1.0,3.4,0.667,100.0,0.0,0,2,0.0,0.0,0.0,0.0,,,,,Sin anclaje en el portafolio actual de la cuenta; servicio con demanda activa en los ultimos meses.,Construir caso con benchmark de la industria antes de pitchear
Sky Airline,SKY AIRLINE,Travel & Aerolineas,Emergente,SEO,SEO,Analytics & Optimizacion Digital,SEO,CSA - Tech,Proyecto,Alto,BLANCO,Nunca ofrecido,Espacio blanco,36.2,B,5,15497.0,0.365,0.0,0.765,0.972,0.1,36.196,1.0,1.0,3.4,0.667,100.0,0.0,0,2,0.0,0.0,0.0,0.0,,,,,Sin anclaje en el portafolio actual de la cuenta; servicio con demanda activa en los ultimos meses.,Construir caso con benchmark de la industria antes de pitchear
Gasco,GASCO,Energia & Combustibles,Emergente,Online Data Optimization - Basic,Online Data Optimization - Basic,Analytics & Optimizacion Digital,Online Data Optimization,CSA - Tech,Proyecto,Bajo,BLANCO,Nunca ofrecido,Espacio blanco,36.1,B,6,3256.0,0.499,0.112,0.471,0.896,0.1,36.119,1.0,1.0,3.4,1.0,100.0,25.0,1,4,0.0,0.0,0.0,0.0,,,,,1 de 4 cuentas de energia & combustibles ya lo ejecutan; sin anclaje en el portafolio actual de la cuenta; servicio con demanda activa en los ultimos meses.,Usar como abrepuertas de bajo ticket
Claro,CLARO,Telco,Estrategica,BI Services,BI Services,Analytics & Optimizacion Digital,Business Intelligence,CSA - Tech,Proyecto,Bajo,BLANCO,Nunca ofrecido,Espacio blanco,35.8,C,11,266.0,0.299,0.076,0.0,0.968,0.75,35.757,1.0,1.0,3.4,0.5,100.0,0.0,0,3,0.0,0.0,0.0,0.0,,,,,"Adyacente a analytics & optimizacion digital, familia donde la cuenta ya compra; servicio con demanda activa en los ultimos meses.",Upsell directo sobre el servicio ya activo
Telefonica,TELEFONICA,Telco,Estrategica,Performance Powered Conversions (ECL),Performance Powered Conversions (ECL),Data Collection & Activacion,Conversiones Avanzadas,CSA - Tech,Proyecto,Bajo,BLANCO,Nunca ofrecido,Espacio blanco,35.7,C,12,1961.0,0.299,0.093,0.375,0.779,0.5,35.676,1.0,1.0,3.4,0.5,75.0,0.0,0,3,0.0,0.0,0.0,0.0,,,,,Servicio con demanda activa en los ultimos meses.,Cross-sell dentro del mismo pilar
Enex,ENEX,Energia & Combustibles,Desarrollo,MMM Lite,MMM Lite,Measurement & Efectividad,Marketing Mix Modeling,CSA - Science,Proyecto,Alto,BLANCO,Nunca ofrecido,Espacio blanco,35.5,C,14,16312.0,0.165,0.112,0.774,0.802,0.25,35.454,1.0,1.0,3.4,0.167,100.0,25.0,1,4,0.0,0.0,0.0,0.0,,,,,1 de 4 cuentas de energia & combustibles ya lo ejecutan; sin anclaje en el portafolio actual de la cuenta; servicio con demanda activa en los ultimos meses.,Construir caso con benchmark de la industria antes de pitchear
Copec Flux,COPEC FLUX,Energia & Combustibles,Estrategica,Performance Powered Conversions (ECL),Performance Powered Conversions (ECL),Data Collection & Activacion,Conversiones Avanzadas,CSA - Tech,Proyecto,Bajo,BLANCO,Nunca ofrecido,Espacio blanco,35.3,C,14,1961.0,0.299,0.077,0.375,0.779,0.5,35.276,1.0,1.0,3.4,0.5,75.0,0.0,0,4,0.0,0.0,0.0,0.0,,,,,Servicio con demanda activa en los ultimos meses.,Cross-sell dentro del mismo pilar
TUA,TUA,Por clasificar,Emergente,MMM Lite,MMM Lite,Measurement & Efectividad,Marketing Mix Modeling,CSA - Science,Proyecto,Alto,BLANCO,Nunca ofrecido,Espacio blanco,35.2,C,14,16312.0,0.165,0.103,0.774,0.802,0.25,35.204,1.0,1.0,3.4,0.167,100.0,0.0,0,1,0.0,0.0,0.0,0.0,,,,,Sin anclaje en el portafolio actual de la cuenta; servicio con demanda activa en los ultimos meses.,Construir caso con benchmark de la industria antes de pitchear
Decathlon,DECATHLON,Retail Deportes,Emergente,MMM Full,MMM Marketing Mix Modeling (without data collection process),Measurement & Efectividad,Marketing Mix Modeling,CSA - Science,Proyecto,Alto,BLANCO,Nunca ofrecido,Espacio blanco,35.0,C,5,54108.0,0.141,0.0,1.0,0.971,0.1,35.038,1.0,1.0,0.0,0.35304166666666664,100.0,0.0,0,1,0.0,0.0,0.0,0.0,,,,,Sin anclaje en el portafolio actual de la cuenta; servicio con demanda activa en los ultimos meses.,Construir caso con benchmark de la industria antes de pitchear
Escuela de Comercio y Servicio,ESCUELA DE COMERCIO Y SERVICIO,Educacion,Emergente,MMM Full,MMM Marketing Mix Modeling (without data collection process),Measurement & Efectividad,Marketing Mix Modeling,CSA - Science,Proyecto,Alto,BLANCO,Nunca ofrecido,Espacio blanco,35.0,C,5,54108.0,0.141,0.0,1.0,0.971,0.1,35.038,1.0,1.0,0.0,0.35304166666666664,100.0,0.0,0,1,0.0,0.0,0.0,0.0,,,,,Sin anclaje en el portafolio actual de la cuenta; servicio con demanda activa en los ultimos meses.,Construir caso con benchmark de la industria antes de pitchear
Esmax,ESMAX,Energia & Combustibles,Desarrollo,CAPI x Gateway,CAPI x Gateway by CSA - look for special ratecard,Data Collection & Activacion,Server-Side / CAPI,CSA - Tech,Recurrente,Bajo,BLANCO,Nunca ofrecido,Espacio blanco,35.0,C,12,1100.0,0.6,0.0,0.267,0.904,0.25,35.046,1.0,1.0,6.9,1.0,100.0,0.0,0,4,0.0,0.0,0.0,0.0,,,,,Sin anclaje en el portafolio actual de la cuenta; servicio con demanda activa en los ultimos meses.,Usar como abrepuertas de bajo ticket
GAES,GAES,Salud,Emergente,MMM Full,MMM Marketing Mix Modeling (without data collection process),Measurement & Efectividad,Marketing Mix Modeling,CSA - Science,Proyecto,Alto,BLANCO,Nunca ofrecido,Espacio blanco,35.0,C,5,54108.0,0.141,0.0,1.0,0.971,0.1,35.038,1.0,1.0,0.0,0.35304166666666664,100.0,0.0,0,1,0.0,0.0,0.0,0.0,,,,,Sin anclaje en el portafolio actual de la cuenta; servicio con demanda activa en los ultimos meses.,Construir caso con benchmark de la industria antes de pitchear
Gasco,GASCO,Energia & Combustibles,Emergente,MMM Full,MMM Marketing Mix Modeling (without data collection process),Measurement & Efectividad,Marketing Mix Modeling,CSA - Science,Proyecto,Alto,BLANCO,Nunca ofrecido,Espacio blanco,35.0,C,7,54108.0,0.141,0.0,1.0,0.971,0.1,35.038,1.0,1.0,0.0,0.35304166666666664,100.0,0.0,0,4,0.0,0.0,0.0,0.0,,,,,Sin anclaje en el portafolio actual de la cuenta; servicio con demanda activa en los ultimos meses.,Construir caso con benchmark de la industria antes de pitchear
Inchcape Americas,INCHAPE AMERICAS,Automotriz,Desarrollo,MMM Full,MMM Marketing Mix Modeling (without data collection process),Measurement & Efectividad,Marketing Mix Modeling,CSA - Science,Proyecto,Alto,BLANCO,Nunca ofrecido,Espacio blanco,35.0,C,7,54108.0,0.141,0.0,1.0,0.971,0.1,35.038,1.0,1.0,0.0,0.35304166666666664,100.0,0.0,0,4,0.0,0.0,0.0,0.0,,,,,Sin anclaje en el portafolio actual de la cuenta; servicio con demanda activa en los ultimos meses.,Construir caso con benchmark de la industria antes de pitchear
LATAM Airlines,LATAM AERLINES,Travel & Aerolineas,Desarrollo,MMM Full,MMM Marketing Mix Modeling (without data collection process),Measurement & Efectividad,Marketing Mix Modeling,CSA - Science,Proyecto,Alto,BLANCO,Nunca ofrecido,Espacio blanco,35.0,C,6,54108.0,0.141,0.0,1.0,0.971,0.1,35.038,1.0,1.0,0.0,0.35304166666666664,100.0,0.0,0,2,0.0,0.0,0.0,0.0,,,,,Sin anclaje en el portafolio actual de la cuenta; servicio con demanda activa en los ultimos meses.,Construir caso con benchmark de la industria antes de pitchear
Lactalis,LACTALIS,CPG Alimentos,Emergente,MMM Full,MMM Marketing Mix Modeling (without data collection process),Measurement & Efectividad,Marketing Mix Modeling,CSA - Science,Proyecto,Alto,BLANCO,Nunca ofrecido,Espacio blanco,35.0,C,6,54108.0,0.141,0.0,1.0,0.971,0.1,35.038,1.0,1.0,0.0,0.35304166666666664,100.0,0.0,0,2,0.0,0.0,0.0,0.0,,,,,Sin anclaje en el portafolio actual de la cuenta; servicio con demanda activa en los ultimos meses.,Construir caso con benchmark de la industria antes de pitchear
PC Factory,PC FACTORY,Retail Electro,Emergente,MMM Full,MMM Marketing Mix Modeling (without data collection process),Measurement & Efectividad,Marketing Mix Modeling,CSA - Science,Proyecto,Alto,BLANCO,Nunca ofrecido,Espacio blanco,35.0,C,6,54108.0,0.141,0.0,1.0,0.971,0.1,35.038,1.0,1.0,0.0,0.35304166666666664,100.0,0.0,0,1,0.0,0.0,0.0,0.0,,,,,Sin anclaje en el portafolio actual de la cuenta; servicio con demanda activa en los ultimos meses.,Construir caso con benchmark de la industria antes de pitchear
PJ Chile SpA,PJ CHILE SPA,Food & QSR,Emergente,MMM Full,MMM Marketing Mix Modeling (without data collection process),Measurement & Efectividad,Marketing Mix Modeling,CSA - Science,Proyecto,Alto,BLANCO,Nunca ofrecido,Espacio blanco,35.0,C,6,54108.0,0.141,0.0,1.0,0.971,0.1,35.038,1.0,1.0,0.0,0.35304166666666664,100.0,0.0,0,1,0.0,0.0,0.0,0.0,,,,,Sin anclaje en el portafolio actual de la cuenta; servicio con demanda activa en los ultimos meses.,Construir caso con benchmark de la industria antes de pitchear
Polla Chilena,POLLA,Juegos & Entretenimiento,Emergente,MMM Full,MMM Marketing Mix Modeling (without data collection process),Measurement & Efectividad,Marketing Mix Modeling,CSA - Science,Proyecto,Alto,BLANCO,Nunca ofrecido,Espacio blanco,35.0,C,5,54108.0,0.141,0.0,1.0,0.971,0.1,35.038,1.0,1.0,0.0,0.35304166666666664,100.0,0.0,0,1,0.0,0.0,0.0,0.0,,,,,Sin anclaje en el portafolio actual de la cuenta; servicio con demanda activa en los ultimos meses.,Construir caso con benchmark de la industria antes de pitchear
Reckitt,RECKITT,CPG Cuidado Personal,Emergente,MMM Full,MMM Marketing Mix Modeling (without data collection process),Measurement & Efectividad,Marketing Mix Modeling,CSA - Science,Proyecto,Alto,BLANCO,Nunca ofrecido,Espacio blanco,35.0,C,5,54108.0,0.141,0.0,1.0,0.971,0.1,35.038,1.0,1.0,0.0,0.35304166666666664,100.0,0.0,0,1,0.0,0.0,0.0,0.0,,,,,Sin anclaje en el portafolio actual de la cuenta; servicio con demanda activa en los ultimos meses.,Construir caso con benchmark de la industria antes de pitchear
Sky Airline,SKY AIRLINE,Travel & Aerolineas,Emergente,MMM Full,MMM Marketing Mix Modeling (without data collection process),Measurement & Efectividad,Marketing Mix Modeling,CSA - Science,Proyecto,Alto,BLANCO,Nunca ofrecido,Espacio blanco,35.0,C,6,54108.0,0.141,0.0,1.0,0.971,0.1,35.038,1.0,1.0,0.0,0.35304166666666664,100.0,0.0,0,2,0.0,0.0,0.0,0.0,,,,,Sin anclaje en el portafolio actual de la cuenta; servicio con demanda activa en los ultimos meses.,Construir caso con benchmark de la industria antes de pitchear
Telefonica,TELEFONICA,Telco,Estrategica,MMM Lite,MMM Lite,Measurement & Efectividad,Marketing Mix Modeling,CSA - Science,Proyecto,Alto,BLANCO,Nunca ofrecido,Espacio blanco,35.0,C,13,16312.0,0.165,0.096,0.774,0.802,0.25,35.012,1.0,1.0,3.4,0.167,100.0,0.0,0,3,0.0,0.0,0.0,0.0,,,,,Sin anclaje en el portafolio actual de la cuenta; servicio con demanda activa en los ultimos meses.,Construir caso con benchmark de la industria antes de pitchear
Tenpo,TENPO,Fintech & Banca,Emergente,MMM Full,MMM Marketing Mix Modeling (without data collection process),Measurement & Efectividad,Marketing Mix Modeling,CSA - Science,Proyecto,Alto,BLANCO,Nunca ofrecido,Espacio blanco,35.0,C,6,54108.0,0.141,0.0,1.0,0.971,0.1,35.038,1.0,1.0,0.0,0.35304166666666664,100.0,0.0,0,1,0.0,0.0,0.0,0.0,,,,,Sin anclaje en el portafolio actual de la cuenta; servicio con demanda activa en los ultimos meses.,Construir caso con benchmark de la industria antes de pitchear
Tricot,TRICOT,Retail Vestuario,Emergente,MMM Full,MMM Marketing Mix Modeling (without data collection process),Measurement & Efectividad,Marketing Mix Modeling,CSA - Science,Proyecto,Alto,BLANCO,Nunca ofrecido,Espacio blanco,35.0,C,6,54108.0,0.141,0.0,1.0,0.971,0.1,35.038,1.0,1.0,0.0,0.35304166666666664,100.0,0.0,0,1,0.0,0.0,0.0,0.0,,,,,Sin anclaje en el portafolio actual de la cuenta; servicio con demanda activa en los ultimos meses.,Construir caso con benchmark de la industria antes de pitchear
Verisure,VERISURE,Servicios Hogar & Seguridad,Desarrollo,MMM Full,MMM Marketing Mix Modeling (without data collection process),Measurement & Efectividad,Marketing Mix Modeling,CSA - Science,Proyecto,Alto,BLANCO,Nunca ofrecido,Espacio blanco,35.0,C,6,54108.0,0.141,0.0,1.0,0.971,0.1,35.038,1.0,1.0,0.0,0.35304166666666664,100.0,0.0,0,1,0.0,0.0,0.0,0.0,,,,,Sin anclaje en el portafolio actual de la cuenta; servicio con demanda activa en los ultimos meses.,Construir caso con benchmark de la industria antes de pitchear
WOM,WOM,Telco,Desarrollo,Tech Services Ad Hoc,Tech Services Ad Hoc,Consultoria & Ad Hoc,Servicios Tech,CSA - Tech,Proyecto,Bajo,BLANCO,Nunca ofrecido,Espacio blanco,35.0,C,6,3814.0,0.289,0.236,0.501,0.906,0.1,34.956,1.0,1.0,6.9,0.222,81.8,33.3,1,3,0.0,0.0,0.0,0.0,,,,,1 de 3 cuentas de telco ya lo ejecutan; sin anclaje en el portafolio actual de la cuenta; servicio con demanda activa en los ultimos meses.,Usar como abrepuertas de bajo ticket
WOM,WOM,Telco,Desarrollo,MMM Full,MMM Marketing Mix Modeling (without data collection process),Measurement & Efectividad,Marketing Mix Modeling,CSA - Science,Proyecto,Alto,BLANCO,Nunca ofrecido,Espacio blanco,35.0,C,7,54108.0,0.141,0.0,1.0,0.971,0.1,35.038,1.0,1.0,0.0,0.35304166666666664,100.0,0.0,0,3,0.0,0.0,0.0,0.0,,,,,Sin anclaje en el portafolio actual de la cuenta; servicio con demanda activa en los ultimos meses.,Construir caso con benchmark de la industria antes de pitchear
Watts,WATTS,CPG Alimentos,Desarrollo,MMM Full,MMM Marketing Mix Modeling (without data collection process),Measurement & Efectividad,Marketing Mix Modeling,CSA - Science,Proyecto,Alto,BLANCO,Nunca ofrecido,Espacio blanco,35.0,C,6,54108.0,0.141,0.0,1.0,0.971,0.1,35.038,1.0,1.0,0.0,0.35304166666666664,100.0,0.0,0,2,0.0,0.0,0.0,0.0,,,,,Sin anclaje en el portafolio actual de la cuenta; servicio con demanda activa en los ultimos meses.,Construir caso con benchmark de la industria antes de pitchear
Gasco,GASCO,Energia & Combustibles,Emergente,MMM Lite,MMM Lite,Measurement & Efectividad,Marketing Mix Modeling,CSA - Science,Proyecto,Alto,BLANCO,Nunca ofrecido,Espacio blanco,34.9,C,8,16312.0,0.165,0.208,0.774,0.802,0.1,34.937,1.0,1.0,3.4,0.167,100.0,25.0,1,4,0.0,0.0,0.0,0.0,,,,,1 de 4 cuentas de energia & combustibles ya lo ejecutan; sin anclaje en el portafolio actual de la cuenta; servicio con demanda activa en los ultimos meses.,Construir caso con benchmark de la industria antes de pitchear
Telefonica,TELEFONICA,Telco,Estrategica,BI Services,BI Services,Analytics & Optimizacion Digital,Business Intelligence,CSA - Tech,Proyecto,Bajo,BLANCO,Nunca ofrecido,Espacio blanco,34.9,C,14,266.0,0.299,0.041,0.0,0.968,0.75,34.86,1.0,1.0,3.4,0.5,100.0,0.0,0,3,0.0,0.0,0.0,0.0,,,,,"Adyacente a analytics & optimizacion digital, familia donde la cuenta ya compra; servicio con demanda activa en los ultimos meses.",Upsell directo sobre el servicio ya activo
Gildemeister,GILDEMEISTER,Automotriz,Estrategica,C-GenIA Basic Mensual,C-GenIA - Basic (200 images) per month,Creative Intelligence & GenAI,Creative GenAI,CSA - Tech,Recurrente,Medio,BLANCO,Nunca ofrecido,Espacio blanco,34.8,C,13,9661.0,0.0,0.078,0.676,0.881,0.5,34.772,1.0,1.0,0.0,0.0,100.0,0.0,0,4,0.0,0.0,0.0,0.0,,,,,Servicio con demanda activa en los ultimos meses.,Cross-sell dentro del mismo pilar
Indumotora,INDUMOTORA,Automotriz,Estrategica,MMM Lite,MMM Lite,Measurement & Efectividad,Marketing Mix Modeling,CSA - Science,Proyecto,Alto,BLANCO,Nunca ofrecido,Espacio blanco,34.8,C,11,16312.0,0.165,0.087,0.774,0.802,0.25,34.799,1.0,1.0,3.4,0.167,100.0,0.0,0,4,0.0,0.0,0.0,0.0,,,,,Sin anclaje en el portafolio actual de la cuenta; servicio con demanda activa en los ultimos meses.,Construir caso con benchmark de la industria antes de pitchear
Enex,ENEX,Energia & Combustibles,Desarrollo,Performance Powered Conversions (ECL),Performance Powered Conversions (ECL),Data Collection & Activacion,Conversiones Avanzadas,CSA - Tech,Proyecto,Bajo,BLANCO,Nunca ofrecido,Espacio blanco,34.4,C,15,1961.0,0.299,0.042,0.375,0.779,0.5,34.361,1.0,1.0,3.4,0.5,75.0,0.0,0,4,0.0,0.0,0.0,0.0,,,,,Servicio con demanda activa en los ultimos meses.,Cross-sell dentro del mismo pilar
Claro,CLARO,Telco,Estrategica,VIGenAIr,VIGenAIr,Creative Intelligence & GenAI,Video GenAI,CSA - Tech,Proyecto,Medio,BLANCO,Nunca ofrecido,Espacio blanco,34.3,C,12,4945.0,0.141,0.0,0.55,0.921,0.5,34.33,1.0,1.0,0.0,0.35304166666666664,100.0,0.0,0,3,0.0,0.0,0.0,0.0,,,,,Servicio con demanda activa en los ultimos meses.,Cross-sell dentro del mismo pilar
Copec Flux,COPEC FLUX,Energia & Combustibles,Estrategica,VIGenAIr,VIGenAIr,Creative Intelligence & GenAI,Video GenAI,CSA - Tech,Proyecto,Medio,BLANCO,Nunca ofrecido,Espacio blanco,34.3,C,15,4945.0,0.141,0.0,0.55,0.921,0.5,34.33,1.0,1.0,0.0,0.35304166666666664,100.0,0.0,0,4,0.0,0.0,0.0,0.0,,,,,Servicio con demanda activa en los ultimos meses.,Cross-sell dentro del mismo pilar
Enex,ENEX,Energia & Combustibles,Desarrollo,VIGenAIr,VIGenAIr,Creative Intelligence & GenAI,Video GenAI,CSA - Tech,Proyecto,Medio,BLANCO,Nunca ofrecido,Espacio blanco,34.3,C,16,4945.0,0.141,0.0,0.55,0.921,0.5,34.33,1.0,1.0,0.0,0.35304166666666664,100.0,0.0,0,4,0.0,0.0,0.0,0.0,,,,,Servicio con demanda activa en los ultimos meses.,Cross-sell dentro del mismo pilar
Gildemeister,GILDEMEISTER,Automotriz,Estrategica,VIGenAIr,VIGenAIr,Creative Intelligence & GenAI,Video GenAI,CSA - Tech,Proyecto,Medio,BLANCO,Nunca ofrecido,Espacio blanco,34.3,C,14,4945.0,0.141,0.0,0.55,0.921,0.5,34.33,1.0,1.0,0.0,0.35304166666666664,100.0,0.0,0,4,0.0,0.0,0.0,0.0,,,,,Servicio con demanda activa en los ultimos meses.,Cross-sell dentro del mismo pilar
Indumotora,INDUMOTORA,Automotriz,Estrategica,C-GenIA Basic Mensual,C-GenIA - Basic (200 images) per month,Creative Intelligence & GenAI,Creative GenAI,CSA - Tech,Recurrente,Medio,BLANCO,Nunca ofrecido,Espacio blanco,34.3,C,12,9661.0,0.0,0.059,0.676,0.881,0.5,34.262,1.0,1.0,0.0,0.0,100.0,0.0,0,4,0.0,0.0,0.0,0.0,,,,,Servicio con demanda activa en los ultimos meses.,Cross-sell dentro del mismo pilar
Indumotora,INDUMOTORA,Automotriz,Estrategica,VIGenAIr,VIGenAIr,Creative Intelligence & GenAI,Video GenAI,CSA - Tech,Proyecto,Medio,BLANCO,Nunca ofrecido,Espacio blanco,34.3,C,13,4945.0,0.141,0.0,0.55,0.921,0.5,34.33,1.0,1.0,0.0,0.35304166666666664,100.0,0.0,0,4,0.0,0.0,0.0,0.0,,,,,Servicio con demanda activa en los ultimos meses.,Cross-sell dentro del mismo pilar
Parque Arauco,PARQUE ARAUCO,Real Estate & Malls,Estrategica,VIGenAIr,VIGenAIr,Creative Intelligence & GenAI,Video GenAI,CSA - Tech,Proyecto,Medio,BLANCO,Nunca ofrecido,Espacio blanco,34.3,C,12,4945.0,0.141,0.0,0.55,0.921,0.5,34.33,1.0,1.0,0.0,0.35304166666666664,100.0,0.0,0,1,0.0,0.0,0.0,0.0,,,,,Servicio con demanda activa en los ultimos meses.,Cross-sell dentro del mismo pilar
Porsche Group,PORSCHE GROUP,Automotriz,Desarrollo,VIGenAIr,VIGenAIr,Creative Intelligence & GenAI,Video GenAI,CSA - Tech,Proyecto,Medio,BLANCO,Nunca ofrecido,Espacio blanco,34.3,C,16,4945.0,0.141,0.0,0.55,0.921,0.5,34.33,1.0,1.0,0.0,0.35304166666666664,100.0,0.0,0,4,0.0,0.0,0.0,0.0,,,,,Servicio con demanda activa en los ultimos meses.,Cross-sell dentro del mismo pilar
TUA,TUA,Por clasificar,Emergente,C-GenIA Basic Mensual,C-GenIA - Basic (200 images) per month,Creative Intelligence & GenAI,Creative GenAI,CSA - Tech,Recurrente,Medio,BLANCO,Nunca ofrecido,Espacio blanco,34.3,C,15,9661.0,0.0,0.059,0.676,0.881,0.5,34.262,1.0,1.0,0.0,0.0,100.0,0.0,0,1,0.0,0.0,0.0,0.0,,,,,Servicio con demanda activa en los ultimos meses.,Cross-sell dentro del mismo pilar
TUA,TUA,Por clasificar,Emergente,VIGenAIr,VIGenAIr,Creative Intelligence & GenAI,Video GenAI,CSA - Tech,Proyecto,Medio,BLANCO,Nunca ofrecido,Espacio blanco,34.3,C,16,4945.0,0.141,0.0,0.55,0.921,0.5,34.33,1.0,1.0,0.0,0.35304166666666664,100.0,0.0,0,1,0.0,0.0,0.0,0.0,,,,,Servicio con demanda activa en los ultimos meses.,Cross-sell dentro del mismo pilar
Telefonica,TELEFONICA,Telco,Estrategica,C-GenIA Basic Mensual,C-GenIA - Basic (200 images) per month,Creative Intelligence & GenAI,Creative GenAI,CSA - Tech,Recurrente,Medio,BLANCO,Nunca ofrecido,Espacio blanco,34.3,C,15,9661.0,0.0,0.059,0.676,0.881,0.5,34.262,1.0,1.0,0.0,0.0,100.0,0.0,0,3,0.0,0.0,0.0,0.0,,,,,Servicio con demanda activa en los ultimos meses.,Cross-sell dentro del mismo pilar
Telefonica,TELEFONICA,Telco,Estrategica,VIGenAIr,VIGenAIr,Creative Intelligence & GenAI,Video GenAI,CSA - Tech,Proyecto,Medio,BLANCO,Nunca ofrecido,Espacio blanco,34.3,C,16,4945.0,0.141,0.0,0.55,0.921,0.5,34.33,1.0,1.0,0.0,0.35304166666666664,100.0,0.0,0,3,0.0,0.0,0.0,0.0,,,,,Servicio con demanda activa en los ultimos meses.,Cross-sell dentro del mismo pilar
Claro,CLARO,Telco,Estrategica,C-GenIA Basic Mensual,C-GenIA - Basic (200 images) per month,Creative Intelligence & GenAI,Creative GenAI,CSA - Tech,Recurrente,Medio,BLANCO,Nunca ofrecido,Espacio blanco,34.0,C,13,9661.0,0.0,0.047,0.676,0.881,0.5,33.96,1.0,1.0,0.0,0.0,100.0,0.0,0,3,0.0,0.0,0.0,0.0,,,,,Servicio con demanda activa en los ultimos meses.,Cross-sell dentro del mismo pilar
Enex,ENEX,Energia & Combustibles,Desarrollo,C-GenIA Basic Mensual,C-GenIA - Basic (200 images) per month,Creative Intelligence & GenAI,Creative GenAI,CSA - Tech,Recurrente,Medio,BLANCO,Nunca ofrecido,Espacio blanco,34.0,C,17,9661.0,0.0,0.047,0.676,0.881,0.5,33.96,1.0,1.0,0.0,0.0,100.0,0.0,0,4,0.0,0.0,0.0,0.0,,,,,Servicio con demanda activa en los ultimos meses.,Cross-sell dentro del mismo pilar
Claro,CLARO,Telco,Estrategica,CAPI Offline CRM,CAPI Automated Offline Integration with CRM,Data Collection & Activacion,Server-Side / CAPI,CSA - Tech,Proyecto,Medio,BLANCO,Nunca ofrecido,Espacio blanco,33.9,C,14,4068.0,0.141,0.0,0.513,0.937,0.5,33.866,1.0,1.0,0.0,0.35304166666666664,100.0,0.0,0,3,0.0,0.0,0.0,0.0,,,,,Servicio con demanda activa en los ultimos meses.,Cross-sell dentro del mismo pilar
Copec Flux,COPEC FLUX,Energia & Combustibles,Estrategica,CAPI Offline CRM,CAPI Automated Offline Integration with CRM,Data Collection & Activacion,Server-Side / CAPI,CSA - Tech,Proyecto,Medio,BLANCO,Nunca ofrecido,Espacio blanco,33.9,C,16,4068.0,0.141,0.0,0.513,0.937,0.5,33.866,1.0,1.0,0.0,0.35304166666666664,100.0,0.0,0,4,0.0,0.0,0.0,0.0,,,,,Servicio con demanda activa en los ultimos meses.,Cross-sell dentro del mismo pilar
Enex,ENEX,Energia & Combustibles,Desarrollo,CAPI Offline CRM,CAPI Automated Offline Integration with CRM,Data Collection & Activacion,Server-Side / CAPI,CSA - Tech,Proyecto,Medio,BLANCO,Nunca ofrecido,Espacio blanco,33.9,C,18,4068.0,0.141,0.0,0.513,0.937,0.5,33.866,1.0,1.0,0.0,0.35304166666666664,100.0,0.0,0,4,0.0,0.0,0.0,0.0,,,,,Servicio con demanda activa en los ultimos meses.,Cross-sell dentro del mismo pilar
Esmax,ESMAX,Energia & Combustibles,Desarrollo,C-GenIA Basic Anual,C-GenIA - Basic (200 images) Annual Subscription,Creative Intelligence & GenAI,Creative GenAI,CSA - Tech,Licencia,Medio,BLANCO,Nunca ofrecido,Espacio blanco,33.9,C,13,7919.0,0.299,0.0,0.638,0.858,0.25,33.948,1.0,1.0,3.4,0.5,100.0,0.0,0,4,0.0,0.0,0.0,0.0,,,,,Sin anclaje en el portafolio actual de la cuenta; servicio con demanda activa en los ultimos meses.,Construir caso con benchmark de la industria antes de pitchear
Parque Arauco,PARQUE ARAUCO,Real Estate & Malls,Estrategica,CAPI Offline CRM,CAPI Automated Offline Integration with CRM,Data Collection & Activacion,Server-Side / CAPI,CSA - Tech,Proyecto,Medio,BLANCO,Nunca ofrecido,Espacio blanco,33.9,C,13,4068.0,0.141,0.0,0.513,0.937,0.5,33.866,1.0,1.0,0.0,0.35304166666666664,100.0,0.0,0,1,0.0,0.0,0.0,0.0,,,,,Servicio con demanda activa en los ultimos meses.,Cross-sell dentro del mismo pilar
Porsche Group,PORSCHE GROUP,Automotriz,Desarrollo,CAPI Offline CRM,CAPI Automated Offline Integration with CRM,Data Collection & Activacion,Server-Side / CAPI,CSA - Tech,Proyecto,Medio,BLANCO,Nunca ofrecido,Espacio blanco,33.9,C,17,4068.0,0.141,0.0,0.513,0.937,0.5,33.866,1.0,1.0,0.0,0.35304166666666664,100.0,0.0,0,4,0.0,0.0,0.0,0.0,,,,,Servicio con demanda activa en los ultimos meses.,Cross-sell dentro del mismo pilar
SMU,SMU,Retail Supermercados,Emergente,CAPI Offline CRM,CAPI Automated Offline Integration with CRM,Data Collection & Activacion,Server-Side / CAPI,CSA - Tech,Proyecto,Medio,BLANCO,Nunca ofrecido,Espacio blanco,33.9,C,16,4068.0,0.141,0.0,0.513,0.937,0.5,33.866,1.0,1.0,0.0,0.35304166666666664,100.0,0.0,0,1,0.0,0.0,0.0,0.0,,,,,Servicio con demanda activa en los ultimos meses.,Cross-sell dentro del mismo pilar
TUA,TUA,Por clasificar,Emergente,CAPI Offline CRM,CAPI Automated Offline Integration with CRM,Data Collection & Activacion,Server-Side / CAPI,CSA - Tech,Proyecto,Medio,BLANCO,Nunca ofrecido,Espacio blanco,33.9,C,17,4068.0,0.141,0.0,0.513,0.937,0.5,33.866,1.0,1.0,0.0,0.35304166666666664,100.0,0.0,0,1,0.0,0.0,0.0,0.0,,,,,Servicio con demanda activa en los ultimos meses.,Cross-sell dentro del mismo pilar
Telefonica,TELEFONICA,Telco,Estrategica,CAPI Offline CRM,CAPI Automated Offline Integration with CRM,Data Collection & Activacion,Server-Side / CAPI,CSA - Tech,Proyecto,Medio,BLANCO,Nunca ofrecido,Espacio blanco,33.9,C,17,4068.0,0.141,0.0,0.513,0.937,0.5,33.866,1.0,1.0,0.0,0.35304166666666664,100.0,0.0,0,3,0.0,0.0,0.0,0.0,,,,,Servicio con demanda activa en los ultimos meses.,Cross-sell dentro del mismo pilar
PC Factory,PC FACTORY,Retail Electro,Emergente,Online Data Optimization - E-commerce,Online Data Optimization - sites with E-commerce,Analytics & Optimizacion Digital,Online Data Optimization,CSA - Tech,Proyecto,Medio,BLANCO,Nunca ofrecido,Espacio blanco,33.8,C,7,7336.0,0.299,0.063,0.624,0.983,0.1,33.811,1.0,1.0,3.4,0.5,100.0,0.0,0,1,0.0,0.0,0.0,0.0,,,,,Sin anclaje en el portafolio actual de la cuenta; servicio con demanda activa en los ultimos meses.,Construir caso con benchmark de la industria antes de pitchear
PJ Chile SpA,PJ CHILE SPA,Food & QSR,Emergente,Online Data Optimization - E-commerce,Online Data Optimization - sites with E-commerce,Analytics & Optimizacion Digital,Online Data Optimization,CSA - Tech,Proyecto,Medio,BLANCO,Nunca ofrecido,Espacio blanco,33.8,C,7,7336.0,0.299,0.063,0.624,0.983,0.1,33.811,1.0,1.0,3.4,0.5,100.0,0.0,0,1,0.0,0.0,0.0,0.0,,,,,Sin anclaje en el portafolio actual de la cuenta; servicio con demanda activa en los ultimos meses.,Construir caso con benchmark de la industria antes de pitchear
Tricot,TRICOT,Retail Vestuario,Emergente,Online Data Optimization - E-commerce,Online Data Optimization - sites with E-commerce,Analytics & Optimizacion Digital,Online Data Optimization,CSA - Tech,Proyecto,Medio,BLANCO,Nunca ofrecido,Espacio blanco,33.8,C,7,7336.0,0.299,0.063,0.624,0.983,0.1,33.811,1.0,1.0,3.4,0.5,100.0,0.0,0,1,0.0,0.0,0.0,0.0,,,,,Sin anclaje en el portafolio actual de la cuenta; servicio con demanda activa en los ultimos meses.,Construir caso con benchmark de la industria antes de pitchear
Decathlon,DECATHLON,Retail Deportes,Emergente,Online Data Optimization - E-commerce,Online Data Optimization - sites with E-commerce,Analytics & Optimizacion Digital,Online Data Optimization,CSA - Tech,Proyecto,Medio,BLANCO,Nunca ofrecido,Espacio blanco,33.7,C,6,7336.0,0.299,0.058,0.624,0.983,0.1,33.697,1.0,1.0,3.4,0.5,100.0,0.0,0,1,0.0,0.0,0.0,0.0,,,,,Sin anclaje en el portafolio actual de la cuenta; servicio con demanda activa en los ultimos meses.,Construir caso con benchmark de la industria antes de pitchear
Escuela de Comercio y Servicio,ESCUELA DE COMERCIO Y SERVICIO,Educacion,Emergente,Online Data Optimization - E-commerce,Online Data Optimization - sites with E-commerce,Analytics & Optimizacion Digital,Online Data Optimization,CSA - Tech,Proyecto,Medio,BLANCO,Nunca ofrecido,Espacio blanco,33.7,C,6,7336.0,0.299,0.058,0.624,0.983,0.1,33.697,1.0,1.0,3.4,0.5,100.0,0.0,0,1,0.0,0.0,0.0,0.0,,,,,Sin anclaje en el portafolio actual de la cuenta; servicio con demanda activa en los ultimos meses.,Construir caso con benchmark de la industria antes de pitchear
Parque Arauco,PARQUE ARAUCO,Real Estate & Malls,Estrategica,Performance Powered Conversions (ECL),Performance Powered Conversions (ECL),Data Collection & Activacion,Conversiones Avanzadas,CSA - Tech,Proyecto,Bajo,BLANCO,Nunca ofrecido,Espacio blanco,33.7,C,14,1961.0,0.299,0.016,0.375,0.779,0.5,33.672,1.0,1.0,3.4,0.5,75.0,0.0,0,1,0.0,0.0,0.0,0.0,,,,,Servicio con demanda activa en los ultimos meses.,Cross-sell dentro del mismo pilar
SMU,SMU,Retail Supermercados,Emergente,Performance Powered Conversions (ECL),Performance Powered Conversions (ECL),Data Collection & Activacion,Conversiones Avanzadas,CSA - Tech,Proyecto,Bajo,BLANCO,Nunca ofrecido,Espacio blanco,33.7,C,17,1961.0,0.299,0.016,0.375,0.779,0.5,33.672,1.0,1.0,3.4,0.5,75.0,0.0,0,1,0.0,0.0,0.0,0.0,,,,,Servicio con demanda activa en los ultimos meses.,Cross-sell dentro del mismo pilar
TUA,TUA,Por clasificar,Emergente,Performance Powered Conversions (ECL),Performance Powered Conversions (ECL),Data Collection & Activacion,Conversiones Avanzadas,CSA - Tech,Proyecto,Bajo,BLANCO,Nunca ofrecido,Espacio blanco,33.7,C,18,1961.0,0.299,0.016,0.375,0.779,0.5,33.672,1.0,1.0,3.4,0.5,75.0,0.0,0,1,0.0,0.0,0.0,0.0,,,,,Servicio con demanda activa en los ultimos meses.,Cross-sell dentro del mismo pilar
Cruz Verde,CRUZ VERDE,Retail Farmacia,Emergente,Online Data Optimization - Basic,Online Data Optimization - Basic,Analytics & Optimizacion Digital,Online Data Optimization,CSA - Tech,Proyecto,Bajo,BLANCO,Nunca ofrecido,Espacio blanco,33.6,C,6,3256.0,0.499,0.016,0.471,0.896,0.1,33.597,1.0,1.0,3.4,1.0,100.0,0.0,0,1,0.0,0.0,0.0,0.0,,,,,Sin anclaje en el portafolio actual de la cuenta; servicio con demanda activa en los ultimos meses.,Usar como abrepuertas de bajo ticket
Decathlon,DECATHLON,Retail Deportes,Emergente,Online Data Optimization - Basic,Online Data Optimization - Basic,Analytics & Optimizacion Digital,Online Data Optimization,CSA - Tech,Proyecto,Bajo,BLANCO,Nunca ofrecido,Espacio blanco,33.6,C,7,3256.0,0.499,0.016,0.471,0.896,0.1,33.597,1.0,1.0,3.4,1.0,100.0,0.0,0,1,0.0,0.0,0.0,0.0,,,,,Sin anclaje en el portafolio actual de la cuenta; servicio con demanda activa en los ultimos meses.,Usar como abrepuertas de bajo ticket
Escuela de Comercio y Servicio,ESCUELA DE COMERCIO Y SERVICIO,Educacion,Emergente,Online Data Optimization - Basic,Online Data Optimization - Basic,Analytics & Optimizacion Digital,Online Data Optimization,CSA - Tech,Proyecto,Bajo,BLANCO,Nunca ofrecido,Espacio blanco,33.6,C,7,3256.0,0.499,0.016,0.471,0.896,0.1,33.597,1.0,1.0,3.4,1.0,100.0,0.0,0,1,0.0,0.0,0.0,0.0,,,,,Sin anclaje en el portafolio actual de la cuenta; servicio con demanda activa en los ultimos meses.,Usar como abrepuertas de bajo ticket
GAES,GAES,Salud,Emergente,Online Data Optimization - Basic,Online Data Optimization - Basic,Analytics & Optimizacion Digital,Online Data Optimization,CSA - Tech,Proyecto,Bajo,BLANCO,Nunca ofrecido,Espacio blanco,33.6,C,6,3256.0,0.499,0.016,0.471,0.896,0.1,33.597,1.0,1.0,3.4,1.0,100.0,0.0,0,1,0.0,0.0,0.0,0.0,,,,,Sin anclaje en el portafolio actual de la cuenta; servicio con demanda activa en los ultimos meses.,Usar como abrepuertas de bajo ticket
PC Factory,PC FACTORY,Retail Electro,Emergente,Online Data Optimization - Basic,Online Data Optimization - Basic,Analytics & Optimizacion Digital,Online Data Optimization,CSA - Tech,Proyecto,Bajo,BLANCO,Nunca ofrecido,Espacio blanco,33.6,C,8,3256.0,0.499,0.016,0.471,0.896,0.1,33.597,1.0,1.0,3.4,1.0,100.0,0.0,0,1,0.0,0.0,0.0,0.0,,,,,Sin anclaje en el portafolio actual de la cuenta; servicio con demanda activa en los ultimos meses.,Usar como abrepuertas de bajo ticket
PJ Chile SpA,PJ CHILE SPA,Food & QSR,Emergente,Online Data Optimization - Basic,Online Data Optimization - Basic,Analytics & Optimizacion Digital,Online Data Optimization,CSA - Tech,Proyecto,Bajo,BLANCO,Nunca ofrecido,Espacio blanco,33.6,C,8,3256.0,0.499,0.016,0.471,0.896,0.1,33.597,1.0,1.0,3.4,1.0,100.0,0.0,0,1,0.0,0.0,0.0,0.0,,,,,Sin anclaje en el portafolio actual de la cuenta; servicio con demanda activa en los ultimos meses.,Usar como abrepuertas de bajo ticket
Polla Chilena,POLLA,Juegos & Entretenimiento,Emergente,Online Data Optimization - Basic,Online Data Optimization - Basic,Analytics & Optimizacion Digital,Online Data Optimization,CSA - Tech,Proyecto,Bajo,BLANCO,Nunca ofrecido,Espacio blanco,33.6,C,6,3256.0,0.499,0.016,0.471,0.896,0.1,33.597,1.0,1.0,3.4,1.0,100.0,0.0,0,1,0.0,0.0,0.0,0.0,,,,,Sin anclaje en el portafolio actual de la cuenta; servicio con demanda activa en los ultimos meses.,Usar como abrepuertas de bajo ticket
Reckitt,RECKITT,CPG Cuidado Personal,Emergente,Online Data Optimization - Basic,Online Data Optimization - Basic,Analytics & Optimizacion Digital,Online Data Optimization,CSA - Tech,Proyecto,Bajo,BLANCO,Nunca ofrecido,Espacio blanco,33.6,C,6,3256.0,0.499,0.016,0.471,0.896,0.1,33.597,1.0,1.0,3.4,1.0,100.0,0.0,0,1,0.0,0.0,0.0,0.0,,,,,Sin anclaje en el portafolio actual de la cuenta; servicio con demanda activa en los ultimos meses.,Usar como abrepuertas de bajo ticket
SMU,SMU,Retail Supermercados,Emergente,ABCD Detector,ABCD Detector - Basic (20 Videos) per month,Creative Intelligence & GenAI,Creative Analytics,CSA - Tech,Recurrente,Bajo,BLANCO,Nunca ofrecido,Espacio blanco,33.6,C,18,3488.0,0.0,0.0,0.484,0.826,0.75,33.615,1.0,1.0,0.0,0.0,75.0,0.0,0,1,0.0,0.0,0.0,0.0,,,,,"Adyacente a creative intelligence & genai, familia donde la cuenta ya compra; servicio con demanda activa en los ultimos meses.",Upsell directo sobre el servicio ya activo
Tenpo,TENPO,Fintech & Banca,Emergente,Online Data Optimization - Basic,Online Data Optimization - Basic,Analytics & Optimizacion Digital,Online Data Optimization,CSA - Tech,Proyecto,Bajo,BLANCO,Nunca ofrecido,Espacio blanco,33.6,C,7,3256.0,0.499,0.016,0.471,0.896,0.1,33.597,1.0,1.0,3.4,1.0,100.0,0.0,0,1,0.0,0.0,0.0,0.0,,,,,Sin anclaje en el portafolio actual de la cuenta; servicio con demanda activa en los ultimos meses.,Usar como abrepuertas de bajo ticket
Tricot,TRICOT,Retail Vestuario,Emergente,Online Data Optimization - Basic,Online Data Optimization - Basic,Analytics & Optimizacion Digital,Online Data Optimization,CSA - Tech,Proyecto,Bajo,BLANCO,Nunca ofrecido,Espacio blanco,33.6,C,8,3256.0,0.499,0.016,0.471,0.896,0.1,33.597,1.0,1.0,3.4,1.0,100.0,0.0,0,1,0.0,0.0,0.0,0.0,,,,,Sin anclaje en el portafolio actual de la cuenta; servicio con demanda activa en los ultimos meses.,Usar como abrepuertas de bajo ticket
Verisure,VERISURE,Servicios Hogar & Seguridad,Desarrollo,Online Data Optimization - Basic,Online Data Optimization - Basic,Analytics & Optimizacion Digital,Online Data Optimization,CSA - Tech,Proyecto,Bajo,BLANCO,Nunca ofrecido,Espacio blanco,33.6,C,7,3256.0,0.499,0.016,0.471,0.896,0.1,33.597,1.0,1.0,3.4,1.0,100.0,0.0,0,1,0.0,0.0,0.0,0.0,,,,,Sin anclaje en el portafolio actual de la cuenta; servicio con demanda activa en los ultimos meses.,Usar como abrepuertas de bajo ticket
Enex,ENEX,Energia & Combustibles,Desarrollo,Online Data Optimization - No E-commerce,Online Data Optimization - sites without E-commerce,Analytics & Optimizacion Digital,Online Data Optimization,CSA - Tech,Proyecto,Bajo,BLANCO,Nunca ofrecido,Espacio blanco,33.2,C,19,3709.0,0.141,0.0,0.495,0.909,0.5,33.219,1.0,1.0,0.0,0.35304166666666664,100.0,0.0,0,4,0.0,0.0,0.0,0.0,,,,,Servicio con demanda activa en los ultimos meses.,Cross-sell dentro del mismo pilar
Esmax,ESMAX,Energia & Combustibles,Desarrollo,C-GenIA,C-GenIA,Creative Intelligence & GenAI,Creative GenAI,CSA - Tech,Proyecto,Alto,BLANCO,Nunca ofrecido,Espacio blanco,33.2,C,14,18305.0,0.0,0.094,0.796,0.951,0.25,33.183,1.0,1.0,0.0,0.0,100.0,0.0,0,4,0.0,0.0,0.0,0.0,,,,,Sin anclaje en el portafolio actual de la cuenta; servicio con demanda activa en los ultimos meses.,Construir caso con benchmark de la industria antes de pitchear
Inchcape Americas,INCHAPE AMERICAS,Automotriz,Desarrollo,Online Data Optimization - Basic,Online Data Optimization - Basic,Analytics & Optimizacion Digital,Online Data Optimization,CSA - Tech,Proyecto,Bajo,BLANCO,Nunca ofrecido,Espacio blanco,33.2,C,8,3256.0,0.499,0.0,0.471,0.896,0.1,33.194,1.0,1.0,3.4,1.0,100.0,0.0,0,4,0.0,0.0,0.0,0.0,,,,,Sin anclaje en el portafolio actual de la cuenta; servicio con demanda activa en los ultimos meses.,Usar como abrepuertas de bajo ticket
Indumotora,INDUMOTORA,Automotriz,Estrategica,Online Data Optimization - No E-commerce,Online Data Optimization - sites without E-commerce,Analytics & Optimizacion Digital,Online Data Optimization,CSA - Tech,Proyecto,Bajo,BLANCO,Nunca ofrecido,Espacio blanco,33.2,C,14,3709.0,0.141,0.0,0.495,0.909,0.5,33.219,1.0,1.0,0.0,0.35304166666666664,100.0,0.0,0,4,0.0,0.0,0.0,0.0,,,,,Servicio con demanda activa en los ultimos meses.,Cross-sell dentro del mismo pilar
LATAM Airlines,LATAM AERLINES,Travel & Aerolineas,Desarrollo,Online Data Optimization - Basic,Online Data Optimization - Basic,Analytics & Optimizacion Digital,Online Data Optimization,CSA - Tech,Proyecto,Bajo,BLANCO,Nunca ofrecido,Espacio blanco,33.2,C,7,3256.0,0.499,0.0,0.471,0.896,0.1,33.194,1.0,1.0,3.4,1.0,100.0,0.0,0,2,0.0,0.0,0.0,0.0,,,,,Sin anclaje en el portafolio actual de la cuenta; servicio con demanda activa en los ultimos meses.,Usar como abrepuertas de bajo ticket
Lactalis,LACTALIS,CPG Alimentos,Emergente,Online Data Optimization - Basic,Online Data Optimization - Basic,Analytics & Optimizacion Digital,Online Data Optimization,CSA - Tech,Proyecto,Bajo,BLANCO,Nunca ofrecido,Espacio blanco,33.2,C,7,3256.0,0.499,0.0,0.471,0.896,0.1,33.194,1.0,1.0,3.4,1.0,100.0,0.0,0,2,0.0,0.0,0.0,0.0,,,,,Sin anclaje en el portafolio actual de la cuenta; servicio con demanda activa en los ultimos meses.,Usar como abrepuertas de bajo ticket
Porsche Group,PORSCHE GROUP,Automotriz,Desarrollo,Online Data Optimization - No E-commerce,Online Data Optimization - sites without E-commerce,Analytics & Optimizacion Digital,Online Data Optimization,CSA - Tech,Proyecto,Bajo,BLANCO,Nunca ofrecido,Espacio blanco,33.2,C,18,3709.0,0.141,0.0,0.495,0.909,0.5,33.219,1.0,1.0,0.0,0.35304166666666664,100.0,0.0,0,4,0.0,0.0,0.0,0.0,,,,,Servicio con demanda activa en los ultimos meses.,Cross-sell dentro del mismo pilar
SMU,SMU,Retail Supermercados,Emergente,Online Data Optimization - No E-commerce,Online Data Optimization - sites without E-commerce,Analytics & Optimizacion Digital,Online Data Optimization,CSA - Tech,Proyecto,Bajo,BLANCO,Nunca ofrecido,Espacio blanco,33.2,C,19,3709.0,0.141,0.0,0.495,0.909,0.5,33.219,1.0,1.0,0.0,0.35304166666666664,100.0,0.0,0,1,0.0,0.0,0.0,0.0,,,,,Servicio con demanda activa en los ultimos meses.,Cross-sell dentro del mismo pilar
Sky Airline,SKY AIRLINE,Travel & Aerolineas,Emergente,Online Data Optimization - Basic,Online Data Optimization - Basic,Analytics & Optimizacion Digital,Online Data Optimization,CSA - Tech,Proyecto,Bajo,BLANCO,Nunca ofrecido,Espacio blanco,33.2,C,7,3256.0,0.499,0.0,0.471,0.896,0.1,33.194,1.0,1.0,3.4,1.0,100.0,0.0,0,2,0.0,0.0,0.0,0.0,,,,,Sin anclaje en el portafolio actual de la cuenta; servicio con demanda activa en los ultimos meses.,Usar como abrepuertas de bajo ticket
TUA,TUA,Por clasificar,Emergente,Online Data Optimization - No E-commerce,Online Data Optimization - sites without E-commerce,Analytics & Optimizacion Digital,Online Data Optimization,CSA - Tech,Proyecto,Bajo,BLANCO,Nunca ofrecido,Espacio blanco,33.2,C,19,3709.0,0.141,0.0,0.495,0.909,0.5,33.219,1.0,1.0,0.0,0.35304166666666664,100.0,0.0,0,1,0.0,0.0,0.0,0.0,,,,,Servicio con demanda activa en los ultimos meses.,Cross-sell dentro del mismo pilar
WOM,WOM,Telco,Desarrollo,Online Data Optimization - Basic,Online Data Optimization - Basic,Analytics & Optimizacion Digital,Online Data Optimization,CSA - Tech,Proyecto,Bajo,BLANCO,Nunca ofrecido,Espacio blanco,33.2,C,8,3256.0,0.499,0.0,0.471,0.896,0.1,33.194,1.0,1.0,3.4,1.0,100.0,0.0,0,3,0.0,0.0,0.0,0.0,,,,,Sin anclaje en el portafolio actual de la cuenta; servicio con demanda activa en los ultimos meses.,Usar como abrepuertas de bajo ticket
Watts,WATTS,CPG Alimentos,Desarrollo,Online Data Optimization - Basic,Online Data Optimization - Basic,Analytics & Optimizacion Digital,Online Data Optimization,CSA - Tech,Proyecto,Bajo,BLANCO,Nunca ofrecido,Espacio blanco,33.2,C,7,3256.0,0.499,0.0,0.471,0.896,0.1,33.194,1.0,1.0,3.4,1.0,100.0,0.0,0,2,0.0,0.0,0.0,0.0,,,,,Sin anclaje en el portafolio actual de la cuenta; servicio con demanda activa en los ultimos meses.,Usar como abrepuertas de bajo ticket
Esmax,ESMAX,Energia & Combustibles,Desarrollo,Licencias GA4 360,Licencias GA4 360,Licencias & Plataformas,Licencias Analytics,CSA - Tech,Licencia,Alto,BLANCO,Nunca ofrecido,Espacio blanco,33.1,C,15,25314.0,0.0,0.048,0.857,0.951,0.25,33.073,1.0,1.0,0.0,0.0,100.0,0.0,0,4,0.0,0.0,0.0,0.0,,,,,Sin anclaje en el portafolio actual de la cuenta; servicio con demanda activa en los ultimos meses.,Construir caso con benchmark de la industria antes de pitchear
Cruz Verde,CRUZ VERDE,Retail Farmacia,Emergente,CAPI x Gateway,CAPI x Gateway by CSA - look for special ratecard,Data Collection & Activacion,Server-Side / CAPI,CSA - Tech,Recurrente,Bajo,BLANCO,Nunca ofrecido,Espacio blanco,32.9,C,7,1100.0,0.6,0.031,0.267,0.904,0.1,32.852,1.0,1.0,6.9,1.0,100.0,0.0,0,1,0.0,0.0,0.0,0.0,,,,,Sin anclaje en el portafolio actual de la cuenta; servicio con demanda activa en los ultimos meses.,Usar como abrepuertas de bajo ticket
Decathlon,DECATHLON,Retail Deportes,Emergente,CAPI x Gateway,CAPI x Gateway by CSA - look for special ratecard,Data Collection & Activacion,Server-Side / CAPI,CSA - Tech,Recurrente,Bajo,BLANCO,Nunca ofrecido,Espacio blanco,32.9,C,8,1100.0,0.6,0.031,0.267,0.904,0.1,32.852,1.0,1.0,6.9,1.0,100.0,0.0,0,1,0.0,0.0,0.0,0.0,,,,,Sin anclaje en el portafolio actual de la cuenta; servicio con demanda activa en los ultimos meses.,Usar como abrepuertas de bajo ticket
Escuela de Comercio y Servicio,ESCUELA DE COMERCIO Y SERVICIO,Educacion,Emergente,CAPI x Gateway,CAPI x Gateway by CSA - look for special ratecard,Data Collection & Activacion,Server-Side / CAPI,CSA - Tech,Recurrente,Bajo,BLANCO,Nunca ofrecido,Espacio blanco,32.9,C,8,1100.0,0.6,0.031,0.267,0.904,0.1,32.852,1.0,1.0,6.9,1.0,100.0,0.0,0,1,0.0,0.0,0.0,0.0,,,,,Sin anclaje en el portafolio actual de la cuenta; servicio con demanda activa en los ultimos meses.,Usar como abrepuertas de bajo ticket
GAES,GAES,Salud,Emergente,CAPI x Gateway,CAPI x Gateway by CSA - look for special ratecard,Data Collection & Activacion,Server-Side / CAPI,CSA - Tech,Recurrente,Bajo,BLANCO,Nunca ofrecido,Espacio blanco,32.9,C,7,1100.0,0.6,0.031,0.267,0.904,0.1,32.852,1.0,1.0,6.9,1.0,100.0,0.0,0,1,0.0,0.0,0.0,0.0,,,,,Sin anclaje en el portafolio actual de la cuenta; servicio con demanda activa en los ultimos meses.,Usar como abrepuertas de bajo ticket
PC Factory,PC FACTORY,Retail Electro,Emergente,CAPI x Gateway,CAPI x Gateway by CSA - look for special ratecard,Data Collection & Activacion,Server-Side / CAPI,CSA - Tech,Recurrente,Bajo,BLANCO,Nunca ofrecido,Espacio blanco,32.9,C,9,1100.0,0.6,0.031,0.267,0.904,0.1,32.852,1.0,1.0,6.9,1.0,100.0,0.0,0,1,0.0,0.0,0.0,0.0,,,,,Sin anclaje en el portafolio actual de la cuenta; servicio con demanda activa en los ultimos meses.,Usar como abrepuertas de bajo ticket
PJ Chile SpA,PJ CHILE SPA,Food & QSR,Emergente,CAPI x Gateway,CAPI x Gateway by CSA - look for special ratecard,Data Collection & Activacion,Server-Side / CAPI,CSA - Tech,Recurrente,Bajo,BLANCO,Nunca ofrecido,Espacio blanco,32.9,C,9,1100.0,0.6,0.031,0.267,0.904,0.1,32.852,1.0,1.0,6.9,1.0,100.0,0.0,0,1,0.0,0.0,0.0,0.0,,,,,Sin anclaje en el portafolio actual de la cuenta; servicio con demanda activa en los ultimos meses.,Usar como abrepuertas de bajo ticket
Parque Arauco,PARQUE ARAUCO,Real Estate & Malls,Estrategica,MMM Lite,MMM Lite,Measurement & Efectividad,Marketing Mix Modeling,CSA - Science,Proyecto,Alto,BLANCO,Nunca ofrecido,Espacio blanco,32.9,C,15,16312.0,0.165,0.016,0.774,0.802,0.25,32.932,1.0,1.0,3.4,0.167,100.0,0.0,0,1,0.0,0.0,0.0,0.0,,,,,Sin anclaje en el portafolio actual de la cuenta; servicio con demanda activa en los ultimos meses.,Construir caso con benchmark de la industria antes de pitchear
Polla Chilena,POLLA,Juegos & Entretenimiento,Emergente,CAPI x Gateway,CAPI x Gateway by CSA - look for special ratecard,Data Collection & Activacion,Server-Side / CAPI,CSA - Tech,Recurrente,Bajo,BLANCO,Nunca ofrecido,Espacio blanco,32.9,C,7,1100.0,0.6,0.031,0.267,0.904,0.1,32.852,1.0,1.0,6.9,1.0,100.0,0.0,0,1,0.0,0.0,0.0,0.0,,,,,Sin anclaje en el portafolio actual de la cuenta; servicio con demanda activa en los ultimos meses.,Usar como abrepuertas de bajo ticket
Reckitt,RECKITT,CPG Cuidado Personal,Emergente,CAPI x Gateway,CAPI x Gateway by CSA - look for special ratecard,Data Collection & Activacion,Server-Side / CAPI,CSA - Tech,Recurrente,Bajo,BLANCO,Nunca ofrecido,Espacio blanco,32.9,C,7,1100.0,0.6,0.031,0.267,0.904,0.1,32.852,1.0,1.0,6.9,1.0,100.0,0.0,0,1,0.0,0.0,0.0,0.0,,,,,Sin anclaje en el portafolio actual de la cuenta; servicio con demanda activa en los ultimos meses.,Usar como abrepuertas de bajo ticket
SMU,SMU,Retail Supermercados,Emergente,MMM Lite,MMM Lite,Measurement & Efectividad,Marketing Mix Modeling,CSA - Science,Proyecto,Alto,BLANCO,Nunca ofrecido,Espacio blanco,32.9,C,20,16312.0,0.165,0.016,0.774,0.802,0.25,32.932,1.0,1.0,3.4,0.167,100.0,0.0,0,1,0.0,0.0,0.0,0.0,,,,,Sin anclaje en el portafolio actual de la cuenta; servicio con demanda activa en los ultimos meses.,Construir caso con benchmark de la industria antes de pitchear
Tenpo,TENPO,Fintech & Banca,Emergente,CAPI x Gateway,CAPI x Gateway by CSA - look for special ratecard,Data Collection & Activacion,Server-Side / CAPI,CSA - Tech,Recurrente,Bajo,BLANCO,Nunca ofrecido,Espacio blanco,32.9,C,8,1100.0,0.6,0.031,0.267,0.904,0.1,32.852,1.0,1.0,6.9,1.0,100.0,0.0,0,1,0.0,0.0,0.0,0.0,,,,,Sin anclaje en el portafolio actual de la cuenta; servicio con demanda activa en los ultimos meses.,Usar como abrepuertas de bajo ticket
Tricot,TRICOT,Retail Vestuario,Emergente,CAPI x Gateway,CAPI x Gateway by CSA - look for special ratecard,Data Collection & Activacion,Server-Side / CAPI,CSA - Tech,Recurrente,Bajo,BLANCO,Nunca ofrecido,Espacio blanco,32.9,C,9,1100.0,0.6,0.031,0.267,0.904,0.1,32.852,1.0,1.0,6.9,1.0,100.0,0.0,0,1,0.0,0.0,0.0,0.0,,,,,Sin anclaje en el portafolio actual de la cuenta; servicio con demanda activa en los ultimos meses.,Usar como abrepuertas de bajo ticket
Verisure,VERISURE,Servicios Hogar & Seguridad,Desarrollo,CAPI x Gateway,CAPI x Gateway by CSA - look for special ratecard,Data Collection & Activacion,Server-Side / CAPI,CSA - Tech,Recurrente,Bajo,BLANCO,Nunca ofrecido,Espacio blanco,32.9,C,8,1100.0,0.6,0.031,0.267,0.904,0.1,32.852,1.0,1.0,6.9,1.0,100.0,0.0,0,1,0.0,0.0,0.0,0.0,,,,,Sin anclaje en el portafolio actual de la cuenta; servicio con demanda activa en los ultimos meses.,Usar como abrepuertas de bajo ticket
Porsche Group,PORSCHE GROUP,Automotriz,Desarrollo,BI Services,BI Services,Analytics & Optimizacion Digital,Business Intelligence,CSA - Tech,Proyecto,Bajo,BLANCO,Nunca ofrecido,Espacio blanco,32.8,C,19,266.0,0.299,0.154,0.0,0.968,0.5,32.785,1.0,1.0,3.4,0.5,100.0,25.0,1,4,0.0,0.0,0.0,0.0,,,,,1 de 4 cuentas de automotriz ya lo ejecutan; servicio con demanda activa en los ultimos meses.,Cross-sell dentro del mismo pilar
Parque Arauco,PARQUE ARAUCO,Real Estate & Malls,Estrategica,C-GenIA Basic Mensual,C-GenIA - Basic (200 images) per month,Creative Intelligence & GenAI,Creative GenAI,CSA - Tech,Recurrente,Medio,BLANCO,Nunca ofrecido,Espacio blanco,32.7,C,16,9661.0,0.0,0.0,0.676,0.881,0.5,32.736,1.0,1.0,0.0,0.0,100.0,0.0,0,1,0.0,0.0,0.0,0.0,,,,,Servicio con demanda activa en los ultimos meses.,Cross-sell dentro del mismo pilar
Porsche Group,PORSCHE GROUP,Automotriz,Desarrollo,C-GenIA Basic Mensual,C-GenIA - Basic (200 images) per month,Creative Intelligence & GenAI,Creative GenAI,CSA - Tech,Recurrente,Medio,BLANCO,Nunca ofrecido,Espacio blanco,32.7,C,20,9661.0,0.0,0.0,0.676,0.881,0.5,32.736,1.0,1.0,0.0,0.0,100.0,0.0,0,4,0.0,0.0,0.0,0.0,,,,,Servicio con demanda activa en los ultimos meses.,Cross-sell dentro del mismo pilar
Verisure,VERISURE,Servicios Hogar & Seguridad,Desarrollo,Tech Services Ad Hoc,Tech Services Ad Hoc,Consultoria & Ad Hoc,Servicios Tech,CSA - Tech,Proyecto,Bajo,BLANCO,Nunca ofrecido,Espacio blanco,32.7,C,9,3814.0,0.289,0.15,0.501,0.906,0.1,32.707,1.0,1.0,6.9,0.222,81.8,0.0,0,1,0.0,0.0,0.0,0.0,,,,,Sin anclaje en el portafolio actual de la cuenta; servicio con demanda activa en los ultimos meses.,Usar como abrepuertas de bajo ticket
Cruz Verde,CRUZ VERDE,Retail Farmacia,Emergente,Online Data Optimization - E-commerce,Online Data Optimization - sites with E-commerce,Analytics & Optimizacion Digital,Online Data Optimization,CSA - Tech,Proyecto,Medio,BLANCO,Nunca ofrecido,Espacio blanco,32.6,C,8,7336.0,0.299,0.016,0.624,0.983,0.1,32.586,1.0,1.0,3.4,0.5,100.0,0.0,0,1,0.0,0.0,0.0,0.0,,,,,Sin anclaje en el portafolio actual de la cuenta; servicio con demanda activa en los ultimos meses.,Construir caso con benchmark de la industria antes de pitchear
GAES,GAES,Salud,Emergente,Online Data Optimization - E-commerce,Online Data Optimization - sites with E-commerce,Analytics & Optimizacion Digital,Online Data Optimization,CSA - Tech,Proyecto,Medio,BLANCO,Nunca ofrecido,Espacio blanco,32.6,C,8,7336.0,0.299,0.016,0.624,0.983,0.1,32.586,1.0,1.0,3.4,0.5,100.0,0.0,0,1,0.0,0.0,0.0,0.0,,,,,Sin anclaje en el portafolio actual de la cuenta; servicio con demanda activa en los ultimos meses.,Construir caso con benchmark de la industria antes de pitchear
Reckitt,RECKITT,CPG Cuidado Personal,Emergente,Online Data Optimization - E-commerce,Online Data Optimization - sites with E-commerce,Analytics & Optimizacion Digital,Online Data Optimization,CSA - Tech,Proyecto,Medio,BLANCO,Nunca ofrecido,Espacio blanco,32.6,C,8,7336.0,0.299,0.016,0.624,0.983,0.1,32.586,1.0,1.0,3.4,0.5,100.0,0.0,0,1,0.0,0.0,0.0,0.0,,,,,Sin anclaje en el portafolio actual de la cuenta; servicio con demanda activa en los ultimos meses.,Construir caso con benchmark de la industria antes de pitchear
Tenpo,TENPO,Fintech & Banca,Emergente,Online Data Optimization - E-commerce,Online Data Optimization - sites with E-commerce,Analytics & Optimizacion Digital,Online Data Optimization,CSA - Tech,Proyecto,Medio,BLANCO,Nunca ofrecido,Espacio blanco,32.6,C,9,7336.0,0.299,0.016,0.624,0.983,0.1,32.586,1.0,1.0,3.4,0.5,100.0,0.0,0,1,0.0,0.0,0.0,0.0,,,,,Sin anclaje en el portafolio actual de la cuenta; servicio con demanda activa en los ultimos meses.,Construir caso con benchmark de la industria antes de pitchear
Verisure,VERISURE,Servicios Hogar & Seguridad,Desarrollo,Online Data Optimization - E-commerce,Online Data Optimization - sites with E-commerce,Analytics & Optimizacion Digital,Online Data Optimization,CSA - Tech,Proyecto,Medio,BLANCO,Nunca ofrecido,Espacio blanco,32.6,C,10,7336.0,0.299,0.016,0.624,0.983,0.1,32.586,1.0,1.0,3.4,0.5,100.0,0.0,0,1,0.0,0.0,0.0,0.0,,,,,Sin anclaje en el portafolio actual de la cuenta; servicio con demanda activa en los ultimos meses.,Construir caso con benchmark de la industria antes de pitchear
Porsche Group,PORSCHE GROUP,Automotriz,Desarrollo,MMM Lite,MMM Lite,Measurement & Efectividad,Marketing Mix Modeling,CSA - Science,Proyecto,Alto,BLANCO,Nunca ofrecido,Espacio blanco,32.5,C,21,16312.0,0.165,0.0,0.774,0.802,0.25,32.529,1.0,1.0,3.4,0.167,100.0,0.0,0,4,0.0,0.0,0.0,0.0,,,,,Sin anclaje en el portafolio actual de la cuenta; servicio con demanda activa en los ultimos meses.,Construir caso con benchmark de la industria antes de pitchear
Copec Flux,COPEC FLUX,Energia & Combustibles,Estrategica,Nested (MMM + BEM),Nested (MMM + BEM) without Data Collection,Measurement & Efectividad,Marketing Mix Modeling,CSA - Science,Proyecto,Alto,BLANCO,Nunca ofrecido,Espacio blanco,32.3,C,17,28181.0,0.0,0.0,0.877,0.963,0.25,32.346,1.0,1.0,0.0,0.0,100.0,0.0,0,4,0.0,0.0,0.0,0.0,,,,,Sin anclaje en el portafolio actual de la cuenta; servicio con demanda activa en los ultimos meses.,Construir caso con benchmark de la industria antes de pitchear
Enex,ENEX,Energia & Combustibles,Desarrollo,Nested (MMM + BEM),Nested (MMM + BEM) without Data Collection,Measurement & Efectividad,Marketing Mix Modeling,CSA - Science,Proyecto,Alto,BLANCO,Nunca ofrecido,Espacio blanco,32.3,C,20,28181.0,0.0,0.0,0.877,0.963,0.25,32.346,1.0,1.0,0.0,0.0,100.0,0.0,0,4,0.0,0.0,0.0,0.0,,,,,Sin anclaje en el portafolio actual de la cuenta; servicio con demanda activa en los ultimos meses.,Construir caso con benchmark de la industria antes de pitchear
Gildemeister,GILDEMEISTER,Automotriz,Estrategica,Nested (MMM + BEM),Nested (MMM + BEM) without Data Collection,Measurement & Efectividad,Marketing Mix Modeling,CSA - Science,Proyecto,Alto,BLANCO,Nunca ofrecido,Espacio blanco,32.3,C,15,28181.0,0.0,0.0,0.877,0.963,0.25,32.346,1.0,1.0,0.0,0.0,100.0,0.0,0,4,0.0,0.0,0.0,0.0,,,,,Sin anclaje en el portafolio actual de la cuenta; servicio con demanda activa en los ultimos meses.,Construir caso con benchmark de la industria antes de pitchear
Indumotora,INDUMOTORA,Automotriz,Estrategica,Nested (MMM + BEM),Nested (MMM + BEM) without Data Collection,Measurement & Efectividad,Marketing Mix Modeling,CSA - Science,Proyecto,Alto,BLANCO,Nunca ofrecido,Espacio blanco,32.3,C,15,28181.0,0.0,0.0,0.877,0.963,0.25,32.346,1.0,1.0,0.0,0.0,100.0,0.0,0,4,0.0,0.0,0.0,0.0,,,,,Sin anclaje en el portafolio actual de la cuenta; servicio con demanda activa en los ultimos meses.,Construir caso con benchmark de la industria antes de pitchear
Parque Arauco,PARQUE ARAUCO,Real Estate & Malls,Estrategica,Nested (MMM + BEM),Nested (MMM + BEM) without Data Collection,Measurement & Efectividad,Marketing Mix Modeling,CSA - Science,Proyecto,Alto,BLANCO,Nunca ofrecido,Espacio blanco,32.3,C,17,28181.0,0.0,0.0,0.877,0.963,0.25,32.346,1.0,1.0,0.0,0.0,100.0,0.0,0,1,0.0,0.0,0.0,0.0,,,,,Sin anclaje en el portafolio actual de la cuenta; servicio con demanda activa en los ultimos meses.,Construir caso con benchmark de la industria antes de pitchear
Polla Chilena,POLLA,Juegos & Entretenimiento,Emergente,Tech Services Ad Hoc,Tech Services Ad Hoc,Consultoria & Ad Hoc,Servicios Tech,CSA - Tech,Proyecto,Bajo,BLANCO,Nunca ofrecido,Espacio blanco,32.3,C,8,3814.0,0.289,0.133,0.501,0.906,0.1,32.268,1.0,1.0,6.9,0.222,81.8,0.0,0,1,0.0,0.0,0.0,0.0,,,,,Sin anclaje en el portafolio actual de la cuenta; servicio con demanda activa en los ultimos meses.,Usar como abrepuertas de bajo ticket
Porsche Group,PORSCHE GROUP,Automotriz,Desarrollo,Nested (MMM + BEM),Nested (MMM + BEM) without Data Collection,Measurement & Efectividad,Marketing Mix Modeling,CSA - Science,Proyecto,Alto,BLANCO,Nunca ofrecido,Espacio blanco,32.3,C,22,28181.0,0.0,0.0,0.877,0.963,0.25,32.346,1.0,1.0,0.0,0.0,100.0,0.0,0,4,0.0,0.0,0.0,0.0,,,,,Sin anclaje en el portafolio actual de la cuenta; servicio con demanda activa en los ultimos meses.,Construir caso con benchmark de la industria antes de pitchear
SMU,SMU,Retail Supermercados,Emergente,Nested (MMM + BEM),Nested (MMM + BEM) without Data Collection,Measurement & Efectividad,Marketing Mix Modeling,CSA - Science,Proyecto,Alto,BLANCO,Nunca ofrecido,Espacio blanco,32.3,C,21,28181.0,0.0,0.0,0.877,0.963,0.25,32.346,1.0,1.0,0.0,0.0,100.0,0.0,0,1,0.0,0.0,0.0,0.0,,,,,Sin anclaje en el portafolio actual de la cuenta; servicio con demanda activa en los ultimos meses.,Construir caso con benchmark de la industria antes de pitchear
TUA,TUA,Por clasificar,Emergente,Nested (MMM + BEM),Nested (MMM + BEM) without Data Collection,Measurement & Efectividad,Marketing Mix Modeling,CSA - Science,Proyecto,Alto,BLANCO,Nunca ofrecido,Espacio blanco,32.3,C,20,28181.0,0.0,0.0,0.877,0.963,0.25,32.346,1.0,1.0,0.0,0.0,100.0,0.0,0,1,0.0,0.0,0.0,0.0,,,,,Sin anclaje en el portafolio actual de la cuenta; servicio con demanda activa en los ultimos meses.,Construir caso con benchmark de la industria antes de pitchear
Telefonica,TELEFONICA,Telco,Estrategica,Nested (MMM + BEM),Nested (MMM + BEM) without Data Collection,Measurement & Efectividad,Marketing Mix Modeling,CSA - Science,Proyecto,Alto,BLANCO,Nunca ofrecido,Espacio blanco,32.3,C,18,28181.0,0.0,0.0,0.877,0.963,0.25,32.346,1.0,1.0,0.0,0.0,100.0,0.0,0,3,0.0,0.0,0.0,0.0,,,,,Sin anclaje en el portafolio actual de la cuenta; servicio con demanda activa en los ultimos meses.,Construir caso con benchmark de la industria antes de pitchear
Gasco,GASCO,Energia & Combustibles,Emergente,Online Data Optimization - E-commerce,Online Data Optimization - sites with E-commerce,Analytics & Optimizacion Digital,Online Data Optimization,CSA - Tech,Proyecto,Medio,BLANCO,Nunca ofrecido,Espacio blanco,32.2,C,9,7336.0,0.299,0.0,0.624,0.983,0.1,32.183,1.0,1.0,3.4,0.5,100.0,0.0,0,4,0.0,0.0,0.0,0.0,,,,,Sin anclaje en el portafolio actual de la cuenta; servicio con demanda activa en los ultimos meses.,Construir caso con benchmark de la industria antes de pitchear
LATAM Airlines,LATAM AERLINES,Travel & Aerolineas,Desarrollo,Online Data Optimization - E-commerce,Online Data Optimization - sites with E-commerce,Analytics & Optimizacion Digital,Online Data Optimization,CSA - Tech,Proyecto,Medio,BLANCO,Nunca ofrecido,Espacio blanco,32.2,C,8,7336.0,0.299,0.0,0.624,0.983,0.1,32.183,1.0,1.0,3.4,0.5,100.0,0.0,0,2,0.0,0.0,0.0,0.0,,,,,Sin anclaje en el portafolio actual de la cuenta; servicio con demanda activa en los ultimos meses.,Construir caso con benchmark de la industria antes de pitchear
Lactalis,LACTALIS,CPG Alimentos,Emergente,Online Data Optimization - E-commerce,Online Data Optimization - sites with E-commerce,Analytics & Optimizacion Digital,Online Data Optimization,CSA - Tech,Proyecto,Medio,BLANCO,Nunca ofrecido,Espacio blanco,32.2,C,8,7336.0,0.299,0.0,0.624,0.983,0.1,32.183,1.0,1.0,3.4,0.5,100.0,0.0,0,2,0.0,0.0,0.0,0.0,,,,,Sin anclaje en el portafolio actual de la cuenta; servicio con demanda activa en los ultimos meses.,Construir caso con benchmark de la industria antes de pitchear
PC Factory,PC FACTORY,Retail Electro,Emergente,MMM Lite,MMM Lite,Measurement & Efectividad,Marketing Mix Modeling,CSA - Science,Proyecto,Alto,BLANCO,Nunca ofrecido,Espacio blanco,32.2,C,10,16312.0,0.165,0.103,0.774,0.802,0.1,32.204,1.0,1.0,3.4,0.167,100.0,0.0,0,1,0.0,0.0,0.0,0.0,,,,,Sin anclaje en el portafolio actual de la cuenta; servicio con demanda activa en los ultimos meses.,Construir caso con benchmark de la industria antes de pitchear
Sky Airline,SKY AIRLINE,Travel & Aerolineas,Emergente,Online Data Optimization - E-commerce,Online Data Optimization - sites with E-commerce,Analytics & Optimizacion Digital,Online Data Optimization,CSA - Tech,Proyecto,Medio,BLANCO,Nunca ofrecido,Espacio blanco,32.2,C,8,7336.0,0.299,0.0,0.624,0.983,0.1,32.183,1.0,1.0,3.4,0.5,100.0,0.0,0,2,0.0,0.0,0.0,0.0,,,,,Sin anclaje en el portafolio actual de la cuenta; servicio con demanda activa en los ultimos meses.,Construir caso con benchmark de la industria antes de pitchear
Watts,WATTS,CPG Alimentos,Desarrollo,Online Data Optimization - E-commerce,Online Data Optimization - sites with E-commerce,Analytics & Optimizacion Digital,Online Data Optimization,CSA - Tech,Proyecto,Medio,BLANCO,Nunca ofrecido,Espacio blanco,32.2,C,8,7336.0,0.299,0.0,0.624,0.983,0.1,32.183,1.0,1.0,3.4,0.5,100.0,0.0,0,2,0.0,0.0,0.0,0.0,,,,,Sin anclaje en el portafolio actual de la cuenta; servicio con demanda activa en los ultimos meses.,Construir caso con benchmark de la industria antes de pitchear
Esmax,ESMAX,Energia & Combustibles,Desarrollo,1PD Integration,1PD Integration (until 15 sources) - Google,Data Collection & Activacion,First Party Data,CSA - Tech,Proyecto,Alto,BLANCO,Nunca ofrecido,Espacio blanco,32.1,C,16,12157.0,0.141,0.0,0.719,0.896,0.25,32.083,1.0,1.0,0.0,0.35304166666666664,100.0,0.0,0,4,0.0,0.0,0.0,0.0,,,,,Sin anclaje en el portafolio actual de la cuenta; servicio con demanda activa en los ultimos meses.,Construir caso con benchmark de la industria antes de pitchear
Gasco,GASCO,Energia & Combustibles,Emergente,CAPI x Gateway,CAPI x Gateway by CSA - look for special ratecard,Data Collection & Activacion,Server-Side / CAPI,CSA - Tech,Recurrente,Bajo,BLANCO,Nunca ofrecido,Espacio blanco,32.0,C,10,1100.0,0.6,0.0,0.267,0.904,0.1,32.046,1.0,1.0,6.9,1.0,100.0,0.0,0,4,0.0,0.0,0.0,0.0,,,,,Sin anclaje en el portafolio actual de la cuenta; servicio con demanda activa en los ultimos meses.,Usar como abrepuertas de bajo ticket
LATAM Airlines,LATAM AERLINES,Travel & Aerolineas,Desarrollo,CAPI x Gateway,CAPI x Gateway by CSA - look for special ratecard,Data Collection & Activacion,Server-Side / CAPI,CSA - Tech,Recurrente,Bajo,BLANCO,Nunca ofrecido,Espacio blanco,32.0,C,9,1100.0,0.6,0.0,0.267,0.904,0.1,32.046,1.0,1.0,6.9,1.0,100.0,0.0,0,2,0.0,0.0,0.0,0.0,,,,,Sin anclaje en el portafolio actual de la cuenta; servicio con demanda activa en los ultimos meses.,Usar como abrepuertas de bajo ticket
Lactalis,LACTALIS,CPG Alimentos,Emergente,CAPI x Gateway,CAPI x Gateway by CSA - look for special ratecard,Data Collection & Activacion,Server-Side / CAPI,CSA - Tech,Recurrente,Bajo,BLANCO,Nunca ofrecido,Espacio blanco,32.0,C,9,1100.0,0.6,0.0,0.267,0.904,0.1,32.046,1.0,1.0,6.9,1.0,100.0,0.0,0,2,0.0,0.0,0.0,0.0,,,,,Sin anclaje en el portafolio actual de la cuenta; servicio con demanda activa en los ultimos meses.,Usar como abrepuertas de bajo ticket
Sky Airline,SKY AIRLINE,Travel & Aerolineas,Emergente,CAPI x Gateway,CAPI x Gateway by CSA - look for special ratecard,Data Collection & Activacion,Server-Side / CAPI,CSA - Tech,Recurrente,Bajo,BLANCO,Nunca ofrecido,Espacio blanco,32.0,C,9,1100.0,0.6,0.0,0.267,0.904,0.1,32.046,1.0,1.0,6.9,1.0,100.0,0.0,0,2,0.0,0.0,0.0,0.0,,,,,Sin anclaje en el portafolio actual de la cuenta; servicio con demanda activa en los ultimos meses.,Usar como abrepuertas de bajo ticket
WOM,WOM,Telco,Desarrollo,CAPI x Gateway,CAPI x Gateway by CSA - look for special ratecard,Data Collection & Activacion,Server-Side / CAPI,CSA - Tech,Recurrente,Bajo,BLANCO,Nunca ofrecido,Espacio blanco,32.0,C,9,1100.0,0.6,0.0,0.267,0.904,0.1,32.046,1.0,1.0,6.9,1.0,100.0,0.0,0,3,0.0,0.0,0.0,0.0,,,,,Sin anclaje en el portafolio actual de la cuenta; servicio con demanda activa en los ultimos meses.,Usar como abrepuertas de bajo ticket
Watts,WATTS,CPG Alimentos,Desarrollo,CAPI x Gateway,CAPI x Gateway by CSA - look for special ratecard,Data Collection & Activacion,Server-Side / CAPI,CSA - Tech,Recurrente,Bajo,BLANCO,Nunca ofrecido,Espacio blanco,32.0,C,9,1100.0,0.6,0.0,0.267,0.904,0.1,32.046,1.0,1.0,6.9,1.0,100.0,0.0,0,2,0.0,0.0,0.0,0.0,,,,,Sin anclaje en el portafolio actual de la cuenta; servicio con demanda activa en los ultimos meses.,Usar como abrepuertas de bajo ticket
Decathlon,DECATHLON,Retail Deportes,Emergente,Tech Services Ad Hoc,Tech Services Ad Hoc,Consultoria & Ad Hoc,Servicios Tech,CSA - Tech,Proyecto,Bajo,BLANCO,Nunca ofrecido,Espacio blanco,31.9,C,9,3814.0,0.289,0.117,0.501,0.906,0.1,31.868,1.0,1.0,6.9,0.222,81.8,0.0,0,1,0.0,0.0,0.0,0.0,,,,,Sin anclaje en el portafolio actual de la cuenta; servicio con demanda activa en los ultimos meses.,Usar como abrepuertas de bajo ticket
Escuela de Comercio y Servicio,ESCUELA DE COMERCIO Y SERVICIO,Educacion,Emergente,Tech Services Ad Hoc,Tech Services Ad Hoc,Consultoria & Ad Hoc,Servicios Tech,CSA - Tech,Proyecto,Bajo,BLANCO,Nunca ofrecido,Espacio blanco,31.9,C,9,3814.0,0.289,0.117,0.501,0.906,0.1,31.868,1.0,1.0,6.9,0.222,81.8,0.0,0,1,0.0,0.0,0.0,0.0,,,,,Sin anclaje en el portafolio actual de la cuenta; servicio con demanda activa en los ultimos meses.,Usar como abrepuertas de bajo ticket
Watts,WATTS,CPG Alimentos,Desarrollo,Tech Services Ad Hoc,Tech Services Ad Hoc,Consultoria & Ad Hoc,Servicios Tech,CSA - Tech,Proyecto,Bajo,BLANCO,Nunca ofrecido,Espacio blanco,31.9,C,10,3814.0,0.289,0.119,0.501,0.906,0.1,31.901,1.0,1.0,6.9,0.222,81.8,0.0,0,2,0.0,0.0,0.0,0.0,,,,,Sin anclaje en el portafolio actual de la cuenta; servicio con demanda activa en los ultimos meses.,Usar como abrepuertas de bajo ticket
Tenpo,TENPO,Fintech & Banca,Emergente,Tech Services Ad Hoc,Tech Services Ad Hoc,Consultoria & Ad Hoc,Servicios Tech,CSA - Tech,Proyecto,Bajo,BLANCO,Nunca ofrecido,Espacio blanco,31.8,C,10,3814.0,0.289,0.116,0.501,0.906,0.1,31.826,1.0,1.0,6.9,0.222,81.8,0.0,0,1,0.0,0.0,0.0,0.0,,,,,Sin anclaje en el portafolio actual de la cuenta; servicio con demanda activa en los ultimos meses.,Usar como abrepuertas de bajo ticket
Gildemeister,GILDEMEISTER,Automotriz,Estrategica,ABCD Detector,ABCD Detector - Basic (20 Videos) per month,Creative Intelligence & GenAI,Creative Analytics,CSA - Tech,Recurrente,Bajo,BLANCO,Nunca ofrecido,Espacio blanco,31.7,C,16,3488.0,0.0,0.119,0.484,0.826,0.5,31.704,1.0,1.0,0.0,0.0,75.0,0.0,0,4,0.0,0.0,0.0,0.0,,,,,Servicio con demanda activa en los ultimos meses.,Cross-sell dentro del mismo pilar
Indumotora,INDUMOTORA,Automotriz,Estrategica,BI Services,BI Services,Analytics & Optimizacion Digital,Business Intelligence,CSA - Tech,Proyecto,Bajo,BLANCO,Nunca ofrecido,Espacio blanco,31.7,C,16,266.0,0.299,0.112,0.0,0.968,0.5,31.708,1.0,1.0,3.4,0.5,100.0,25.0,1,4,0.0,0.0,0.0,0.0,,,,,1 de 4 cuentas de automotriz ya lo ejecutan; servicio con demanda activa en los ultimos meses.,Cross-sell dentro del mismo pilar
Gasco,GASCO,Energia & Combustibles,Emergente,Tech Services Ad Hoc,Tech Services Ad Hoc,Consultoria & Ad Hoc,Servicios Tech,CSA - Tech,Proyecto,Bajo,BLANCO,Nunca ofrecido,Espacio blanco,31.5,C,11,3814.0,0.289,0.102,0.501,0.906,0.1,31.459,1.0,1.0,6.9,0.222,81.8,0.0,0,4,0.0,0.0,0.0,0.0,,,,,Sin anclaje en el portafolio actual de la cuenta; servicio con demanda activa en los ultimos meses.,Usar como abrepuertas de bajo ticket
Inchcape Americas,INCHAPE AMERICAS,Automotriz,Desarrollo,Tech Services Ad Hoc,Tech Services Ad Hoc,Consultoria & Ad Hoc,Servicios Tech,CSA - Tech,Proyecto,Bajo,BLANCO,Nunca ofrecido,Espacio blanco,31.5,C,9,3814.0,0.289,0.102,0.501,0.906,0.1,31.459,1.0,1.0,6.9,0.222,81.8,0.0,0,4,0.0,0.0,0.0,0.0,,,,,Sin anclaje en el portafolio actual de la cuenta; servicio con demanda activa en los ultimos meses.,Usar como abrepuertas de bajo ticket
Cruz Verde,CRUZ VERDE,Retail Farmacia,Emergente,C-GenIA Basic Anual,C-GenIA - Basic (200 images) Annual Subscription,Creative Intelligence & GenAI,Creative GenAI,CSA - Tech,Licencia,Medio,BLANCO,Nunca ofrecido,Espacio blanco,31.4,C,9,7919.0,0.299,0.016,0.638,0.858,0.1,31.351,1.0,1.0,3.4,0.5,100.0,0.0,0,1,0.0,0.0,0.0,0.0,,,,,Sin anclaje en el portafolio actual de la cuenta; servicio con demanda activa en los ultimos meses.,Construir caso con benchmark de la industria antes de pitchear
Decathlon,DECATHLON,Retail Deportes,Emergente,C-GenIA Basic Anual,C-GenIA - Basic (200 images) Annual Subscription,Creative Intelligence & GenAI,Creative GenAI,CSA - Tech,Licencia,Medio,BLANCO,Nunca ofrecido,Espacio blanco,31.4,C,10,7919.0,0.299,0.016,0.638,0.858,0.1,31.351,1.0,1.0,3.4,0.5,100.0,0.0,0,1,0.0,0.0,0.0,0.0,,,,,Sin anclaje en el portafolio actual de la cuenta; servicio con demanda activa en los ultimos meses.,Construir caso con benchmark de la industria antes de pitchear
Escuela de Comercio y Servicio,ESCUELA DE COMERCIO Y SERVICIO,Educacion,Emergente,C-GenIA Basic Anual,C-GenIA - Basic (200 images) Annual Subscription,Creative Intelligence & GenAI,Creative GenAI,CSA - Tech,Licencia,Medio,BLANCO,Nunca ofrecido,Espacio blanco,31.4,C,10,7919.0,0.299,0.016,0.638,0.858,0.1,31.351,1.0,1.0,3.4,0.5,100.0,0.0,0,1,0.0,0.0,0.0,0.0,,,,,Sin anclaje en el portafolio actual de la cuenta; servicio con demanda activa en los ultimos meses.,Construir caso con benchmark de la industria antes de pitchear
GAES,GAES,Salud,Emergente,C-GenIA Basic Anual,C-GenIA - Basic (200 images) Annual Subscription,Creative Intelligence & GenAI,Creative GenAI,CSA - Tech,Licencia,Medio,BLANCO,Nunca ofrecido,Espacio blanco,31.4,C,9,7919.0,0.299,0.016,0.638,0.858,0.1,31.351,1.0,1.0,3.4,0.5,100.0,0.0,0,1,0.0,0.0,0.0,0.0,,,,,Sin anclaje en el portafolio actual de la cuenta; servicio con demanda activa en los ultimos meses.,Construir caso con benchmark de la industria antes de pitchear
PC Factory,PC FACTORY,Retail Electro,Emergente,C-GenIA Basic Anual,C-GenIA - Basic (200 images) Annual Subscription,Creative Intelligence & GenAI,Creative GenAI,CSA - Tech,Licencia,Medio,BLANCO,Nunca ofrecido,Espacio blanco,31.4,C,11,7919.0,0.299,0.016,0.638,0.858,0.1,31.351,1.0,1.0,3.4,0.5,100.0,0.0,0,1,0.0,0.0,0.0,0.0,,,,,Sin anclaje en el portafolio actual de la cuenta; servicio con demanda activa en los ultimos meses.,Construir caso con benchmark de la industria antes de pitchear
PJ Chile SpA,PJ CHILE SPA,Food & QSR,Emergente,C-GenIA Basic Anual,C-GenIA - Basic (200 images) Annual Subscription,Creative Intelligence & GenAI,Creative GenAI,CSA - Tech,Licencia,Medio,BLANCO,Nunca ofrecido,Espacio blanco,31.4,C,10,7919.0,0.299,0.016,0.638,0.858,0.1,31.351,1.0,1.0,3.4,0.5,100.0,0.0,0,1,0.0,0.0,0.0,0.0,,,,,Sin anclaje en el portafolio actual de la cuenta; servicio con demanda activa en los ultimos meses.,Construir caso con benchmark de la industria antes de pitchear
Polla Chilena,POLLA,Juegos & Entretenimiento,Emergente,C-GenIA Basic Anual,C-GenIA - Basic (200 images) Annual Subscription,Creative Intelligence & GenAI,Creative GenAI,CSA - Tech,Licencia,Medio,BLANCO,Nunca ofrecido,Espacio blanco,31.4,C,9,7919.0,0.299,0.016,0.638,0.858,0.1,31.351,1.0,1.0,3.4,0.5,100.0,0.0,0,1,0.0,0.0,0.0,0.0,,,,,Sin anclaje en el portafolio actual de la cuenta; servicio con demanda activa en los ultimos meses.,Construir caso con benchmark de la industria antes de pitchear
Reckitt,RECKITT,CPG Cuidado Personal,Emergente,C-GenIA Basic Anual,C-GenIA - Basic (200 images) Annual Subscription,Creative Intelligence & GenAI,Creative GenAI,CSA - Tech,Licencia,Medio,BLANCO,Nunca ofrecido,Espacio blanco,31.4,C,9,7919.0,0.299,0.016,0.638,0.858,0.1,31.351,1.0,1.0,3.4,0.5,100.0,0.0,0,1,0.0,0.0,0.0,0.0,,,,,Sin anclaje en el portafolio actual de la cuenta; servicio con demanda activa en los ultimos meses.,Construir caso con benchmark de la industria antes de pitchear
Tenpo,TENPO,Fintech & Banca,Emergente,C-GenIA Basic Anual,C-GenIA - Basic (200 images) Annual Subscription,Creative Intelligence & GenAI,Creative GenAI,CSA - Tech,Licencia,Medio,BLANCO,Nunca ofrecido,Espacio blanco,31.4,C,11,7919.0,0.299,0.016,0.638,0.858,0.1,31.351,1.0,1.0,3.4,0.5,100.0,0.0,0,1,0.0,0.0,0.0,0.0,,,,,Sin anclaje en el portafolio actual de la cuenta; servicio con demanda activa en los ultimos meses.,Construir caso con benchmark de la industria antes de pitchear
Tricot,TRICOT,Retail Vestuario,Emergente,C-GenIA Basic Anual,C-GenIA - Basic (200 images) Annual Subscription,Creative Intelligence & GenAI,Creative GenAI,CSA - Tech,Licencia,Medio,BLANCO,Nunca ofrecido,Espacio blanco,31.4,C,10,7919.0,0.299,0.016,0.638,0.858,0.1,31.351,1.0,1.0,3.4,0.5,100.0,0.0,0,1,0.0,0.0,0.0,0.0,,,,,Sin anclaje en el portafolio actual de la cuenta; servicio con demanda activa en los ultimos meses.,Construir caso con benchmark de la industria antes de pitchear
Verisure,VERISURE,Servicios Hogar & Seguridad,Desarrollo,C-GenIA Basic Anual,C-GenIA - Basic (200 images) Annual Subscription,Creative Intelligence & GenAI,Creative GenAI,CSA - Tech,Licencia,Medio,BLANCO,Nunca ofrecido,Espacio blanco,31.4,C,11,7919.0,0.299,0.016,0.638,0.858,0.1,31.351,1.0,1.0,3.4,0.5,100.0,0.0,0,1,0.0,0.0,0.0,0.0,,,,,Sin anclaje en el portafolio actual de la cuenta; servicio con demanda activa en los ultimos meses.,Construir caso con benchmark de la industria antes de pitchear
Watts,WATTS,CPG Alimentos,Desarrollo,Licencias GA4 360,Licencias GA4 360,Licencias & Plataformas,Licencias Analytics,CSA - Tech,Licencia,Alto,BLANCO,Nunca ofrecido,Espacio blanco,31.3,C,11,25314.0,0.0,0.096,0.857,0.951,0.1,31.315,1.0,1.0,0.0,0.0,100.0,0.0,0,2,0.0,0.0,0.0,0.0,,,,,Sin anclaje en el portafolio actual de la cuenta; servicio con demanda activa en los ultimos meses.,Construir caso con benchmark de la industria antes de pitchear
Claro,CLARO,Telco,Estrategica,ABCD Detector,ABCD Detector - Basic (20 Videos) per month,Creative Intelligence & GenAI,Creative Analytics,CSA - Tech,Recurrente,Bajo,BLANCO,Nunca ofrecido,Espacio blanco,31.2,C,15,3488.0,0.0,0.099,0.484,0.826,0.5,31.179,1.0,1.0,0.0,0.0,75.0,0.0,0,3,0.0,0.0,0.0,0.0,,,,,Servicio con demanda activa en los ultimos meses.,Cross-sell dentro del mismo pilar
Copec Flux,COPEC FLUX,Energia & Combustibles,Estrategica,ABCD Detector,ABCD Detector - Basic (20 Videos) per month,Creative Intelligence & GenAI,Creative Analytics,CSA - Tech,Recurrente,Bajo,BLANCO,Nunca ofrecido,Espacio blanco,31.2,C,18,3488.0,0.0,0.099,0.484,0.826,0.5,31.179,1.0,1.0,0.0,0.0,75.0,0.0,0,4,0.0,0.0,0.0,0.0,,,,,Servicio con demanda activa en los ultimos meses.,Cross-sell dentro del mismo pilar
Indumotora,INDUMOTORA,Automotriz,Estrategica,Science Ad Hoc,Science Ad Hoc,Consultoria & Ad Hoc,Servicios Science,CSA - Science,Proyecto,Medio,BLANCO,Nunca ofrecido,Espacio blanco,31.2,C,17,30377.0,0.0,0.0,0.891,0.848,0.25,31.223,1.0,1.0,0.0,0.0,100.0,0.0,0,4,0.0,0.0,0.0,0.0,,,,,Sin anclaje en el portafolio actual de la cuenta; servicio con demanda activa en los ultimos meses.,Construir caso con benchmark de la industria antes de pitchear
Parque Arauco,PARQUE ARAUCO,Real Estate & Malls,Estrategica,Science Ad Hoc,Science Ad Hoc,Consultoria & Ad Hoc,Servicios Science,CSA - Science,Proyecto,Medio,BLANCO,Nunca ofrecido,Espacio blanco,31.2,C,18,30377.0,0.0,0.0,0.891,0.848,0.25,31.223,1.0,1.0,0.0,0.0,100.0,0.0,0,1,0.0,0.0,0.0,0.0,,,,,Sin anclaje en el portafolio actual de la cuenta; servicio con demanda activa en los ultimos meses.,Construir caso con benchmark de la industria antes de pitchear
Parque Arauco,PARQUE ARAUCO,Real Estate & Malls,Estrategica,ABCD Detector,ABCD Detector - Basic (20 Videos) per month,Creative Intelligence & GenAI,Creative Analytics,CSA - Tech,Recurrente,Bajo,BLANCO,Nunca ofrecido,Espacio blanco,31.2,C,19,3488.0,0.0,0.099,0.484,0.826,0.5,31.179,1.0,1.0,0.0,0.0,75.0,0.0,0,1,0.0,0.0,0.0,0.0,,,,,Servicio con demanda activa en los ultimos meses.,Cross-sell dentro del mismo pilar
SMU,SMU,Retail Supermercados,Emergente,Science Ad Hoc,Science Ad Hoc,Consultoria & Ad Hoc,Servicios Science,CSA - Science,Proyecto,Medio,BLANCO,Nunca ofrecido,Espacio blanco,31.2,C,22,30377.0,0.0,0.0,0.891,0.848,0.25,31.223,1.0,1.0,0.0,0.0,100.0,0.0,0,1,0.0,0.0,0.0,0.0,,,,,Sin anclaje en el portafolio actual de la cuenta; servicio con demanda activa en los ultimos meses.,Construir caso con benchmark de la industria antes de pitchear
Claro,CLARO,Telco,Estrategica,Investment Curves,Investment Curves (by conversion:channel),Measurement & Efectividad,Curvas de Inversion,CSA - Science,Proyecto,Bajo,BLANCO,Nunca ofrecido,Espacio blanco,31.0,C,16,1271.0,0.0,0.0,0.294,0.896,0.75,31.043,1.0,1.0,0.0,0.0,100.0,0.0,0,3,0.0,0.0,0.0,0.0,,,,,"Adyacente a measurement & efectividad, familia donde la cuenta ya compra; servicio con demanda activa en los ultimos meses.",Upsell directo sobre el servicio ya activo
Decathlon,DECATHLON,Retail Deportes,Emergente,Licencias GA4 360,Licencias GA4 360,Licencias & Plataformas,Licencias Analytics,CSA - Tech,Licencia,Alto,BLANCO,Nunca ofrecido,Espacio blanco,31.0,C,11,25314.0,0.0,0.083,0.857,0.951,0.1,31.001,1.0,1.0,0.0,0.0,100.0,0.0,0,1,0.0,0.0,0.0,0.0,,,,,Sin anclaje en el portafolio actual de la cuenta; servicio con demanda activa en los ultimos meses.,Construir caso con benchmark de la industria antes de pitchear
Enex,ENEX,Energia & Combustibles,Desarrollo,ABCD Detector,ABCD Detector - Basic (20 Videos) per month,Creative Intelligence & GenAI,Creative Analytics,CSA - Tech,Recurrente,Bajo,BLANCO,Nunca ofrecido,Espacio blanco,31.0,C,21,3488.0,0.0,0.093,0.484,0.826,0.5,31.041,1.0,1.0,0.0,0.0,75.0,0.0,0,4,0.0,0.0,0.0,0.0,,,,,Servicio con demanda activa en los ultimos meses.,Cross-sell dentro del mismo pilar
Escuela de Comercio y Servicio,ESCUELA DE COMERCIO Y SERVICIO,Educacion,Emergente,Licencias GA4 360,Licencias GA4 360,Licencias & Plataformas,Licencias Analytics,CSA - Tech,Licencia,Alto,BLANCO,Nunca ofrecido,Espacio blanco,31.0,C,11,25314.0,0.0,0.083,0.857,0.951,0.1,31.001,1.0,1.0,0.0,0.0,100.0,0.0,0,1,0.0,0.0,0.0,0.0,,,,,Sin anclaje en el portafolio actual de la cuenta; servicio con demanda activa en los ultimos meses.,Construir caso con benchmark de la industria antes de pitchear
Esmax,ESMAX,Energia & Combustibles,Desarrollo,Investment Curves,Investment Curves (by conversion:channel),Measurement & Efectividad,Curvas de Inversion,CSA - Science,Proyecto,Bajo,BLANCO,Nunca ofrecido,Espacio blanco,31.0,C,17,1271.0,0.0,0.0,0.294,0.896,0.75,31.043,1.0,1.0,0.0,0.0,100.0,0.0,0,4,0.0,0.0,0.0,0.0,,,,,"Adyacente a measurement & efectividad, familia donde la cuenta ya compra; servicio con demanda activa en los ultimos meses.",Upsell directo sobre el servicio ya activo
Polla Chilena,POLLA,Juegos & Entretenimiento,Emergente,Licencias GA4 360,Licencias GA4 360,Licencias & Plataformas,Licencias Analytics,CSA - Tech,Licencia,Alto,BLANCO,Nunca ofrecido,Espacio blanco,31.0,C,10,25314.0,0.0,0.083,0.857,0.951,0.1,31.001,1.0,1.0,0.0,0.0,100.0,0.0,0,1,0.0,0.0,0.0,0.0,,,,,Sin anclaje en el portafolio actual de la cuenta; servicio con demanda activa en los ultimos meses.,Construir caso con benchmark de la industria antes de pitchear
Gasco,GASCO,Energia & Combustibles,Emergente,C-GenIA Basic Anual,C-GenIA - Basic (200 images) Annual Subscription,Creative Intelligence & GenAI,Creative GenAI,CSA - Tech,Licencia,Medio,BLANCO,Nunca ofrecido,Espacio blanco,30.9,C,12,7919.0,0.299,0.0,0.638,0.858,0.1,30.948,1.0,1.0,3.4,0.5,100.0,0.0,0,4,0.0,0.0,0.0,0.0,,,,,Sin anclaje en el portafolio actual de la cuenta; servicio con demanda activa en los ultimos meses.,Construir caso con benchmark de la industria antes de pitchear
Inchcape Americas,INCHAPE AMERICAS,Automotriz,Desarrollo,C-GenIA Basic Anual,C-GenIA - Basic (200 images) Annual Subscription,Creative Intelligence & GenAI,Creative GenAI,CSA - Tech,Licencia,Medio,BLANCO,Nunca ofrecido,Espacio blanco,30.9,C,10,7919.0,0.299,0.0,0.638,0.858,0.1,30.948,1.0,1.0,3.4,0.5,100.0,0.0,0,4,0.0,0.0,0.0,0.0,,,,,Sin anclaje en el portafolio actual de la cuenta; servicio con demanda activa en los ultimos meses.,Construir caso con benchmark de la industria antes de pitchear
LATAM Airlines,LATAM AERLINES,Travel & Aerolineas,Desarrollo,C-GenIA Basic Anual,C-GenIA - Basic (200 images) Annual Subscription,Creative Intelligence & GenAI,Creative GenAI,CSA - Tech,Licencia,Medio,BLANCO,Nunca ofrecido,Espacio blanco,30.9,C,10,7919.0,0.299,0.0,0.638,0.858,0.1,30.948,1.0,1.0,3.4,0.5,100.0,0.0,0,2,0.0,0.0,0.0,0.0,,,,,Sin anclaje en el portafolio actual de la cuenta; servicio con demanda activa en los ultimos meses.,Construir caso con benchmark de la industria antes de pitchear
Lactalis,LACTALIS,CPG Alimentos,Emergente,C-GenIA Basic Anual,C-GenIA - Basic (200 images) Annual Subscription,Creative Intelligence & GenAI,Creative GenAI,CSA - Tech,Licencia,Medio,BLANCO,Nunca ofrecido,Espacio blanco,30.9,C,10,7919.0,0.299,0.0,0.638,0.858,0.1,30.948,1.0,1.0,3.4,0.5,100.0,0.0,0,2,0.0,0.0,0.0,0.0,,,,,Sin anclaje en el portafolio actual de la cuenta; servicio con demanda activa en los ultimos meses.,Construir caso con benchmark de la industria antes de pitchear
Sky Airline,SKY AIRLINE,Travel & Aerolineas,Emergente,C-GenIA Basic Anual,C-GenIA - Basic (200 images) Annual Subscription,Creative Intelligence & GenAI,Creative GenAI,CSA - Tech,Licencia,Medio,BLANCO,Nunca ofrecido,Espacio blanco,30.9,C,10,7919.0,0.299,0.0,0.638,0.858,0.1,30.948,1.0,1.0,3.4,0.5,100.0,0.0,0,2,0.0,0.0,0.0,0.0,,,,,Sin anclaje en el portafolio actual de la cuenta; servicio con demanda activa en los ultimos meses.,Construir caso con benchmark de la industria antes de pitchear
WOM,WOM,Telco,Desarrollo,C-GenIA Basic Anual,C-GenIA - Basic (200 images) Annual Subscription,Creative Intelligence & GenAI,Creative GenAI,CSA - Tech,Licencia,Medio,BLANCO,Nunca ofrecido,Espacio blanco,30.9,C,10,7919.0,0.299,0.0,0.638,0.858,0.1,30.948,1.0,1.0,3.4,0.5,100.0,0.0,0,3,0.0,0.0,0.0,0.0,,,,,Sin anclaje en el portafolio actual de la cuenta; servicio con demanda activa en los ultimos meses.,Construir caso con benchmark de la industria antes de pitchear
Watts,WATTS,CPG Alimentos,Desarrollo,C-GenIA Basic Anual,C-GenIA - Basic (200 images) Annual Subscription,Creative Intelligence & GenAI,Creative GenAI,CSA - Tech,Licencia,Medio,BLANCO,Nunca ofrecido,Espacio blanco,30.9,C,12,7919.0,0.299,0.0,0.638,0.858,0.1,30.948,1.0,1.0,3.4,0.5,100.0,0.0,0,2,0.0,0.0,0.0,0.0,,,,,Sin anclaje en el portafolio actual de la cuenta; servicio con demanda activa en los ultimos meses.,Construir caso con benchmark de la industria antes de pitchear
Enex,ENEX,Energia & Combustibles,Desarrollo,Tech Services Ad Hoc,Tech Services Ad Hoc,Consultoria & Ad Hoc,Servicios Tech,CSA - Tech,Proyecto,Bajo,PERDIDO,Ofrecido y perdido,Reactivacion,30.8,C,22,3814.0,0.289,0.086,0.501,0.906,0.75,44.059,0.7,1.0,6.9,0.222,81.8,0.0,0,4,0.0,0.0,1.0,1.0,2025-08-30,362.0,True,2025-08-30,"Adyacente a consultoria & ad hoc, familia donde la cuenta ya compra; servicio con demanda activa en los ultimos meses; se perdio hace 362 dias.",Re-pitchear con nuevo angulo (revisar motivo de perdida)
Copec Flux,COPEC FLUX,Energia & Combustibles,Estrategica,Curves Base Contract,Curves Base contract: 4 channels/2 updates,Measurement & Efectividad,Curvas de Inversion,CSA - Science,Recurrente,Medio,BLANCO,Nunca ofrecido,Espacio blanco,30.2,C,19,6892.0,0.141,0.0,0.612,0.902,0.25,30.225,1.0,1.0,0.0,0.35304166666666664,100.0,0.0,0,4,0.0,0.0,0.0,0.0,,,,,Sin anclaje en el portafolio actual de la cuenta; servicio con demanda activa en los ultimos meses.,Construir caso con benchmark de la industria antes de pitchear
Enex,ENEX,Energia & Combustibles,Desarrollo,Curves Base Contract,Curves Base contract: 4 channels/2 updates,Measurement & Efectividad,Curvas de Inversion,CSA - Science,Recurrente,Medio,BLANCO,Nunca ofrecido,Espacio blanco,30.2,C,23,6892.0,0.141,0.0,0.612,0.902,0.25,30.225,1.0,1.0,0.0,0.35304166666666664,100.0,0.0,0,4,0.0,0.0,0.0,0.0,,,,,Sin anclaje en el portafolio actual de la cuenta; servicio con demanda activa en los ultimos meses.,Construir caso con benchmark de la industria antes de pitchear
Gildemeister,GILDEMEISTER,Automotriz,Estrategica,Curves Base Contract,Curves Base contract: 4 channels/2 updates,Measurement & Efectividad,Curvas de Inversion,CSA - Science,Recurrente,Medio,BLANCO,Nunca ofrecido,Espacio blanco,30.2,C,17,6892.0,0.141,0.0,0.612,0.902,0.25,30.225,1.0,1.0,0.0,0.35304166666666664,100.0,0.0,0,4,0.0,0.0,0.0,0.0,,,,,Sin anclaje en el portafolio actual de la cuenta; servicio con demanda activa en los ultimos meses.,Construir caso con benchmark de la industria antes de pitchear
Indumotora,INDUMOTORA,Automotriz,Estrategica,Curves Base Contract,Curves Base contract: 4 channels/2 updates,Measurement & Efectividad,Curvas de Inversion,CSA - Science,Recurrente,Medio,BLANCO,Nunca ofrecido,Espacio blanco,30.2,C,18,6892.0,0.141,0.0,0.612,0.902,0.25,30.225,1.0,1.0,0.0,0.35304166666666664,100.0,0.0,0,4,0.0,0.0,0.0,0.0,,,,,Sin anclaje en el portafolio actual de la cuenta; servicio con demanda activa en los ultimos meses.,Construir caso con benchmark de la industria antes de pitchear
Parque Arauco,PARQUE ARAUCO,Real Estate & Malls,Estrategica,Curves Base Contract,Curves Base contract: 4 channels/2 updates,Measurement & Efectividad,Curvas de Inversion,CSA - Science,Recurrente,Medio,BLANCO,Nunca ofrecido,Espacio blanco,30.2,C,20,6892.0,0.141,0.0,0.612,0.902,0.25,30.225,1.0,1.0,0.0,0.35304166666666664,100.0,0.0,0,1,0.0,0.0,0.0,0.0,,,,,Sin anclaje en el portafolio actual de la cuenta; servicio con demanda activa en los ultimos meses.,Construir caso con benchmark de la industria antes de pitchear
Porsche Group,PORSCHE GROUP,Automotriz,Desarrollo,Curves Base Contract,Curves Base contract: 4 channels/2 updates,Measurement & Efectividad,Curvas de Inversion,CSA - Science,Recurrente,Medio,BLANCO,Nunca ofrecido,Espacio blanco,30.2,C,23,6892.0,0.141,0.0,0.612,0.902,0.25,30.225,1.0,1.0,0.0,0.35304166666666664,100.0,0.0,0,4,0.0,0.0,0.0,0.0,,,,,Sin anclaje en el portafolio actual de la cuenta; servicio con demanda activa en los ultimos meses.,Construir caso con benchmark de la industria antes de pitchear
SMU,SMU,Retail Supermercados,Emergente,Curves Base Contract,Curves Base contract: 4 channels/2 updates,Measurement & Efectividad,Curvas de Inversion,CSA - Science,Recurrente,Medio,BLANCO,Nunca ofrecido,Espacio blanco,30.2,C,23,6892.0,0.141,0.0,0.612,0.902,0.25,30.225,1.0,1.0,0.0,0.35304166666666664,100.0,0.0,0,1,0.0,0.0,0.0,0.0,,,,,Sin anclaje en el portafolio actual de la cuenta; servicio con demanda activa en los ultimos meses.,Construir caso con benchmark de la industria antes de pitchear
TUA,TUA,Por clasificar,Emergente,Curves Base Contract,Curves Base contract: 4 channels/2 updates,Measurement & Efectividad,Curvas de Inversion,CSA - Science,Recurrente,Medio,BLANCO,Nunca ofrecido,Espacio blanco,30.2,C,21,6892.0,0.141,0.0,0.612,0.902,0.25,30.225,1.0,1.0,0.0,0.35304166666666664,100.0,0.0,0,1,0.0,0.0,0.0,0.0,,,,,Sin anclaje en el portafolio actual de la cuenta; servicio con demanda activa en los ultimos meses.,Construir caso con benchmark de la industria antes de pitchear
Telefonica,TELEFONICA,Telco,Estrategica,Curves Base Contract,Curves Base contract: 4 channels/2 updates,Measurement & Efectividad,Curvas de Inversion,CSA - Science,Recurrente,Medio,BLANCO,Nunca ofrecido,Espacio blanco,30.2,C,19,6892.0,0.141,0.0,0.612,0.902,0.25,30.225,1.0,1.0,0.0,0.35304166666666664,100.0,0.0,0,3,0.0,0.0,0.0,0.0,,,,,Sin anclaje en el portafolio actual de la cuenta; servicio con demanda activa en los ultimos meses.,Construir caso con benchmark de la industria antes de pitchear
PC Factory,PC FACTORY,Retail Electro,Emergente,Licencias GA4 360,Licencias GA4 360,Licencias & Plataformas,Licencias Analytics,CSA - Tech,Licencia,Alto,BLANCO,Nunca ofrecido,Espacio blanco,30.1,C,12,25314.0,0.0,0.048,0.857,0.951,0.1,30.073,1.0,1.0,0.0,0.0,100.0,0.0,0,1,0.0,0.0,0.0,0.0,,,,,Sin anclaje en el portafolio actual de la cuenta; servicio con demanda activa en los ultimos meses.,Construir caso con benchmark de la industria antes de pitchear
PJ Chile SpA,PJ CHILE SPA,Food & QSR,Emergente,Licencias GA4 360,Licencias GA4 360,Licencias & Plataformas,Licencias Analytics,CSA - Tech,Licencia,Alto,BLANCO,Nunca ofrecido,Espacio blanco,30.1,C,11,25314.0,0.0,0.048,0.857,0.951,0.1,30.073,1.0,1.0,0.0,0.0,100.0,0.0,0,1,0.0,0.0,0.0,0.0,,,,,Sin anclaje en el portafolio actual de la cuenta; servicio con demanda activa en los ultimos meses.,Construir caso con benchmark de la industria antes de pitchear
Tricot,TRICOT,Retail Vestuario,Emergente,Licencias GA4 360,Licencias GA4 360,Licencias & Plataformas,Licencias Analytics,CSA - Tech,Licencia,Alto,BLANCO,Nunca ofrecido,Espacio blanco,30.1,C,11,25314.0,0.0,0.048,0.857,0.951,0.1,30.073,1.0,1.0,0.0,0.0,100.0,0.0,0,1,0.0,0.0,0.0,0.0,,,,,Sin anclaje en el portafolio actual de la cuenta; servicio con demanda activa en los ultimos meses.,Construir caso con benchmark de la industria antes de pitchear
Cruz Verde,CRUZ VERDE,Retail Farmacia,Emergente,MMM Lite,MMM Lite,Measurement & Efectividad,Marketing Mix Modeling,CSA - Science,Proyecto,Alto,BLANCO,Nunca ofrecido,Espacio blanco,29.9,C,10,16312.0,0.165,0.016,0.774,0.802,0.1,29.932,1.0,1.0,3.4,0.167,100.0,0.0,0,1,0.0,0.0,0.0,0.0,,,,,Sin anclaje en el portafolio actual de la cuenta; servicio con demanda activa en los ultimos meses.,Construir caso con benchmark de la industria antes de pitchear
Decathlon,DECATHLON,Retail Deportes,Emergente,MMM Lite,MMM Lite,Measurement & Efectividad,Marketing Mix Modeling,CSA - Science,Proyecto,Alto,BLANCO,Nunca ofrecido,Espacio blanco,29.9,C,12,16312.0,0.165,0.016,0.774,0.802,0.1,29.932,1.0,1.0,3.4,0.167,100.0,0.0,0,1,0.0,0.0,0.0,0.0,,,,,Sin anclaje en el portafolio actual de la cuenta; servicio con demanda activa en los ultimos meses.,Construir caso con benchmark de la industria antes de pitchear
Enex,ENEX,Energia & Combustibles,Desarrollo,BI Services,BI Services,Analytics & Optimizacion Digital,Business Intelligence,CSA - Tech,Proyecto,Bajo,BLANCO,Nunca ofrecido,Espacio blanco,29.9,C,24,266.0,0.299,0.041,0.0,0.968,0.5,29.86,1.0,1.0,3.4,0.5,100.0,0.0,0,4,0.0,0.0,0.0,0.0,,,,,Servicio con demanda activa en los ultimos meses.,Cross-sell dentro del mismo pilar
Escuela de Comercio y Servicio,ESCUELA DE COMERCIO Y SERVICIO,Educacion,Emergente,MMM Lite,MMM Lite,Measurement & Efectividad,Marketing Mix Modeling,CSA - Science,Proyecto,Alto,BLANCO,Nunca ofrecido,Espacio blanco,29.9,C,12,16312.0,0.165,0.016,0.774,0.802,0.1,29.932,1.0,1.0,3.4,0.167,100.0,0.0,0,1,0.0,0.0,0.0,0.0,,,,,Sin anclaje en el portafolio actual de la cuenta; servicio con demanda activa en los ultimos meses.,Construir caso con benchmark de la industria antes de pitchear
GAES,GAES,Salud,Emergente,MMM Lite,MMM Lite,Measurement & Efectividad,Marketing Mix Modeling,CSA - Science,Proyecto,Alto,BLANCO,Nunca ofrecido,Espacio blanco,29.9,C,10,16312.0,0.165,0.016,0.774,0.802,0.1,29.932,1.0,1.0,3.4,0.167,100.0,0.0,0,1,0.0,0.0,0.0,0.0,,,,,Sin anclaje en el portafolio actual de la cuenta; servicio con demanda activa en los ultimos meses.,Construir caso con benchmark de la industria antes de pitchear
PJ Chile SpA,PJ CHILE SPA,Food & QSR,Emergente,MMM Lite,MMM Lite,Measurement & Efectividad,Marketing Mix Modeling,CSA - Science,Proyecto,Alto,BLANCO,Nunca ofrecido,Espacio blanco,29.9,C,12,16312.0,0.165,0.016,0.774,0.802,0.1,29.932,1.0,1.0,3.4,0.167,100.0,0.0,0,1,0.0,0.0,0.0,0.0,,,,,Sin anclaje en el portafolio actual de la cuenta; servicio con demanda activa en los ultimos meses.,Construir caso con benchmark de la industria antes de pitchear
Polla Chilena,POLLA,Juegos & Entretenimiento,Emergente,MMM Lite,MMM Lite,Measurement & Efectividad,Marketing Mix Modeling,CSA - Science,Proyecto,Alto,BLANCO,Nunca ofrecido,Espacio blanco,29.9,C,11,16312.0,0.165,0.016,0.774,0.802,0.1,29.932,1.0,1.0,3.4,0.167,100.0,0.0,0,1,0.0,0.0,0.0,0.0,,,,,Sin anclaje en el portafolio actual de la cuenta; servicio con demanda activa en los ultimos meses.,Construir caso con benchmark de la industria antes de pitchear
Reckitt,RECKITT,CPG Cuidado Personal,Emergente,MMM Lite,MMM Lite,Measurement & Efectividad,Marketing Mix Modeling,CSA - Science,Proyecto,Alto,BLANCO,Nunca ofrecido,Espacio blanco,29.9,C,10,16312.0,0.165,0.016,0.774,0.802,0.1,29.932,1.0,1.0,3.4,0.167,100.0,0.0,0,1,0.0,0.0,0.0,0.0,,,,,Sin anclaje en el portafolio actual de la cuenta; servicio con demanda activa en los ultimos meses.,Construir caso con benchmark de la industria antes de pitchear
Tenpo,TENPO,Fintech & Banca,Emergente,MMM Lite,MMM Lite,Measurement & Efectividad,Marketing Mix Modeling,CSA - Science,Proyecto,Alto,BLANCO,Nunca ofrecido,Espacio blanco,29.9,C,12,16312.0,0.165,0.016,0.774,0.802,0.1,29.932,1.0,1.0,3.4,0.167,100.0,0.0,0,1,0.0,0.0,0.0,0.0,,,,,Sin anclaje en el portafolio actual de la cuenta; servicio con demanda activa en los ultimos meses.,Construir caso con benchmark de la industria antes de pitchear
Tricot,TRICOT,Retail Vestuario,Emergente,MMM Lite,MMM Lite,Measurement & Efectividad,Marketing Mix Modeling,CSA - Science,Proyecto,Alto,BLANCO,Nunca ofrecido,Espacio blanco,29.9,C,12,16312.0,0.165,0.016,0.774,0.802,0.1,29.932,1.0,1.0,3.4,0.167,100.0,0.0,0,1,0.0,0.0,0.0,0.0,,,,,Sin anclaje en el portafolio actual de la cuenta; servicio con demanda activa en los ultimos meses.,Construir caso con benchmark de la industria antes de pitchear
GAES,GAES,Salud,Emergente,C-GenIA,C-GenIA,Creative Intelligence & GenAI,Creative GenAI,CSA - Tech,Proyecto,Alto,BLANCO,Nunca ofrecido,Espacio blanco,29.8,C,11,18305.0,0.0,0.078,0.796,0.951,0.1,29.77,1.0,1.0,0.0,0.0,100.0,0.0,0,1,0.0,0.0,0.0,0.0,,,,,Sin anclaje en el portafolio actual de la cuenta; servicio con demanda activa en los ultimos meses.,Construir caso con benchmark de la industria antes de pitchear
Inchcape Americas,INCHAPE AMERICAS,Automotriz,Desarrollo,C-GenIA,C-GenIA,Creative Intelligence & GenAI,Creative GenAI,CSA - Tech,Proyecto,Alto,BLANCO,Nunca ofrecido,Espacio blanco,29.8,C,11,18305.0,0.0,0.078,0.796,0.951,0.1,29.77,1.0,1.0,0.0,0.0,100.0,0.0,0,4,0.0,0.0,0.0,0.0,,,,,Sin anclaje en el portafolio actual de la cuenta; servicio con demanda activa en los ultimos meses.,Construir caso con benchmark de la industria antes de pitchear
Reckitt,RECKITT,CPG Cuidado Personal,Emergente,C-GenIA,C-GenIA,Creative Intelligence & GenAI,Creative GenAI,CSA - Tech,Proyecto,Alto,BLANCO,Nunca ofrecido,Espacio blanco,29.8,C,11,18305.0,0.0,0.078,0.796,0.951,0.1,29.77,1.0,1.0,0.0,0.0,100.0,0.0,0,1,0.0,0.0,0.0,0.0,,,,,Sin anclaje en el portafolio actual de la cuenta; servicio con demanda activa en los ultimos meses.,Construir caso con benchmark de la industria antes de pitchear
Tenpo,TENPO,Fintech & Banca,Emergente,C-GenIA,C-GenIA,Creative Intelligence & GenAI,Creative GenAI,CSA - Tech,Proyecto,Alto,BLANCO,Nunca ofrecido,Espacio blanco,29.8,C,13,18305.0,0.0,0.078,0.796,0.951,0.1,29.77,1.0,1.0,0.0,0.0,100.0,0.0,0,1,0.0,0.0,0.0,0.0,,,,,Sin anclaje en el portafolio actual de la cuenta; servicio con demanda activa en los ultimos meses.,Construir caso con benchmark de la industria antes de pitchear
Verisure,VERISURE,Servicios Hogar & Seguridad,Desarrollo,C-GenIA,C-GenIA,Creative Intelligence & GenAI,Creative GenAI,CSA - Tech,Proyecto,Alto,BLANCO,Nunca ofrecido,Espacio blanco,29.8,C,12,18305.0,0.0,0.078,0.796,0.951,0.1,29.77,1.0,1.0,0.0,0.0,100.0,0.0,0,1,0.0,0.0,0.0,0.0,,,,,Sin anclaje en el portafolio actual de la cuenta; servicio con demanda activa en los ultimos meses.,Construir caso con benchmark de la industria antes de pitchear
WOM,WOM,Telco,Desarrollo,C-GenIA,C-GenIA,Creative Intelligence & GenAI,Creative GenAI,CSA - Tech,Proyecto,Alto,BLANCO,Nunca ofrecido,Espacio blanco,29.8,C,11,18305.0,0.0,0.078,0.796,0.951,0.1,29.77,1.0,1.0,0.0,0.0,100.0,0.0,0,3,0.0,0.0,0.0,0.0,,,,,Sin anclaje en el portafolio actual de la cuenta; servicio con demanda activa en los ultimos meses.,Construir caso con benchmark de la industria antes de pitchear
Cruz Verde,CRUZ VERDE,Retail Farmacia,Emergente,Tech Services Ad Hoc,Tech Services Ad Hoc,Consultoria & Ad Hoc,Servicios Tech,CSA - Tech,Proyecto,Bajo,BLANCO,Nunca ofrecido,Espacio blanco,29.6,C,11,3814.0,0.289,0.031,0.501,0.906,0.1,29.624,1.0,1.0,6.9,0.222,81.8,0.0,0,1,0.0,0.0,0.0,0.0,,,,,Sin anclaje en el portafolio actual de la cuenta; servicio con demanda activa en los ultimos meses.,Usar como abrepuertas de bajo ticket
GAES,GAES,Salud,Emergente,Tech Services Ad Hoc,Tech Services Ad Hoc,Consultoria & Ad Hoc,Servicios Tech,CSA - Tech,Proyecto,Bajo,BLANCO,Nunca ofrecido,Espacio blanco,29.6,C,12,3814.0,0.289,0.031,0.501,0.906,0.1,29.624,1.0,1.0,6.9,0.222,81.8,0.0,0,1,0.0,0.0,0.0,0.0,,,,,Sin anclaje en el portafolio actual de la cuenta; servicio con demanda activa en los ultimos meses.,Usar como abrepuertas de bajo ticket
Reckitt,RECKITT,CPG Cuidado Personal,Emergente,Tech Services Ad Hoc,Tech Services Ad Hoc,Consultoria & Ad Hoc,Servicios Tech,CSA - Tech,Proyecto,Bajo,BLANCO,Nunca ofrecido,Espacio blanco,29.6,C,12,3814.0,0.289,0.031,0.501,0.906,0.1,29.624,1.0,1.0,6.9,0.222,81.8,0.0,0,1,0.0,0.0,0.0,0.0,,,,,Sin anclaje en el portafolio actual de la cuenta; servicio con demanda activa en los ultimos meses.,Usar como abrepuertas de bajo ticket
LATAM Airlines,LATAM AERLINES,Travel & Aerolineas,Desarrollo,MMM Lite,MMM Lite,Measurement & Efectividad,Marketing Mix Modeling,CSA - Science,Proyecto,Alto,BLANCO,Nunca ofrecido,Espacio blanco,29.5,C,11,16312.0,0.165,0.0,0.774,0.802,0.1,29.529,1.0,1.0,3.4,0.167,100.0,0.0,0,2,0.0,0.0,0.0,0.0,,,,,Sin anclaje en el portafolio actual de la cuenta; servicio con demanda activa en los ultimos meses.,Construir caso con benchmark de la industria antes de pitchear
Lactalis,LACTALIS,CPG Alimentos,Emergente,MMM Lite,MMM Lite,Measurement & Efectividad,Marketing Mix Modeling,CSA - Science,Proyecto,Alto,BLANCO,Nunca ofrecido,Espacio blanco,29.5,C,11,16312.0,0.165,0.0,0.774,0.802,0.1,29.529,1.0,1.0,3.4,0.167,100.0,0.0,0,2,0.0,0.0,0.0,0.0,,,,,Sin anclaje en el portafolio actual de la cuenta; servicio con demanda activa en los ultimos meses.,Construir caso con benchmark de la industria antes de pitchear
Sky Airline,SKY AIRLINE,Travel & Aerolineas,Emergente,MMM Lite,MMM Lite,Measurement & Efectividad,Marketing Mix Modeling,CSA - Science,Proyecto,Alto,BLANCO,Nunca ofrecido,Espacio blanco,29.5,C,11,16312.0,0.165,0.0,0.774,0.802,0.1,29.529,1.0,1.0,3.4,0.167,100.0,0.0,0,2,0.0,0.0,0.0,0.0,,,,,Sin anclaje en el portafolio actual de la cuenta; servicio con demanda activa en los ultimos meses.,Construir caso con benchmark de la industria antes de pitchear
WOM,WOM,Telco,Desarrollo,MMM Lite,MMM Lite,Measurement & Efectividad,Marketing Mix Modeling,CSA - Science,Proyecto,Alto,BLANCO,Nunca ofrecido,Espacio blanco,29.5,C,12,16312.0,0.165,0.0,0.774,0.802,0.1,29.529,1.0,1.0,3.4,0.167,100.0,0.0,0,3,0.0,0.0,0.0,0.0,,,,,Sin anclaje en el portafolio actual de la cuenta; servicio con demanda activa en los ultimos meses.,Construir caso con benchmark de la industria antes de pitchear
Decathlon,DECATHLON,Retail Deportes,Emergente,C-GenIA,C-GenIA,Creative Intelligence & GenAI,Creative GenAI,CSA - Tech,Proyecto,Alto,BLANCO,Nunca ofrecido,Espacio blanco,29.4,C,13,18305.0,0.0,0.063,0.796,0.951,0.1,29.364,1.0,1.0,0.0,0.0,100.0,0.0,0,1,0.0,0.0,0.0,0.0,,,,,Sin anclaje en el portafolio actual de la cuenta; servicio con demanda activa en los ultimos meses.,Construir caso con benchmark de la industria antes de pitchear
Escuela de Comercio y Servicio,ESCUELA DE COMERCIO Y SERVICIO,Educacion,Emergente,C-GenIA,C-GenIA,Creative Intelligence & GenAI,Creative GenAI,CSA - Tech,Proyecto,Alto,BLANCO,Nunca ofrecido,Espacio blanco,29.4,C,13,18305.0,0.0,0.063,0.796,0.951,0.1,29.364,1.0,1.0,0.0,0.0,100.0,0.0,0,1,0.0,0.0,0.0,0.0,,,,,Sin anclaje en el portafolio actual de la cuenta; servicio con demanda activa en los ultimos meses.,Construir caso con benchmark de la industria antes de pitchear
Polla Chilena,POLLA,Juegos & Entretenimiento,Emergente,C-GenIA,C-GenIA,Creative Intelligence & GenAI,Creative GenAI,CSA - Tech,Proyecto,Alto,BLANCO,Nunca ofrecido,Espacio blanco,29.4,C,12,18305.0,0.0,0.063,0.796,0.951,0.1,29.364,1.0,1.0,0.0,0.0,100.0,0.0,0,1,0.0,0.0,0.0,0.0,,,,,Sin anclaje en el portafolio actual de la cuenta; servicio con demanda activa en los ultimos meses.,Construir caso con benchmark de la industria antes de pitchear
Cruz Verde,CRUZ VERDE,Retail Farmacia,Emergente,Nested (MMM + BEM),Nested (MMM + BEM) without Data Collection,Measurement & Efectividad,Marketing Mix Modeling,CSA - Science,Proyecto,Alto,BLANCO,Nunca ofrecido,Espacio blanco,29.3,C,12,28181.0,0.0,0.0,0.877,0.963,0.1,29.346,1.0,1.0,0.0,0.0,100.0,0.0,0,1,0.0,0.0,0.0,0.0,,,,,Sin anclaje en el portafolio actual de la cuenta; servicio con demanda activa en los ultimos meses.,Construir caso con benchmark de la industria antes de pitchear
Decathlon,DECATHLON,Retail Deportes,Emergente,Nested (MMM + BEM),Nested (MMM + BEM) without Data Collection,Measurement & Efectividad,Marketing Mix Modeling,CSA - Science,Proyecto,Alto,BLANCO,Nunca ofrecido,Espacio blanco,29.3,C,14,28181.0,0.0,0.0,0.877,0.963,0.1,29.346,1.0,1.0,0.0,0.0,100.0,0.0,0,1,0.0,0.0,0.0,0.0,,,,,Sin anclaje en el portafolio actual de la cuenta; servicio con demanda activa en los ultimos meses.,Construir caso con benchmark de la industria antes de pitchear
Escuela de Comercio y Servicio,ESCUELA DE COMERCIO Y SERVICIO,Educacion,Emergente,Nested (MMM + BEM),Nested (MMM + BEM) without Data Collection,Measurement & Efectividad,Marketing Mix Modeling,CSA - Science,Proyecto,Alto,BLANCO,Nunca ofrecido,Espacio blanco,29.3,C,14,28181.0,0.0,0.0,0.877,0.963,0.1,29.346,1.0,1.0,0.0,0.0,100.0,0.0,0,1,0.0,0.0,0.0,0.0,,,,,Sin anclaje en el portafolio actual de la cuenta; servicio con demanda activa en los ultimos meses.,Construir caso con benchmark de la industria antes de pitchear
Esmax,ESMAX,Energia & Combustibles,Desarrollo,VIGenAIr,VIGenAIr,Creative Intelligence & GenAI,Video GenAI,CSA - Tech,Proyecto,Medio,BLANCO,Nunca ofrecido,Espacio blanco,29.3,C,18,4945.0,0.141,0.0,0.55,0.921,0.25,29.33,1.0,1.0,0.0,0.35304166666666664,100.0,0.0,0,4,0.0,0.0,0.0,0.0,,,,,Sin anclaje en el portafolio actual de la cuenta; servicio con demanda activa en los ultimos meses.,Construir caso con benchmark de la industria antes de pitchear
GAES,GAES,Salud,Emergente,Nested (MMM + BEM),Nested (MMM + BEM) without Data Collection,Measurement & Efectividad,Marketing Mix Modeling,CSA - Science,Proyecto,Alto,BLANCO,Nunca ofrecido,Espacio blanco,29.3,C,13,28181.0,0.0,0.0,0.877,0.963,0.1,29.346,1.0,1.0,0.0,0.0,100.0,0.0,0,1,0.0,0.0,0.0,0.0,,,,,Sin anclaje en el portafolio actual de la cuenta; servicio con demanda activa en los ultimos meses.,Construir caso con benchmark de la industria antes de pitchear
Gasco,GASCO,Energia & Combustibles,Emergente,Nested (MMM + BEM),Nested (MMM + BEM) without Data Collection,Measurement & Efectividad,Marketing Mix Modeling,CSA - Science,Proyecto,Alto,BLANCO,Nunca ofrecido,Espacio blanco,29.3,C,13,28181.0,0.0,0.0,0.877,0.963,0.1,29.346,1.0,1.0,0.0,0.0,100.0,0.0,0,4,0.0,0.0,0.0,0.0,,,,,Sin anclaje en el portafolio actual de la cuenta; servicio con demanda activa en los ultimos meses.,Construir caso con benchmark de la industria antes de pitchear
Inchcape Americas,INCHAPE AMERICAS,Automotriz,Desarrollo,Nested (MMM + BEM),Nested (MMM + BEM) without Data Collection,Measurement & Efectividad,Marketing Mix Modeling,CSA - Science,Proyecto,Alto,BLANCO,Nunca ofrecido,Espacio blanco,29.3,C,12,28181.0,0.0,0.0,0.877,0.963,0.1,29.346,1.0,1.0,0.0,0.0,100.0,0.0,0,4,0.0,0.0,0.0,0.0,,,,,Sin anclaje en el portafolio actual de la cuenta; servicio con demanda activa en los ultimos meses.,Construir caso con benchmark de la industria antes de pitchear
Lactalis,LACTALIS,CPG Alimentos,Emergente,Nested (MMM + BEM),Nested (MMM + BEM) without Data Collection,Measurement & Efectividad,Marketing Mix Modeling,CSA - Science,Proyecto,Alto,BLANCO,Nunca ofrecido,Espacio blanco,29.3,C,12,28181.0,0.0,0.0,0.877,0.963,0.1,29.346,1.0,1.0,0.0,0.0,100.0,0.0,0,2,0.0,0.0,0.0,0.0,,,,,Sin anclaje en el portafolio actual de la cuenta; servicio con demanda activa en los ultimos meses.,Construir caso con benchmark de la industria antes de pitchear
PC Factory,PC FACTORY,Retail Electro,Emergente,C-GenIA,C-GenIA,Creative Intelligence & GenAI,Creative GenAI,CSA - Tech,Proyecto,Alto,BLANCO,Nunca ofrecido,Espacio blanco,29.3,C,13,18305.0,0.0,0.059,0.796,0.951,0.1,29.26,1.0,1.0,0.0,0.0,100.0,0.0,0,1,0.0,0.0,0.0,0.0,,,,,Sin anclaje en el portafolio actual de la cuenta; servicio con demanda activa en los ultimos meses.,Construir caso con benchmark de la industria antes de pitchear
PC Factory,PC FACTORY,Retail Electro,Emergente,Nested (MMM + BEM),Nested (MMM + BEM) without Data Collection,Measurement & Efectividad,Marketing Mix Modeling,CSA - Science,Proyecto,Alto,BLANCO,Nunca ofrecido,Espacio blanco,29.3,C,14,28181.0,0.0,0.0,0.877,0.963,0.1,29.346,1.0,1.0,0.0,0.0,100.0,0.0,0,1,0.0,0.0,0.0,0.0,,,,,Sin anclaje en el portafolio actual de la cuenta; servicio con demanda activa en los ultimos meses.,Construir caso con benchmark de la industria antes de pitchear
PJ Chile SpA,PJ CHILE SPA,Food & QSR,Emergente,Nested (MMM + BEM),Nested (MMM + BEM) without Data Collection,Measurement & Efectividad,Marketing Mix Modeling,CSA - Science,Proyecto,Alto,BLANCO,Nunca ofrecido,Espacio blanco,29.3,C,13,28181.0,0.0,0.0,0.877,0.963,0.1,29.346,1.0,1.0,0.0,0.0,100.0,0.0,0,1,0.0,0.0,0.0,0.0,,,,,Sin anclaje en el portafolio actual de la cuenta; servicio con demanda activa en los ultimos meses.,Construir caso con benchmark de la industria antes de pitchear
Polla Chilena,POLLA,Juegos & Entretenimiento,Emergente,Nested (MMM + BEM),Nested (MMM + BEM) without Data Collection,Measurement & Efectividad,Marketing Mix Modeling,CSA - Science,Proyecto,Alto,BLANCO,Nunca ofrecido,Espacio blanco,29.3,C,13,28181.0,0.0,0.0,0.877,0.963,0.1,29.346,1.0,1.0,0.0,0.0,100.0,0.0,0,1,0.0,0.0,0.0,0.0,,,,,Sin anclaje en el portafolio actual de la cuenta; servicio con demanda activa en los ultimos meses.,Construir caso con benchmark de la industria antes de pitchear
Reckitt,RECKITT,CPG Cuidado Personal,Emergente,Nested (MMM + BEM),Nested (MMM + BEM) without Data Collection,Measurement & Efectividad,Marketing Mix Modeling,CSA - Science,Proyecto,Alto,BLANCO,Nunca ofrecido,Espacio blanco,29.3,C,13,28181.0,0.0,0.0,0.877,0.963,0.1,29.346,1.0,1.0,0.0,0.0,100.0,0.0,0,1,0.0,0.0,0.0,0.0,,,,,Sin anclaje en el portafolio actual de la cuenta; servicio con demanda activa en los ultimos meses.,Construir caso con benchmark de la industria antes de pitchear
Tenpo,TENPO,Fintech & Banca,Emergente,Nested (MMM + BEM),Nested (MMM + BEM) without Data Collection,Measurement & Efectividad,Marketing Mix Modeling,CSA - Science,Proyecto,Alto,BLANCO,Nunca ofrecido,Espacio blanco,29.3,C,14,28181.0,0.0,0.0,0.877,0.963,0.1,29.346,1.0,1.0,0.0,0.0,100.0,0.0,0,1,0.0,0.0,0.0,0.0,,,,,Sin anclaje en el portafolio actual de la cuenta; servicio con demanda activa en los ultimos meses.,Construir caso con benchmark de la industria antes de pitchear
Tricot,TRICOT,Retail Vestuario,Emergente,Nested (MMM + BEM),Nested (MMM + BEM) without Data Collection,Measurement & Efectividad,Marketing Mix Modeling,CSA - Science,Proyecto,Alto,BLANCO,Nunca ofrecido,Espacio blanco,29.3,C,13,28181.0,0.0,0.0,0.877,0.963,0.1,29.346,1.0,1.0,0.0,0.0,100.0,0.0,0,1,0.0,0.0,0.0,0.0,,,,,Sin anclaje en el portafolio actual de la cuenta; servicio con demanda activa en los ultimos meses.,Construir caso con benchmark de la industria antes de pitchear
Verisure,VERISURE,Servicios Hogar & Seguridad,Desarrollo,Nested (MMM + BEM),Nested (MMM + BEM) without Data Collection,Measurement & Efectividad,Marketing Mix Modeling,CSA - Science,Proyecto,Alto,BLANCO,Nunca ofrecido,Espacio blanco,29.3,C,13,28181.0,0.0,0.0,0.877,0.963,0.1,29.346,1.0,1.0,0.0,0.0,100.0,0.0,0,1,0.0,0.0,0.0,0.0,,,,,Sin anclaje en el portafolio actual de la cuenta; servicio con demanda activa en los ultimos meses.,Construir caso con benchmark de la industria antes de pitchear
WOM,WOM,Telco,Desarrollo,Nested (MMM + BEM),Nested (MMM + BEM) without Data Collection,Measurement & Efectividad,Marketing Mix Modeling,CSA - Science,Proyecto,Alto,BLANCO,Nunca ofrecido,Espacio blanco,29.3,C,13,28181.0,0.0,0.0,0.877,0.963,0.1,29.346,1.0,1.0,0.0,0.0,100.0,0.0,0,3,0.0,0.0,0.0,0.0,,,,,Sin anclaje en el portafolio actual de la cuenta; servicio con demanda activa en los ultimos meses.,Construir caso con benchmark de la industria antes de pitchear
Watts,WATTS,CPG Alimentos,Desarrollo,Nested (MMM + BEM),Nested (MMM + BEM) without Data Collection,Measurement & Efectividad,Marketing Mix Modeling,CSA - Science,Proyecto,Alto,BLANCO,Nunca ofrecido,Espacio blanco,29.3,C,13,28181.0,0.0,0.0,0.877,0.963,0.1,29.346,1.0,1.0,0.0,0.0,100.0,0.0,0,2,0.0,0.0,0.0,0.0,,,,,Sin anclaje en el portafolio actual de la cuenta; servicio con demanda activa en los ultimos meses.,Construir caso con benchmark de la industria antes de pitchear
Copec Flux,COPEC FLUX,Energia & Combustibles,Estrategica,MIM Bayesiano,MIM Bayesiano,Measurement & Efectividad,Marketing Mix Modeling,CSA - Science,Proyecto,Alto,BLANCO,Nunca ofrecido,Espacio blanco,29.2,C,20,34348.0,0.0,0.0,0.914,0.648,0.25,29.239,1.0,1.0,0.0,0.0,50.0,0.0,0,4,0.0,0.0,0.0,0.0,,,,,Sin anclaje en el portafolio actual de la cuenta.,Construir caso con benchmark de la industria antes de pitchear
Enex,ENEX,Energia & Combustibles,Desarrollo,MIM Bayesiano,MIM Bayesiano,Measurement & Efectividad,Marketing Mix Modeling,CSA - Science,Proyecto,Alto,BLANCO,Nunca ofrecido,Espacio blanco,29.2,C,25,34348.0,0.0,0.0,0.914,0.648,0.25,29.239,1.0,1.0,0.0,0.0,50.0,0.0,0,4,0.0,0.0,0.0,0.0,,,,,Sin anclaje en el portafolio actual de la cuenta.,Construir caso con benchmark de la industria antes de pitchear
Gildemeister,GILDEMEISTER,Automotriz,Estrategica,MIM Bayesiano,MIM Bayesiano,Measurement & Efectividad,Marketing Mix Modeling,CSA - Science,Proyecto,Alto,BLANCO,Nunca ofrecido,Espacio blanco,29.2,C,18,34348.0,0.0,0.0,0.914,0.648,0.25,29.239,1.0,1.0,0.0,0.0,50.0,0.0,0,4,0.0,0.0,0.0,0.0,,,,,Sin anclaje en el portafolio actual de la cuenta.,Construir caso con benchmark de la industria antes de pitchear
Indumotora,INDUMOTORA,Automotriz,Estrategica,MIM Bayesiano,MIM Bayesiano,Measurement & Efectividad,Marketing Mix Modeling,CSA - Science,Proyecto,Alto,BLANCO,Nunca ofrecido,Espacio blanco,29.2,C,19,34348.0,0.0,0.0,0.914,0.648,0.25,29.239,1.0,1.0,0.0,0.0,50.0,0.0,0,4,0.0,0.0,0.0,0.0,,,,,Sin anclaje en el portafolio actual de la cuenta.,Construir caso con benchmark de la industria antes de pitchear
Parque Arauco,PARQUE ARAUCO,Real Estate & Malls,Estrategica,BI Services,BI Services,Analytics & Optimizacion Digital,Business Intelligence,CSA - Tech,Proyecto,Bajo,BLANCO,Nunca ofrecido,Espacio blanco,29.2,C,21,266.0,0.299,0.016,0.0,0.968,0.5,29.186,1.0,1.0,3.4,0.5,100.0,0.0,0,1,0.0,0.0,0.0,0.0,,,,,Servicio con demanda activa en los ultimos meses.,Cross-sell dentro del mismo pilar
Parque Arauco,PARQUE ARAUCO,Real Estate & Malls,Estrategica,MIM Bayesiano,MIM Bayesiano,Measurement & Efectividad,Marketing Mix Modeling,CSA - Science,Proyecto,Alto,BLANCO,Nunca ofrecido,Espacio blanco,29.2,C,22,34348.0,0.0,0.0,0.914,0.648,0.25,29.239,1.0,1.0,0.0,0.0,50.0,0.0,0,1,0.0,0.0,0.0,0.0,,,,,Sin anclaje en el portafolio actual de la cuenta.,Construir caso con benchmark de la industria antes de pitchear
Porsche Group,PORSCHE GROUP,Automotriz,Desarrollo,MIM Bayesiano,MIM Bayesiano,Measurement & Efectividad,Marketing Mix Modeling,CSA - Science,Proyecto,Alto,BLANCO,Nunca ofrecido,Espacio blanco,29.2,C,24,34348.0,0.0,0.0,0.914,0.648,0.25,29.239,1.0,1.0,0.0,0.0,50.0,0.0,0,4,0.0,0.0,0.0,0.0,,,,,Sin anclaje en el portafolio actual de la cuenta.,Construir caso con benchmark de la industria antes de pitchear
SMU,SMU,Retail Supermercados,Emergente,BI Services,BI Services,Analytics & Optimizacion Digital,Business Intelligence,CSA - Tech,Proyecto,Bajo,BLANCO,Nunca ofrecido,Espacio blanco,29.2,C,24,266.0,0.299,0.016,0.0,0.968,0.5,29.186,1.0,1.0,3.4,0.5,100.0,0.0,0,1,0.0,0.0,0.0,0.0,,,,,Servicio con demanda activa en los ultimos meses.,Cross-sell dentro del mismo pilar
SMU,SMU,Retail Supermercados,Emergente,MIM Bayesiano,MIM Bayesiano,Measurement & Efectividad,Marketing Mix Modeling,CSA - Science,Proyecto,Alto,BLANCO,Nunca ofrecido,Espacio blanco,29.2,C,25,34348.0,0.0,0.0,0.914,0.648,0.25,29.239,1.0,1.0,0.0,0.0,50.0,0.0,0,1,0.0,0.0,0.0,0.0,,,,,Sin anclaje en el portafolio actual de la cuenta.,Construir caso con benchmark de la industria antes de pitchear
TUA,TUA,Por clasificar,Emergente,BI Services,BI Services,Analytics & Optimizacion Digital,Business Intelligence,CSA - Tech,Proyecto,Bajo,BLANCO,Nunca ofrecido,Espacio blanco,29.2,C,22,266.0,0.299,0.016,0.0,0.968,0.5,29.186,1.0,1.0,3.4,0.5,100.0,0.0,0,1,0.0,0.0,0.0,0.0,,,,,Servicio con demanda activa en los ultimos meses.,Cross-sell dentro del mismo pilar
TUA,TUA,Por clasificar,Emergente,MIM Bayesiano,MIM Bayesiano,Measurement & Efectividad,Marketing Mix Modeling,CSA - Science,Proyecto,Alto,BLANCO,Nunca ofrecido,Espacio blanco,29.2,C,23,34348.0,0.0,0.0,0.914,0.648,0.25,29.239,1.0,1.0,0.0,0.0,50.0,0.0,0,1,0.0,0.0,0.0,0.0,,,,,Sin anclaje en el portafolio actual de la cuenta.,Construir caso con benchmark de la industria antes de pitchear
Telefonica,TELEFONICA,Telco,Estrategica,MIM Bayesiano,MIM Bayesiano,Measurement & Efectividad,Marketing Mix Modeling,CSA - Science,Proyecto,Alto,BLANCO,Nunca ofrecido,Espacio blanco,29.2,C,20,34348.0,0.0,0.0,0.914,0.648,0.25,29.239,1.0,1.0,0.0,0.0,50.0,0.0,0,3,0.0,0.0,0.0,0.0,,,,,Sin anclaje en el portafolio actual de la cuenta.,Construir caso con benchmark de la industria antes de pitchear
Cruz Verde,CRUZ VERDE,Retail Farmacia,Emergente,1PD Integration,1PD Integration (until 15 sources) - Google,Data Collection & Activacion,First Party Data,CSA - Tech,Proyecto,Alto,BLANCO,Nunca ofrecido,Espacio blanco,29.1,C,13,12157.0,0.141,0.0,0.719,0.896,0.1,29.083,1.0,1.0,0.0,0.35304166666666664,100.0,0.0,0,1,0.0,0.0,0.0,0.0,,,,,Sin anclaje en el portafolio actual de la cuenta; servicio con demanda activa en los ultimos meses.,Construir caso con benchmark de la industria antes de pitchear
Decathlon,DECATHLON,Retail Deportes,Emergente,1PD Integration,1PD Integration (until 15 sources) - Google,Data Collection & Activacion,First Party Data,CSA - Tech,Proyecto,Alto,BLANCO,Nunca ofrecido,Espacio blanco,29.1,C,15,12157.0,0.141,0.0,0.719,0.896,0.1,29.083,1.0,1.0,0.0,0.35304166666666664,100.0,0.0,0,1,0.0,0.0,0.0,0.0,,,,,Sin anclaje en el portafolio actual de la cuenta; servicio con demanda activa en los ultimos meses.,Construir caso con benchmark de la industria antes de pitchear
Escuela de Comercio y Servicio,ESCUELA DE COMERCIO Y SERVICIO,Educacion,Emergente,1PD Integration,1PD Integration (until 15 sources) - Google,Data Collection & Activacion,First Party Data,CSA - Tech,Proyecto,Alto,BLANCO,Nunca ofrecido,Espacio blanco,29.1,C,15,12157.0,0.141,0.0,0.719,0.896,0.1,29.083,1.0,1.0,0.0,0.35304166666666664,100.0,0.0,0,1,0.0,0.0,0.0,0.0,,,,,Sin anclaje en el portafolio actual de la cuenta; servicio con demanda activa en los ultimos meses.,Construir caso con benchmark de la industria antes de pitchear
GAES,GAES,Salud,Emergente,1PD Integration,1PD Integration (until 15 sources) - Google,Data Collection & Activacion,First Party Data,CSA - Tech,Proyecto,Alto,BLANCO,Nunca ofrecido,Espacio blanco,29.1,C,14,12157.0,0.141,0.0,0.719,0.896,0.1,29.083,1.0,1.0,0.0,0.35304166666666664,100.0,0.0,0,1,0.0,0.0,0.0,0.0,,,,,Sin anclaje en el portafolio actual de la cuenta; servicio con demanda activa en los ultimos meses.,Construir caso con benchmark de la industria antes de pitchear
Gasco,GASCO,Energia & Combustibles,Emergente,1PD Integration,1PD Integration (until 15 sources) - Google,Data Collection & Activacion,First Party Data,CSA - Tech,Proyecto,Alto,BLANCO,Nunca ofrecido,Espacio blanco,29.1,C,14,12157.0,0.141,0.0,0.719,0.896,0.1,29.083,1.0,1.0,0.0,0.35304166666666664,100.0,0.0,0,4,0.0,0.0,0.0,0.0,,,,,Sin anclaje en el portafolio actual de la cuenta; servicio con demanda activa en los ultimos meses.,Construir caso con benchmark de la industria antes de pitchear
Inchcape Americas,INCHAPE AMERICAS,Automotriz,Desarrollo,1PD Integration,1PD Integration (until 15 sources) - Google,Data Collection & Activacion,First Party Data,CSA - Tech,Proyecto,Alto,BLANCO,Nunca ofrecido,Espacio blanco,29.1,C,13,12157.0,0.141,0.0,0.719,0.896,0.1,29.083,1.0,1.0,0.0,0.35304166666666664,100.0,0.0,0,4,0.0,0.0,0.0,0.0,,,,,Sin anclaje en el portafolio actual de la cuenta; servicio con demanda activa en los ultimos meses.,Construir caso con benchmark de la industria antes de pitchear
LATAM Airlines,LATAM AERLINES,Travel & Aerolineas,Desarrollo,1PD Integration,1PD Integration (until 15 sources) - Google,Data Collection & Activacion,First Party Data,CSA - Tech,Proyecto,Alto,BLANCO,Nunca ofrecido,Espacio blanco,29.1,C,12,12157.0,0.141,0.0,0.719,0.896,0.1,29.083,1.0,1.0,0.0,0.35304166666666664,100.0,0.0,0,2,0.0,0.0,0.0,0.0,,,,,Sin anclaje en el portafolio actual de la cuenta; servicio con demanda activa en los ultimos meses.,Construir caso con benchmark de la industria antes de pitchear
Lactalis,LACTALIS,CPG Alimentos,Emergente,1PD Integration,1PD Integration (until 15 sources) - Google,Data Collection & Activacion,First Party Data,CSA - Tech,Proyecto,Alto,BLANCO,Nunca ofrecido,Espacio blanco,29.1,C,13,12157.0,0.141,0.0,0.719,0.896,0.1,29.083,1.0,1.0,0.0,0.35304166666666664,100.0,0.0,0,2,0.0,0.0,0.0,0.0,,,,,Sin anclaje en el portafolio actual de la cuenta; servicio con demanda activa en los ultimos meses.,Construir caso con benchmark de la industria antes de pitchear
PC Factory,PC FACTORY,Retail Electro,Emergente,1PD Integration,1PD Integration (until 15 sources) - Google,Data Collection & Activacion,First Party Data,CSA - Tech,Proyecto,Alto,BLANCO,Nunca ofrecido,Espacio blanco,29.1,C,15,12157.0,0.141,0.0,0.719,0.896,0.1,29.083,1.0,1.0,0.0,0.35304166666666664,100.0,0.0,0,1,0.0,0.0,0.0,0.0,,,,,Sin anclaje en el portafolio actual de la cuenta; servicio con demanda activa en los ultimos meses.,Construir caso con benchmark de la industria antes de pitchear
PJ Chile SpA,PJ CHILE SPA,Food & QSR,Emergente,1PD Integration,1PD Integration (until 15 sources) - Google,Data Collection & Activacion,First Party Data,CSA - Tech,Proyecto,Alto,BLANCO,Nunca ofrecido,Espacio blanco,29.1,C,14,12157.0,0.141,0.0,0.719,0.896,0.1,29.083,1.0,1.0,0.0,0.35304166666666664,100.0,0.0,0,1,0.0,0.0,0.0,0.0,,,,,Sin anclaje en el portafolio actual de la cuenta; servicio con demanda activa en los ultimos meses.,Construir caso con benchmark de la industria antes de pitchear
Polla Chilena,POLLA,Juegos & Entretenimiento,Emergente,1PD Integration,1PD Integration (until 15 sources) - Google,Data Collection & Activacion,First Party Data,CSA - Tech,Proyecto,Alto,BLANCO,Nunca ofrecido,Espacio blanco,29.1,C,14,12157.0,0.141,0.0,0.719,0.896,0.1,29.083,1.0,1.0,0.0,0.35304166666666664,100.0,0.0,0,1,0.0,0.0,0.0,0.0,,,,,Sin anclaje en el portafolio actual de la cuenta; servicio con demanda activa en los ultimos meses.,Construir caso con benchmark de la industria antes de pitchear
Reckitt,RECKITT,CPG Cuidado Personal,Emergente,1PD Integration,1PD Integration (until 15 sources) - Google,Data Collection & Activacion,First Party Data,CSA - Tech,Proyecto,Alto,BLANCO,Nunca ofrecido,Espacio blanco,29.1,C,14,12157.0,0.141,0.0,0.719,0.896,0.1,29.083,1.0,1.0,0.0,0.35304166666666664,100.0,0.0,0,1,0.0,0.0,0.0,0.0,,,,,Sin anclaje en el portafolio actual de la cuenta; servicio con demanda activa en los ultimos meses.,Construir caso con benchmark de la industria antes de pitchear
Sky Airline,SKY AIRLINE,Travel & Aerolineas,Emergente,1PD Integration,1PD Integration (until 15 sources) - Google,Data Collection & Activacion,First Party Data,CSA - Tech,Proyecto,Alto,BLANCO,Nunca ofrecido,Espacio blanco,29.1,C,12,12157.0,0.141,0.0,0.719,0.896,0.1,29.083,1.0,1.0,0.0,0.35304166666666664,100.0,0.0,0,2,0.0,0.0,0.0,0.0,,,,,Sin anclaje en el portafolio actual de la cuenta; servicio con demanda activa en los ultimos meses.,Construir caso con benchmark de la industria antes de pitchear
Tenpo,TENPO,Fintech & Banca,Emergente,1PD Integration,1PD Integration (until 15 sources) - Google,Data Collection & Activacion,First Party Data,CSA - Tech,Proyecto,Alto,BLANCO,Nunca ofrecido,Espacio blanco,29.1,C,15,12157.0,0.141,0.0,0.719,0.896,0.1,29.083,1.0,1.0,0.0,0.35304166666666664,100.0,0.0,0,1,0.0,0.0,0.0,0.0,,,,,Sin anclaje en el portafolio actual de la cuenta; servicio con demanda activa en los ultimos meses.,Construir caso con benchmark de la industria antes de pitchear
Tricot,TRICOT,Retail Vestuario,Emergente,1PD Integration,1PD Integration (until 15 sources) - Google,Data Collection & Activacion,First Party Data,CSA - Tech,Proyecto,Alto,BLANCO,Nunca ofrecido,Espacio blanco,29.1,C,14,12157.0,0.141,0.0,0.719,0.896,0.1,29.083,1.0,1.0,0.0,0.35304166666666664,100.0,0.0,0,1,0.0,0.0,0.0,0.0,,,,,Sin anclaje en el portafolio actual de la cuenta; servicio con demanda activa en los ultimos meses.,Construir caso con benchmark de la industria antes de pitchear
Verisure,VERISURE,Servicios Hogar & Seguridad,Desarrollo,1PD Integration,1PD Integration (until 15 sources) - Google,Data Collection & Activacion,First Party Data,CSA - Tech,Proyecto,Alto,BLANCO,Nunca ofrecido,Espacio blanco,29.1,C,14,12157.0,0.141,0.0,0.719,0.896,0.1,29.083,1.0,1.0,0.0,0.35304166666666664,100.0,0.0,0,1,0.0,0.0,0.0,0.0,,,,,Sin anclaje en el portafolio actual de la cuenta; servicio con demanda activa en los ultimos meses.,Construir caso con benchmark de la industria antes de pitchear
WOM,WOM,Telco,Desarrollo,1PD Integration,1PD Integration (until 15 sources) - Google,Data Collection & Activacion,First Party Data,CSA - Tech,Proyecto,Alto,BLANCO,Nunca ofrecido,Espacio blanco,29.1,C,14,12157.0,0.141,0.0,0.719,0.896,0.1,29.083,1.0,1.0,0.0,0.35304166666666664,100.0,0.0,0,3,0.0,0.0,0.0,0.0,,,,,Sin anclaje en el portafolio actual de la cuenta; servicio con demanda activa en los ultimos meses.,Construir caso con benchmark de la industria antes de pitchear
Watts,WATTS,CPG Alimentos,Desarrollo,1PD Integration,1PD Integration (until 15 sources) - Google,Data Collection & Activacion,First Party Data,CSA - Tech,Proyecto,Alto,BLANCO,Nunca ofrecido,Espacio blanco,29.1,C,14,12157.0,0.141,0.0,0.719,0.896,0.1,29.083,1.0,1.0,0.0,0.35304166666666664,100.0,0.0,0,2,0.0,0.0,0.0,0.0,,,,,Sin anclaje en el portafolio actual de la cuenta; servicio con demanda activa en los ultimos meses.,Construir caso con benchmark de la industria antes de pitchear
PJ Chile SpA,PJ CHILE SPA,Food & QSR,Emergente,C-GenIA,C-GenIA,Creative Intelligence & GenAI,Creative GenAI,CSA - Tech,Proyecto,Alto,BLANCO,Nunca ofrecido,Espacio blanco,29.0,C,15,18305.0,0.0,0.047,0.796,0.951,0.1,28.958,1.0,1.0,0.0,0.0,100.0,0.0,0,1,0.0,0.0,0.0,0.0,,,,,Sin anclaje en el portafolio actual de la cuenta; servicio con demanda activa en los ultimos meses.,Construir caso con benchmark de la industria antes de pitchear
Tricot,TRICOT,Retail Vestuario,Emergente,C-GenIA,C-GenIA,Creative Intelligence & GenAI,Creative GenAI,CSA - Tech,Proyecto,Alto,BLANCO,Nunca ofrecido,Espacio blanco,29.0,C,15,18305.0,0.0,0.047,0.796,0.951,0.1,28.958,1.0,1.0,0.0,0.0,100.0,0.0,0,1,0.0,0.0,0.0,0.0,,,,,Sin anclaje en el portafolio actual de la cuenta; servicio con demanda activa en los ultimos meses.,Construir caso con benchmark de la industria antes de pitchear
Esmax,ESMAX,Energia & Combustibles,Desarrollo,CAPI Offline CRM,CAPI Automated Offline Integration with CRM,Data Collection & Activacion,Server-Side / CAPI,CSA - Tech,Proyecto,Medio,BLANCO,Nunca ofrecido,Espacio blanco,28.9,C,19,4068.0,0.141,0.0,0.513,0.937,0.25,28.866,1.0,1.0,0.0,0.35304166666666664,100.0,0.0,0,4,0.0,0.0,0.0,0.0,,,,,Sin anclaje en el portafolio actual de la cuenta; servicio con demanda activa en los ultimos meses.,Construir caso con benchmark de la industria antes de pitchear
Cruz Verde,CRUZ VERDE,Retail Farmacia,Emergente,Licencias GA4 360,Licencias GA4 360,Licencias & Plataformas,Licencias Analytics,CSA - Tech,Licencia,Alto,BLANCO,Nunca ofrecido,Espacio blanco,28.8,C,14,25314.0,0.0,0.0,0.857,0.951,0.1,28.832,1.0,1.0,0.0,0.0,100.0,0.0,0,1,0.0,0.0,0.0,0.0,,,,,Sin anclaje en el portafolio actual de la cuenta; servicio con demanda activa en los ultimos meses.,Construir caso con benchmark de la industria antes de pitchear
GAES,GAES,Salud,Emergente,Licencias GA4 360,Licencias GA4 360,Licencias & Plataformas,Licencias Analytics,CSA - Tech,Licencia,Alto,BLANCO,Nunca ofrecido,Espacio blanco,28.8,C,15,25314.0,0.0,0.0,0.857,0.951,0.1,28.832,1.0,1.0,0.0,0.0,100.0,0.0,0,1,0.0,0.0,0.0,0.0,,,,,Sin anclaje en el portafolio actual de la cuenta; servicio con demanda activa en los ultimos meses.,Construir caso con benchmark de la industria antes de pitchear
Gasco,GASCO,Energia & Combustibles,Emergente,Licencias GA4 360,Licencias GA4 360,Licencias & Plataformas,Licencias Analytics,CSA - Tech,Licencia,Alto,BLANCO,Nunca ofrecido,Espacio blanco,28.8,C,15,25314.0,0.0,0.0,0.857,0.951,0.1,28.832,1.0,1.0,0.0,0.0,100.0,0.0,0,4,0.0,0.0,0.0,0.0,,,,,Sin anclaje en el portafolio actual de la cuenta; servicio con demanda activa en los ultimos meses.,Construir caso con benchmark de la industria antes de pitchear
Inchcape Americas,INCHAPE AMERICAS,Automotriz,Desarrollo,Licencias GA4 360,Licencias GA4 360,Licencias & Plataformas,Licencias Analytics,CSA - Tech,Licencia,Alto,BLANCO,Nunca ofrecido,Espacio blanco,28.8,C,14,25314.0,0.0,0.0,0.857,0.951,0.1,28.832,1.0,1.0,0.0,0.0,100.0,0.0,0,4,0.0,0.0,0.0,0.0,,,,,Sin anclaje en el portafolio actual de la cuenta; servicio con demanda activa en los ultimos meses.,Construir caso con benchmark de la industria antes de pitchear
LATAM Airlines,LATAM AERLINES,Travel & Aerolineas,Desarrollo,Tech Services Ad Hoc,Tech Services Ad Hoc,Consultoria & Ad Hoc,Servicios Tech,CSA - Tech,Proyecto,Bajo,BLANCO,Nunca ofrecido,Espacio blanco,28.8,C,13,3814.0,0.289,0.0,0.501,0.906,0.1,28.818,1.0,1.0,6.9,0.222,81.8,0.0,0,2,0.0,0.0,0.0,0.0,,,,,Sin anclaje en el portafolio actual de la cuenta; servicio con demanda activa en los ultimos meses.,Usar como abrepuertas de bajo ticket
LATAM Airlines,LATAM AERLINES,Travel & Aerolineas,Desarrollo,Licencias GA4 360,Licencias GA4 360,Licencias & Plataformas,Licencias Analytics,CSA - Tech,Licencia,Alto,BLANCO,Nunca ofrecido,Espacio blanco,28.8,C,14,25314.0,0.0,0.0,0.857,0.951,0.1,28.832,1.0,1.0,0.0,0.0,100.0,0.0,0,2,0.0,0.0,0.0,0.0,,,,,Sin anclaje en el portafolio actual de la cuenta; servicio con demanda activa en los ultimos meses.,Construir caso con benchmark de la industria antes de pitchear
Lactalis,LACTALIS,CPG Alimentos,Emergente,Tech Services Ad Hoc,Tech Services Ad Hoc,Consultoria & Ad Hoc,Servicios Tech,CSA - Tech,Proyecto,Bajo,BLANCO,Nunca ofrecido,Espacio blanco,28.8,C,14,3814.0,0.289,0.0,0.501,0.906,0.1,28.818,1.0,1.0,6.9,0.222,81.8,0.0,0,2,0.0,0.0,0.0,0.0,,,,,Sin anclaje en el portafolio actual de la cuenta; servicio con demanda activa en los ultimos meses.,Usar como abrepuertas de bajo ticket
Lactalis,LACTALIS,CPG Alimentos,Emergente,Licencias GA4 360,Licencias GA4 360,Licencias & Plataformas,Licencias Analytics,CSA - Tech,Licencia,Alto,BLANCO,Nunca ofrecido,Espacio blanco,28.8,C,15,25314.0,0.0,0.0,0.857,0.951,0.1,28.832,1.0,1.0,0.0,0.0,100.0,0.0,0,2,0.0,0.0,0.0,0.0,,,,,Sin anclaje en el portafolio actual de la cuenta; servicio con demanda activa en los ultimos meses.,Construir caso con benchmark de la industria antes de pitchear
Reckitt,RECKITT,CPG Cuidado Personal,Emergente,Licencias GA4 360,Licencias GA4 360,Licencias & Plataformas,Licencias Analytics,CSA - Tech,Licencia,Alto,BLANCO,Nunca ofrecido,Espacio blanco,28.8,C,15,25314.0,0.0,0.0,0.857,0.951,0.1,28.832,1.0,1.0,0.0,0.0,100.0,0.0,0,1,0.0,0.0,0.0,0.0,,,,,Sin anclaje en el portafolio actual de la cuenta; servicio con demanda activa en los ultimos meses.,Construir caso con benchmark de la industria antes de pitchear
Sky Airline,SKY AIRLINE,Travel & Aerolineas,Emergente,Tech Services Ad Hoc,Tech Services Ad Hoc,Consultoria & Ad Hoc,Servicios Tech,CSA - Tech,Proyecto,Bajo,BLANCO,Nunca ofrecido,Espacio blanco,28.8,C,13,3814.0,0.289,0.0,0.501,0.906,0.1,28.818,1.0,1.0,6.9,0.222,81.8,0.0,0,2,0.0,0.0,0.0,0.0,,,,,Sin anclaje en el portafolio actual de la cuenta; servicio con demanda activa en los ultimos meses.,Usar como abrepuertas de bajo ticket
Sky Airline,SKY AIRLINE,Travel & Aerolineas,Emergente,Licencias GA4 360,Licencias GA4 360,Licencias & Plataformas,Licencias Analytics,CSA - Tech,Licencia,Alto,BLANCO,Nunca ofrecido,Espacio blanco,28.8,C,14,25314.0,0.0,0.0,0.857,0.951,0.1,28.832,1.0,1.0,0.0,0.0,100.0,0.0,0,2,0.0,0.0,0.0,0.0,,,,,Sin anclaje en el portafolio actual de la cuenta; servicio con demanda activa en los ultimos meses.,Construir caso con benchmark de la industria antes de pitchear
Verisure,VERISURE,Servicios Hogar & Seguridad,Desarrollo,Licencias GA4 360,Licencias GA4 360,Licencias & Plataformas,Licencias Analytics,CSA - Tech,Licencia,Alto,BLANCO,Nunca ofrecido,Espacio blanco,28.8,C,15,25314.0,0.0,0.0,0.857,0.951,0.1,28.832,1.0,1.0,0.0,0.0,100.0,0.0,0,1,0.0,0.0,0.0,0.0,,,,,Sin anclaje en el portafolio actual de la cuenta; servicio con demanda activa en los ultimos meses.,Construir caso con benchmark de la industria antes de pitchear
Porsche Group,PORSCHE GROUP,Automotriz,Desarrollo,ABCD Detector,ABCD Detector - Basic (20 Videos) per month,Creative Intelligence & GenAI,Creative Analytics,CSA - Tech,Recurrente,Bajo,BLANCO,Nunca ofrecido,Espacio blanco,28.6,C,25,3488.0,0.0,0.0,0.484,0.826,0.5,28.615,1.0,1.0,0.0,0.0,75.0,0.0,0,4,0.0,0.0,0.0,0.0,,,,,Servicio con demanda activa en los ultimos meses.,Cross-sell dentro del mismo pilar
Gildemeister,GILDEMEISTER,Automotriz,Estrategica,SEO,SEO,Analytics & Optimizacion Digital,SEO,CSA - Tech,Proyecto,Alto,EN_PAUSA,En pausa,Rescate (en pausa),28.4,C,19,15497.0,0.365,0.096,0.765,0.972,0.75,51.679,0.55,1.0,3.4,0.667,100.0,0.0,0,4,0.0,0.0,1.0,0.0,,,,2026-04-13,"Adyacente a analytics & optimizacion digital, familia donde la cuenta ya compra; servicio con demanda activa en los ultimos meses; quedo en pausa: falta destrabar.",Destrabar la propuesta en pausa con el contacto original
Esmax,ESMAX,Energia & Combustibles,Desarrollo,Performance Powered Conversions (ECL),Performance Powered Conversions (ECL),Data Collection & Activacion,Conversiones Avanzadas,CSA - Tech,Proyecto,Bajo,BLANCO,Nunca ofrecido,Espacio blanco,28.3,C,20,1961.0,0.299,0.0,0.375,0.779,0.25,28.269,1.0,1.0,3.4,0.5,75.0,0.0,0,4,0.0,0.0,0.0,0.0,,,,,Sin anclaje en el portafolio actual de la cuenta; servicio con demanda activa en los ultimos meses.,Usar como abrepuertas de bajo ticket
Cruz Verde,CRUZ VERDE,Retail Farmacia,Emergente,Science Ad Hoc,Science Ad Hoc,Consultoria & Ad Hoc,Servicios Science,CSA - Science,Proyecto,Medio,BLANCO,Nunca ofrecido,Espacio blanco,28.2,C,15,30377.0,0.0,0.0,0.891,0.848,0.1,28.223,1.0,1.0,0.0,0.0,100.0,0.0,0,1,0.0,0.0,0.0,0.0,,,,,Sin anclaje en el portafolio actual de la cuenta; servicio con demanda activa en los ultimos meses.,Construir caso con benchmark de la industria antes de pitchear
Decathlon,DECATHLON,Retail Deportes,Emergente,Science Ad Hoc,Science Ad Hoc,Consultoria & Ad Hoc,Servicios Science,CSA - Science,Proyecto,Medio,BLANCO,Nunca ofrecido,Espacio blanco,28.2,C,16,30377.0,0.0,0.0,0.891,0.848,0.1,28.223,1.0,1.0,0.0,0.0,100.0,0.0,0,1,0.0,0.0,0.0,0.0,,,,,Sin anclaje en el portafolio actual de la cuenta; servicio con demanda activa en los ultimos meses.,Construir caso con benchmark de la industria antes de pitchear
Escuela de Comercio y Servicio,ESCUELA DE COMERCIO Y SERVICIO,Educacion,Emergente,Science Ad Hoc,Science Ad Hoc,Consultoria & Ad Hoc,Servicios Science,CSA - Science,Proyecto,Medio,BLANCO,Nunca ofrecido,Espacio blanco,28.2,C,16,30377.0,0.0,0.0,0.891,0.848,0.1,28.223,1.0,1.0,0.0,0.0,100.0,0.0,0,1,0.0,0.0,0.0,0.0,,,,,Sin anclaje en el portafolio actual de la cuenta; servicio con demanda activa en los ultimos meses.,Construir caso con benchmark de la industria antes de pitchear
Esmax,ESMAX,Energia & Combustibles,Desarrollo,Online Data Optimization - No E-commerce,Online Data Optimization - sites without E-commerce,Analytics & Optimizacion Digital,Online Data Optimization,CSA - Tech,Proyecto,Bajo,BLANCO,Nunca ofrecido,Espacio blanco,28.2,C,21,3709.0,0.141,0.0,0.495,0.909,0.25,28.219,1.0,1.0,0.0,0.35304166666666664,100.0,0.0,0,4,0.0,0.0,0.0,0.0,,,,,Sin anclaje en el portafolio actual de la cuenta; servicio con demanda activa en los ultimos meses.,Usar como abrepuertas de bajo ticket
GAES,GAES,Salud,Emergente,Science Ad Hoc,Science Ad Hoc,Consultoria & Ad Hoc,Servicios Science,CSA - Science,Proyecto,Medio,BLANCO,Nunca ofrecido,Espacio blanco,28.2,C,16,30377.0,0.0,0.0,0.891,0.848,0.1,28.223,1.0,1.0,0.0,0.0,100.0,0.0,0,1,0.0,0.0,0.0,0.0,,,,,Sin anclaje en el portafolio actual de la cuenta; servicio con demanda activa en los ultimos meses.,Construir caso con benchmark de la industria antes de pitchear
Gasco,GASCO,Energia & Combustibles,Emergente,Science Ad Hoc,Science Ad Hoc,Consultoria & Ad Hoc,Servicios Science,CSA - Science,Proyecto,Medio,BLANCO,Nunca ofrecido,Espacio blanco,28.2,C,16,30377.0,0.0,0.0,0.891,0.848,0.1,28.223,1.0,1.0,0.0,0.0,100.0,0.0,0,4,0.0,0.0,0.0,0.0,,,,,Sin anclaje en el portafolio actual de la cuenta; servicio con demanda activa en los ultimos meses.,Construir caso con benchmark de la industria antes de pitchear
Inchcape Americas,INCHAPE AMERICAS,Automotriz,Desarrollo,Science Ad Hoc,Science Ad Hoc,Consultoria & Ad Hoc,Servicios Science,CSA - Science,Proyecto,Medio,BLANCO,Nunca ofrecido,Espacio blanco,28.2,C,15,30377.0,0.0,0.0,0.891,0.848,0.1,28.223,1.0,1.0,0.0,0.0,100.0,0.0,0,4,0.0,0.0,0.0,0.0,,,,,Sin anclaje en el portafolio actual de la cuenta; servicio con demanda activa en los ultimos meses.,Construir caso con benchmark de la industria antes de pitchear
Inchcape Americas,INCHAPE AMERICAS,Automotriz,Desarrollo,Performance Powered Conversions (ECL),Performance Powered Conversions (ECL),Data Collection & Activacion,Conversiones Avanzadas,CSA - Tech,Proyecto,Bajo,BLANCO,Nunca ofrecido,Espacio blanco,28.2,C,16,1961.0,0.299,0.112,0.375,0.779,0.1,28.194,1.0,1.0,3.4,0.5,75.0,25.0,1,4,0.0,0.0,0.0,0.0,,,,,1 de 4 cuentas de automotriz ya lo ejecutan; sin anclaje en el portafolio actual de la cuenta; servicio con demanda activa en los ultimos meses.,Usar como abrepuertas de bajo ticket
LATAM Airlines,LATAM AERLINES,Travel & Aerolineas,Desarrollo,Science Ad Hoc,Science Ad Hoc,Consultoria & Ad Hoc,Servicios Science,CSA - Science,Proyecto,Medio,BLANCO,Nunca ofrecido,Espacio blanco,28.2,C,15,30377.0,0.0,0.0,0.891,0.848,0.1,28.223,1.0,1.0,0.0,0.0,100.0,0.0,0,2,0.0,0.0,0.0,0.0,,,,,Sin anclaje en el portafolio actual de la cuenta; servicio con demanda activa en los ultimos meses.,Construir caso con benchmark de la industria antes de pitchear
Lactalis,LACTALIS,CPG Alimentos,Emergente,Science Ad Hoc,Science Ad Hoc,Consultoria & Ad Hoc,Servicios Science,CSA - Science,Proyecto,Medio,BLANCO,Nunca ofrecido,Espacio blanco,28.2,C,16,30377.0,0.0,0.0,0.891,0.848,0.1,28.223,1.0,1.0,0.0,0.0,100.0,0.0,0,2,0.0,0.0,0.0,0.0,,,,,Sin anclaje en el portafolio actual de la cuenta; servicio con demanda activa en los ultimos meses.,Construir caso con benchmark de la industria antes de pitchear
PC Factory,PC FACTORY,Retail Electro,Emergente,Science Ad Hoc,Science Ad Hoc,Consultoria & Ad Hoc,Servicios Science,CSA - Science,Proyecto,Medio,BLANCO,Nunca ofrecido,Espacio blanco,28.2,C,16,30377.0,0.0,0.0,0.891,0.848,0.1,28.223,1.0,1.0,0.0,0.0,100.0,0.0,0,1,0.0,0.0,0.0,0.0,,,,,Sin anclaje en el portafolio actual de la cuenta; servicio con demanda activa en los ultimos meses.,Construir caso con benchmark de la industria antes de pitchear
PJ Chile SpA,PJ CHILE SPA,Food & QSR,Emergente,Science Ad Hoc,Science Ad Hoc,Consultoria & Ad Hoc,Servicios Science,CSA - Science,Proyecto,Medio,BLANCO,Nunca ofrecido,Espacio blanco,28.2,C,16,30377.0,0.0,0.0,0.891,0.848,0.1,28.223,1.0,1.0,0.0,0.0,100.0,0.0,0,1,0.0,0.0,0.0,0.0,,,,,Sin anclaje en el portafolio actual de la cuenta; servicio con demanda activa en los ultimos meses.,Construir caso con benchmark de la industria antes de pitchear
Polla Chilena,POLLA,Juegos & Entretenimiento,Emergente,Science Ad Hoc,Science Ad Hoc,Consultoria & Ad Hoc,Servicios Science,CSA - Science,Proyecto,Medio,BLANCO,Nunca ofrecido,Espacio blanco,28.2,C,15,30377.0,0.0,0.0,0.891,0.848,0.1,28.223,1.0,1.0,0.0,0.0,100.0,0.0,0,1,0.0,0.0,0.0,0.0,,,,,Sin anclaje en el portafolio actual de la cuenta; servicio con demanda activa en los ultimos meses.,Construir caso con benchmark de la industria antes de pitchear
Reckitt,RECKITT,CPG Cuidado Personal,Emergente,Science Ad Hoc,Science Ad Hoc,Consultoria & Ad Hoc,Servicios Science,CSA - Science,Proyecto,Medio,BLANCO,Nunca ofrecido,Espacio blanco,28.2,C,16,30377.0,0.0,0.0,0.891,0.848,0.1,28.223,1.0,1.0,0.0,0.0,100.0,0.0,0,1,0.0,0.0,0.0,0.0,,,,,Sin anclaje en el portafolio actual de la cuenta; servicio con demanda activa en los ultimos meses.,Construir caso con benchmark de la industria antes de pitchear
Sky Airline,SKY AIRLINE,Travel & Aerolineas,Emergente,Science Ad Hoc,Science Ad Hoc,Consultoria & Ad Hoc,Servicios Science,CSA - Science,Proyecto,Medio,BLANCO,Nunca ofrecido,Espacio blanco,28.2,C,15,30377.0,0.0,0.0,0.891,0.848,0.1,28.223,1.0,1.0,0.0,0.0,100.0,0.0,0,2,0.0,0.0,0.0,0.0,,,,,Sin anclaje en el portafolio actual de la cuenta; servicio con demanda activa en los ultimos meses.,Construir caso con benchmark de la industria antes de pitchear
Tricot,TRICOT,Retail Vestuario,Emergente,Science Ad Hoc,Science Ad Hoc,Consultoria & Ad Hoc,Servicios Science,CSA - Science,Proyecto,Medio,BLANCO,Nunca ofrecido,Espacio blanco,28.2,C,16,30377.0,0.0,0.0,0.891,0.848,0.1,28.223,1.0,1.0,0.0,0.0,100.0,0.0,0,1,0.0,0.0,0.0,0.0,,,,,Sin anclaje en el portafolio actual de la cuenta; servicio con demanda activa en los ultimos meses.,Construir caso con benchmark de la industria antes de pitchear
Verisure,VERISURE,Servicios Hogar & Seguridad,Desarrollo,Science Ad Hoc,Science Ad Hoc,Consultoria & Ad Hoc,Servicios Science,CSA - Science,Proyecto,Medio,BLANCO,Nunca ofrecido,Espacio blanco,28.2,C,16,30377.0,0.0,0.0,0.891,0.848,0.1,28.223,1.0,1.0,0.0,0.0,100.0,0.0,0,1,0.0,0.0,0.0,0.0,,,,,Sin anclaje en el portafolio actual de la cuenta; servicio con demanda activa en los ultimos meses.,Construir caso con benchmark de la industria antes de pitchear
WOM,WOM,Telco,Desarrollo,Science Ad Hoc,Science Ad Hoc,Consultoria & Ad Hoc,Servicios Science,CSA - Science,Proyecto,Medio,BLANCO,Nunca ofrecido,Espacio blanco,28.2,C,15,30377.0,0.0,0.0,0.891,0.848,0.1,28.223,1.0,1.0,0.0,0.0,100.0,0.0,0,3,0.0,0.0,0.0,0.0,,,,,Sin anclaje en el portafolio actual de la cuenta; servicio con demanda activa en los ultimos meses.,Construir caso con benchmark de la industria antes de pitchear
Watts,WATTS,CPG Alimentos,Desarrollo,Science Ad Hoc,Science Ad Hoc,Consultoria & Ad Hoc,Servicios Science,CSA - Science,Proyecto,Medio,BLANCO,Nunca ofrecido,Espacio blanco,28.2,C,15,30377.0,0.0,0.0,0.891,0.848,0.1,28.223,1.0,1.0,0.0,0.0,100.0,0.0,0,2,0.0,0.0,0.0,0.0,,,,,Sin anclaje en el portafolio actual de la cuenta; servicio con demanda activa en los ultimos meses.,Construir caso con benchmark de la industria antes de pitchear
Cruz Verde,CRUZ VERDE,Retail Farmacia,Emergente,C-GenIA,C-GenIA,Creative Intelligence & GenAI,Creative GenAI,CSA - Tech,Proyecto,Alto,BLANCO,Nunca ofrecido,Espacio blanco,27.7,C,16,18305.0,0.0,0.0,0.796,0.951,0.1,27.734,1.0,1.0,0.0,0.0,100.0,0.0,0,1,0.0,0.0,0.0,0.0,,,,,Sin anclaje en el portafolio actual de la cuenta; servicio con demanda activa en los ultimos meses.,Construir caso con benchmark de la industria antes de pitchear
Gasco,GASCO,Energia & Combustibles,Emergente,C-GenIA,C-GenIA,Creative Intelligence & GenAI,Creative GenAI,CSA - Tech,Proyecto,Alto,BLANCO,Nunca ofrecido,Espacio blanco,27.7,C,17,18305.0,0.0,0.0,0.796,0.951,0.1,27.734,1.0,1.0,0.0,0.0,100.0,0.0,0,4,0.0,0.0,0.0,0.0,,,,,Sin anclaje en el portafolio actual de la cuenta; servicio con demanda activa en los ultimos meses.,Construir caso con benchmark de la industria antes de pitchear
LATAM Airlines,LATAM AERLINES,Travel & Aerolineas,Desarrollo,C-GenIA,C-GenIA,Creative Intelligence & GenAI,Creative GenAI,CSA - Tech,Proyecto,Alto,BLANCO,Nunca ofrecido,Espacio blanco,27.7,C,16,18305.0,0.0,0.0,0.796,0.951,0.1,27.734,1.0,1.0,0.0,0.0,100.0,0.0,0,2,0.0,0.0,0.0,0.0,,,,,Sin anclaje en el portafolio actual de la cuenta; servicio con demanda activa en los ultimos meses.,Construir caso con benchmark de la industria antes de pitchear
Lactalis,LACTALIS,CPG Alimentos,Emergente,C-GenIA,C-GenIA,Creative Intelligence & GenAI,Creative GenAI,CSA - Tech,Proyecto,Alto,BLANCO,Nunca ofrecido,Espacio blanco,27.7,C,17,18305.0,0.0,0.0,0.796,0.951,0.1,27.734,1.0,1.0,0.0,0.0,100.0,0.0,0,2,0.0,0.0,0.0,0.0,,,,,Sin anclaje en el portafolio actual de la cuenta; servicio con demanda activa en los ultimos meses.,Construir caso con benchmark de la industria antes de pitchear
Sky Airline,SKY AIRLINE,Travel & Aerolineas,Emergente,C-GenIA,C-GenIA,Creative Intelligence & GenAI,Creative GenAI,CSA - Tech,Proyecto,Alto,BLANCO,Nunca ofrecido,Espacio blanco,27.7,C,16,18305.0,0.0,0.0,0.796,0.951,0.1,27.734,1.0,1.0,0.0,0.0,100.0,0.0,0,2,0.0,0.0,0.0,0.0,,,,,Sin anclaje en el portafolio actual de la cuenta; servicio con demanda activa en los ultimos meses.,Construir caso con benchmark de la industria antes de pitchear
Tenpo,TENPO,Fintech & Banca,Emergente,Performance Powered Conversions (ECL),Performance Powered Conversions (ECL),Data Collection & Activacion,Conversiones Avanzadas,CSA - Tech,Proyecto,Bajo,BLANCO,Nunca ofrecido,Espacio blanco,27.7,C,16,1961.0,0.299,0.093,0.375,0.779,0.1,27.679,1.0,1.0,3.4,0.5,75.0,0.0,0,1,0.0,0.0,0.0,0.0,,,,,Sin anclaje en el portafolio actual de la cuenta; servicio con demanda activa en los ultimos meses.,Usar como abrepuertas de bajo ticket
Watts,WATTS,CPG Alimentos,Desarrollo,Performance Powered Conversions (ECL),Performance Powered Conversions (ECL),Data Collection & Activacion,Conversiones Avanzadas,CSA - Tech,Proyecto,Bajo,BLANCO,Nunca ofrecido,Espacio blanco,27.7,C,16,1961.0,0.299,0.093,0.375,0.779,0.1,27.676,1.0,1.0,3.4,0.5,75.0,0.0,0,2,0.0,0.0,0.0,0.0,,,,,Sin anclaje en el portafolio actual de la cuenta; servicio con demanda activa en los ultimos meses.,Usar como abrepuertas de bajo ticket
Copec Flux,COPEC FLUX,Energia & Combustibles,Estrategica,Shopping Insider / Feed AI,Shopping Insider / Feed AI,Analytics & Optimizacion Digital,Retail & Feed,CSA - Tech,Proyecto,Bajo,BLANCO,Nunca ofrecido,Espacio blanco,27.6,C,21,3976.0,0.0,0.046,0.509,0.185,0.75,27.562,1.0,1.0,0.0,0.0,0.0,0.0,0,4,0.0,0.0,0.0,0.0,,,,,"Adyacente a analytics & optimizacion digital, familia donde la cuenta ya compra.",Upsell directo sobre el servicio ya activo
Telefonica,TELEFONICA,Telco,Estrategica,Shopping Insider / Feed AI,Shopping Insider / Feed AI,Analytics & Optimizacion Digital,Retail & Feed,CSA - Tech,Proyecto,Bajo,BLANCO,Nunca ofrecido,Espacio blanco,27.6,C,21,3976.0,0.0,0.046,0.509,0.185,0.75,27.562,1.0,1.0,0.0,0.0,0.0,0.0,0,3,0.0,0.0,0.0,0.0,,,,,"Adyacente a analytics & optimizacion digital, familia donde la cuenta ya compra.",Upsell directo sobre el servicio ya activo
WOM,WOM,Telco,Desarrollo,Performance Powered Conversions (ECL),Performance Powered Conversions (ECL),Data Collection & Activacion,Conversiones Avanzadas,CSA - Tech,Proyecto,Bajo,BLANCO,Nunca ofrecido,Espacio blanco,27.3,C,16,1961.0,0.299,0.077,0.375,0.779,0.1,27.276,1.0,1.0,3.4,0.5,75.0,0.0,0,3,0.0,0.0,0.0,0.0,,,,,Sin anclaje en el portafolio actual de la cuenta; servicio con demanda activa en los ultimos meses.,Usar como abrepuertas de bajo ticket
Cruz Verde,CRUZ VERDE,Retail Farmacia,Emergente,Curves Base Contract,Curves Base contract: 4 channels/2 updates,Measurement & Efectividad,Curvas de Inversion,CSA - Science,Recurrente,Medio,BLANCO,Nunca ofrecido,Espacio blanco,27.2,C,17,6892.0,0.141,0.0,0.612,0.902,0.1,27.225,1.0,1.0,0.0,0.35304166666666664,100.0,0.0,0,1,0.0,0.0,0.0,0.0,,,,,Sin anclaje en el portafolio actual de la cuenta; servicio con demanda activa en los ultimos meses.,Construir caso con benchmark de la industria antes de pitchear
Decathlon,DECATHLON,Retail Deportes,Emergente,Curves Base Contract,Curves Base contract: 4 channels/2 updates,Measurement & Efectividad,Curvas de Inversion,CSA - Science,Recurrente,Medio,BLANCO,Nunca ofrecido,Espacio blanco,27.2,C,17,6892.0,0.141,0.0,0.612,0.902,0.1,27.225,1.0,1.0,0.0,0.35304166666666664,100.0,0.0,0,1,0.0,0.0,0.0,0.0,,,,,Sin anclaje en el portafolio actual de la cuenta; servicio con demanda activa en los ultimos meses.,Construir caso con benchmark de la industria antes de pitchear
Escuela de Comercio y Servicio,ESCUELA DE COMERCIO Y SERVICIO,Educacion,Emergente,Curves Base Contract,Curves Base contract: 4 channels/2 updates,Measurement & Efectividad,Curvas de Inversion,CSA - Science,Recurrente,Medio,BLANCO,Nunca ofrecido,Espacio blanco,27.2,C,17,6892.0,0.141,0.0,0.612,0.902,0.1,27.225,1.0,1.0,0.0,0.35304166666666664,100.0,0.0,0,1,0.0,0.0,0.0,0.0,,,,,Sin anclaje en el portafolio actual de la cuenta; servicio con demanda activa en los ultimos meses.,Construir caso con benchmark de la industria antes de pitchear
GAES,GAES,Salud,Emergente,Curves Base Contract,Curves Base contract: 4 channels/2 updates,Measurement & Efectividad,Curvas de Inversion,CSA - Science,Recurrente,Medio,BLANCO,Nunca ofrecido,Espacio blanco,27.2,C,17,6892.0,0.141,0.0,0.612,0.902,0.1,27.225,1.0,1.0,0.0,0.35304166666666664,100.0,0.0,0,1,0.0,0.0,0.0,0.0,,,,,Sin anclaje en el portafolio actual de la cuenta; servicio con demanda activa en los ultimos meses.,Construir caso con benchmark de la industria antes de pitchear
Gasco,GASCO,Energia & Combustibles,Emergente,Curves Base Contract,Curves Base contract: 4 channels/2 updates,Measurement & Efectividad,Curvas de Inversion,CSA - Science,Recurrente,Medio,BLANCO,Nunca ofrecido,Espacio blanco,27.2,C,18,6892.0,0.141,0.0,0.612,0.902,0.1,27.225,1.0,1.0,0.0,0.35304166666666664,100.0,0.0,0,4,0.0,0.0,0.0,0.0,,,,,Sin anclaje en el portafolio actual de la cuenta; servicio con demanda activa en los ultimos meses.,Construir caso con benchmark de la industria antes de pitchear
LATAM Airlines,LATAM AERLINES,Travel & Aerolineas,Desarrollo,Curves Base Contract,Curves Base contract: 4 channels/2 updates,Measurement & Efectividad,Curvas de Inversion,CSA - Science,Recurrente,Medio,BLANCO,Nunca ofrecido,Espacio blanco,27.2,C,17,6892.0,0.141,0.0,0.612,0.902,0.1,27.225,1.0,1.0,0.0,0.35304166666666664,100.0,0.0,0,2,0.0,0.0,0.0,0.0,,,,,Sin anclaje en el portafolio actual de la cuenta; servicio con demanda activa en los ultimos meses.,Construir caso con benchmark de la industria antes de pitchear
Lactalis,LACTALIS,CPG Alimentos,Emergente,Curves Base Contract,Curves Base contract: 4 channels/2 updates,Measurement & Efectividad,Curvas de Inversion,CSA - Science,Recurrente,Medio,BLANCO,Nunca ofrecido,Espacio blanco,27.2,C,18,6892.0,0.141,0.0,0.612,0.902,0.1,27.225,1.0,1.0,0.0,0.35304166666666664,100.0,0.0,0,2,0.0,0.0,0.0,0.0,,,,,Sin anclaje en el portafolio actual de la cuenta; servicio con demanda activa en los ultimos meses.,Construir caso con benchmark de la industria antes de pitchear
PC Factory,PC FACTORY,Retail Electro,Emergente,Curves Base Contract,Curves Base contract: 4 channels/2 updates,Measurement & Efectividad,Curvas de Inversion,CSA - Science,Recurrente,Medio,BLANCO,Nunca ofrecido,Espacio blanco,27.2,C,17,6892.0,0.141,0.0,0.612,0.902,0.1,27.225,1.0,1.0,0.0,0.35304166666666664,100.0,0.0,0,1,0.0,0.0,0.0,0.0,,,,,Sin anclaje en el portafolio actual de la cuenta; servicio con demanda activa en los ultimos meses.,Construir caso con benchmark de la industria antes de pitchear
PJ Chile SpA,PJ CHILE SPA,Food & QSR,Emergente,Curves Base Contract,Curves Base contract: 4 channels/2 updates,Measurement & Efectividad,Curvas de Inversion,CSA - Science,Recurrente,Medio,BLANCO,Nunca ofrecido,Espacio blanco,27.2,C,17,6892.0,0.141,0.0,0.612,0.902,0.1,27.225,1.0,1.0,0.0,0.35304166666666664,100.0,0.0,0,1,0.0,0.0,0.0,0.0,,,,,Sin anclaje en el portafolio actual de la cuenta; servicio con demanda activa en los ultimos meses.,Construir caso con benchmark de la industria antes de pitchear
Polla Chilena,POLLA,Juegos & Entretenimiento,Emergente,Curves Base Contract,Curves Base contract: 4 channels/2 updates,Measurement & Efectividad,Curvas de Inversion,CSA - Science,Recurrente,Medio,BLANCO,Nunca ofrecido,Espacio blanco,27.2,C,16,6892.0,0.141,0.0,0.612,0.902,0.1,27.225,1.0,1.0,0.0,0.35304166666666664,100.0,0.0,0,1,0.0,0.0,0.0,0.0,,,,,Sin anclaje en el portafolio actual de la cuenta; servicio con demanda activa en los ultimos meses.,Construir caso con benchmark de la industria antes de pitchear
Reckitt,RECKITT,CPG Cuidado Personal,Emergente,Curves Base Contract,Curves Base contract: 4 channels/2 updates,Measurement & Efectividad,Curvas de Inversion,CSA - Science,Recurrente,Medio,BLANCO,Nunca ofrecido,Espacio blanco,27.2,C,17,6892.0,0.141,0.0,0.612,0.902,0.1,27.225,1.0,1.0,0.0,0.35304166666666664,100.0,0.0,0,1,0.0,0.0,0.0,0.0,,,,,Sin anclaje en el portafolio actual de la cuenta; servicio con demanda activa en los ultimos meses.,Construir caso con benchmark de la industria antes de pitchear
Sky Airline,SKY AIRLINE,Travel & Aerolineas,Emergente,Curves Base Contract,Curves Base contract: 4 channels/2 updates,Measurement & Efectividad,Curvas de Inversion,CSA - Science,Recurrente,Medio,BLANCO,Nunca ofrecido,Espacio blanco,27.2,C,17,6892.0,0.141,0.0,0.612,0.902,0.1,27.225,1.0,1.0,0.0,0.35304166666666664,100.0,0.0,0,2,0.0,0.0,0.0,0.0,,,,,Sin anclaje en el portafolio actual de la cuenta; servicio con demanda activa en los ultimos meses.,Construir caso con benchmark de la industria antes de pitchear
Tenpo,TENPO,Fintech & Banca,Emergente,Curves Base Contract,Curves Base contract: 4 channels/2 updates,Measurement & Efectividad,Curvas de Inversion,CSA - Science,Recurrente,Medio,BLANCO,Nunca ofrecido,Espacio blanco,27.2,C,17,6892.0,0.141,0.0,0.612,0.902,0.1,27.225,1.0,1.0,0.0,0.35304166666666664,100.0,0.0,0,1,0.0,0.0,0.0,0.0,,,,,Sin anclaje en el portafolio actual de la cuenta; servicio con demanda activa en los ultimos meses.,Construir caso con benchmark de la industria antes de pitchear
Tricot,TRICOT,Retail Vestuario,Emergente,Curves Base Contract,Curves Base contract: 4 channels/2 updates,Measurement & Efectividad,Curvas de Inversion,CSA - Science,Recurrente,Medio,BLANCO,Nunca ofrecido,Espacio blanco,27.2,C,17,6892.0,0.141,0.0,0.612,0.902,0.1,27.225,1.0,1.0,0.0,0.35304166666666664,100.0,0.0,0,1,0.0,0.0,0.0,0.0,,,,,Sin anclaje en el portafolio actual de la cuenta; servicio con demanda activa en los ultimos meses.,Construir caso con benchmark de la industria antes de pitchear
Verisure,VERISURE,Servicios Hogar & Seguridad,Desarrollo,Curves Base Contract,Curves Base contract: 4 channels/2 updates,Measurement & Efectividad,Curvas de Inversion,CSA - Science,Recurrente,Medio,BLANCO,Nunca ofrecido,Espacio blanco,27.2,C,17,6892.0,0.141,0.0,0.612,0.902,0.1,27.225,1.0,1.0,0.0,0.35304166666666664,100.0,0.0,0,1,0.0,0.0,0.0,0.0,,,,,Sin anclaje en el portafolio actual de la cuenta; servicio con demanda activa en los ultimos meses.,Construir caso con benchmark de la industria antes de pitchear
WOM,WOM,Telco,Desarrollo,Curves Base Contract,Curves Base contract: 4 channels/2 updates,Measurement & Efectividad,Curvas de Inversion,CSA - Science,Recurrente,Medio,BLANCO,Nunca ofrecido,Espacio blanco,27.2,C,17,6892.0,0.141,0.0,0.612,0.902,0.1,27.225,1.0,1.0,0.0,0.35304166666666664,100.0,0.0,0,3,0.0,0.0,0.0,0.0,,,,,Sin anclaje en el portafolio actual de la cuenta; servicio con demanda activa en los ultimos meses.,Construir caso con benchmark de la industria antes de pitchear
Watts,WATTS,CPG Alimentos,Desarrollo,Curves Base Contract,Curves Base contract: 4 channels/2 updates,Measurement & Efectividad,Curvas de Inversion,CSA - Science,Recurrente,Medio,BLANCO,Nunca ofrecido,Espacio blanco,27.2,C,17,6892.0,0.141,0.0,0.612,0.902,0.1,27.225,1.0,1.0,0.0,0.35304166666666664,100.0,0.0,0,2,0.0,0.0,0.0,0.0,,,,,Sin anclaje en el portafolio actual de la cuenta; servicio con demanda activa en los ultimos meses.,Construir caso con benchmark de la industria antes de pitchear
Decathlon,DECATHLON,Retail Deportes,Emergente,Performance Powered Conversions (ECL),Performance Powered Conversions (ECL),Data Collection & Activacion,Conversiones Avanzadas,CSA - Tech,Proyecto,Bajo,BLANCO,Nunca ofrecido,Espacio blanco,26.8,C,18,1961.0,0.299,0.058,0.375,0.779,0.1,26.764,1.0,1.0,3.4,0.5,75.0,0.0,0,1,0.0,0.0,0.0,0.0,,,,,Sin anclaje en el portafolio actual de la cuenta; servicio con demanda activa en los ultimos meses.,Usar como abrepuertas de bajo ticket
Escuela de Comercio y Servicio,ESCUELA DE COMERCIO Y SERVICIO,Educacion,Emergente,Performance Powered Conversions (ECL),Performance Powered Conversions (ECL),Data Collection & Activacion,Conversiones Avanzadas,CSA - Tech,Proyecto,Bajo,BLANCO,Nunca ofrecido,Espacio blanco,26.8,C,18,1961.0,0.299,0.058,0.375,0.779,0.1,26.764,1.0,1.0,3.4,0.5,75.0,0.0,0,1,0.0,0.0,0.0,0.0,,,,,Sin anclaje en el portafolio actual de la cuenta; servicio con demanda activa en los ultimos meses.,Usar como abrepuertas de bajo ticket
Inchcape Americas,INCHAPE AMERICAS,Automotriz,Desarrollo,C-GenIA Basic Mensual,C-GenIA - Basic (200 images) per month,Creative Intelligence & GenAI,Creative GenAI,CSA - Tech,Recurrente,Medio,BLANCO,Nunca ofrecido,Espacio blanco,26.8,C,17,9661.0,0.0,0.078,0.676,0.881,0.1,26.772,1.0,1.0,0.0,0.0,100.0,0.0,0,4,0.0,0.0,0.0,0.0,,,,,Sin anclaje en el portafolio actual de la cuenta; servicio con demanda activa en los ultimos meses.,Construir caso con benchmark de la industria antes de pitchear
Polla Chilena,POLLA,Juegos & Entretenimiento,Emergente,Performance Powered Conversions (ECL),Performance Powered Conversions (ECL),Data Collection & Activacion,Conversiones Avanzadas,CSA - Tech,Proyecto,Bajo,BLANCO,Nunca ofrecido,Espacio blanco,26.8,C,17,1961.0,0.299,0.058,0.375,0.779,0.1,26.764,1.0,1.0,3.4,0.5,75.0,0.0,0,1,0.0,0.0,0.0,0.0,,,,,Sin anclaje en el portafolio actual de la cuenta; servicio con demanda activa en los ultimos meses.,Usar como abrepuertas de bajo ticket
Watts,WATTS,CPG Alimentos,Desarrollo,C-GenIA Basic Mensual,C-GenIA - Basic (200 images) per month,Creative Intelligence & GenAI,Creative GenAI,CSA - Tech,Recurrente,Medio,BLANCO,Nunca ofrecido,Espacio blanco,26.8,C,18,9661.0,0.0,0.078,0.676,0.881,0.1,26.772,1.0,1.0,0.0,0.0,100.0,0.0,0,2,0.0,0.0,0.0,0.0,,,,,Sin anclaje en el portafolio actual de la cuenta; servicio con demanda activa en los ultimos meses.,Construir caso con benchmark de la industria antes de pitchear
Gildemeister,GILDEMEISTER,Automotriz,Estrategica,Shopping Insider / Feed AI,Shopping Insider / Feed AI,Analytics & Optimizacion Digital,Retail & Feed,CSA - Tech,Proyecto,Bajo,BLANCO,Nunca ofrecido,Espacio blanco,26.4,C,20,3976.0,0.0,0.0,0.509,0.185,0.75,26.379,1.0,1.0,0.0,0.0,0.0,0.0,0,4,0.0,0.0,0.0,0.0,,,,,"Adyacente a analytics & optimizacion digital, familia donde la cuenta ya compra.",Upsell directo sobre el servicio ya activo
Cruz Verde,CRUZ VERDE,Retail Farmacia,Emergente,VIGenAIr,VIGenAIr,Creative Intelligence & GenAI,Video GenAI,CSA - Tech,Proyecto,Medio,BLANCO,Nunca ofrecido,Espacio blanco,26.3,C,18,4945.0,0.141,0.0,0.55,0.921,0.1,26.33,1.0,1.0,0.0,0.35304166666666664,100.0,0.0,0,1,0.0,0.0,0.0,0.0,,,,,Sin anclaje en el portafolio actual de la cuenta; servicio con demanda activa en los ultimos meses.,Construir caso con benchmark de la industria antes de pitchear
Decathlon,DECATHLON,Retail Deportes,Emergente,VIGenAIr,VIGenAIr,Creative Intelligence & GenAI,Video GenAI,CSA - Tech,Proyecto,Medio,BLANCO,Nunca ofrecido,Espacio blanco,26.3,C,19,4945.0,0.141,0.0,0.55,0.921,0.1,26.33,1.0,1.0,0.0,0.35304166666666664,100.0,0.0,0,1,0.0,0.0,0.0,0.0,,,,,Sin anclaje en el portafolio actual de la cuenta; servicio con demanda activa en los ultimos meses.,Construir caso con benchmark de la industria antes de pitchear
Escuela de Comercio y Servicio,ESCUELA DE COMERCIO Y SERVICIO,Educacion,Emergente,VIGenAIr,VIGenAIr,Creative Intelligence & GenAI,Video GenAI,CSA - Tech,Proyecto,Medio,BLANCO,Nunca ofrecido,Espacio blanco,26.3,C,19,4945.0,0.141,0.0,0.55,0.921,0.1,26.33,1.0,1.0,0.0,0.35304166666666664,100.0,0.0,0,1,0.0,0.0,0.0,0.0,,,,,Sin anclaje en el portafolio actual de la cuenta; servicio con demanda activa en los ultimos meses.,Construir caso con benchmark de la industria antes de pitchear
Esmax,ESMAX,Energia & Combustibles,Desarrollo,Geolift,Geolift,Measurement & Efectividad,Incrementalidad & Experimentos,CSA - Science,Proyecto,Bajo,BLANCO,Nunca ofrecido,Espacio blanco,26.3,C,22,3628.0,0.0,0.0,0.491,0.202,0.75,26.266,1.0,1.0,0.0,0.0,0.0,0.0,0,4,0.0,0.0,0.0,0.0,,,,,"Adyacente a measurement & efectividad, familia donde la cuenta ya compra.",Upsell directo sobre el servicio ya activo
GAES,GAES,Salud,Emergente,VIGenAIr,VIGenAIr,Creative Intelligence & GenAI,Video GenAI,CSA - Tech,Proyecto,Medio,BLANCO,Nunca ofrecido,Espacio blanco,26.3,C,18,4945.0,0.141,0.0,0.55,0.921,0.1,26.33,1.0,1.0,0.0,0.35304166666666664,100.0,0.0,0,1,0.0,0.0,0.0,0.0,,,,,Sin anclaje en el portafolio actual de la cuenta; servicio con demanda activa en los ultimos meses.,Construir caso con benchmark de la industria antes de pitchear
Gasco,GASCO,Energia & Combustibles,Emergente,VIGenAIr,VIGenAIr,Creative Intelligence & GenAI,Video GenAI,CSA - Tech,Proyecto,Medio,BLANCO,Nunca ofrecido,Espacio blanco,26.3,C,19,4945.0,0.141,0.0,0.55,0.921,0.1,26.33,1.0,1.0,0.0,0.35304166666666664,100.0,0.0,0,4,0.0,0.0,0.0,0.0,,,,,Sin anclaje en el portafolio actual de la cuenta; servicio con demanda activa en los ultimos meses.,Construir caso con benchmark de la industria antes de pitchear
Inchcape Americas,INCHAPE AMERICAS,Automotriz,Desarrollo,VIGenAIr,VIGenAIr,Creative Intelligence & GenAI,Video GenAI,CSA - Tech,Proyecto,Medio,BLANCO,Nunca ofrecido,Espacio blanco,26.3,C,18,4945.0,0.141,0.0,0.55,0.921,0.1,26.33,1.0,1.0,0.0,0.35304166666666664,100.0,0.0,0,4,0.0,0.0,0.0,0.0,,,,,Sin anclaje en el portafolio actual de la cuenta; servicio con demanda activa en los ultimos meses.,Construir caso con benchmark de la industria antes de pitchear
LATAM Airlines,LATAM AERLINES,Travel & Aerolineas,Desarrollo,VIGenAIr,VIGenAIr,Creative Intelligence & GenAI,Video GenAI,CSA - Tech,Proyecto,Medio,BLANCO,Nunca ofrecido,Espacio blanco,26.3,C,18,4945.0,0.141,0.0,0.55,0.921,0.1,26.33,1.0,1.0,0.0,0.35304166666666664,100.0,0.0,0,2,0.0,0.0,0.0,0.0,,,,,Sin anclaje en el portafolio actual de la cuenta; servicio con demanda activa en los ultimos meses.,Construir caso con benchmark de la industria antes de pitchear
PC Factory,PC FACTORY,Retail Electro,Emergente,C-GenIA Basic Mensual,C-GenIA - Basic (200 images) per month,Creative Intelligence & GenAI,Creative GenAI,CSA - Tech,Recurrente,Medio,BLANCO,Nunca ofrecido,Espacio blanco,26.3,C,18,9661.0,0.0,0.059,0.676,0.881,0.1,26.262,1.0,1.0,0.0,0.0,100.0,0.0,0,1,0.0,0.0,0.0,0.0,,,,,Sin anclaje en el portafolio actual de la cuenta; servicio con demanda activa en los ultimos meses.,Construir caso con benchmark de la industria antes de pitchear
PC Factory,PC FACTORY,Retail Electro,Emergente,VIGenAIr,VIGenAIr,Creative Intelligence & GenAI,Video GenAI,CSA - Tech,Proyecto,Medio,BLANCO,Nunca ofrecido,Espacio blanco,26.3,C,19,4945.0,0.141,0.0,0.55,0.921,0.1,26.33,1.0,1.0,0.0,0.35304166666666664,100.0,0.0,0,1,0.0,0.0,0.0,0.0,,,,,Sin anclaje en el portafolio actual de la cuenta; servicio con demanda activa en los ultimos meses.,Construir caso con benchmark de la industria antes de pitchear
PJ Chile SpA,PJ CHILE SPA,Food & QSR,Emergente,VIGenAIr,VIGenAIr,Creative Intelligence & GenAI,Video GenAI,CSA - Tech,Proyecto,Medio,BLANCO,Nunca ofrecido,Espacio blanco,26.3,C,18,4945.0,0.141,0.0,0.55,0.921,0.1,26.33,1.0,1.0,0.0,0.35304166666666664,100.0,0.0,0,1,0.0,0.0,0.0,0.0,,,,,Sin anclaje en el portafolio actual de la cuenta; servicio con demanda activa en los ultimos meses.,Construir caso con benchmark de la industria antes de pitchear
Polla Chilena,POLLA,Juegos & Entretenimiento,Emergente,VIGenAIr,VIGenAIr,Creative Intelligence & GenAI,Video GenAI,CSA - Tech,Proyecto,Medio,BLANCO,Nunca ofrecido,Espacio blanco,26.3,C,18,4945.0,0.141,0.0,0.55,0.921,0.1,26.33,1.0,1.0,0.0,0.35304166666666664,100.0,0.0,0,1,0.0,0.0,0.0,0.0,,,,,Sin anclaje en el portafolio actual de la cuenta; servicio con demanda activa en los ultimos meses.,Construir caso con benchmark de la industria antes de pitchear
Reckitt,RECKITT,CPG Cuidado Personal,Emergente,VIGenAIr,VIGenAIr,Creative Intelligence & GenAI,Video GenAI,CSA - Tech,Proyecto,Medio,BLANCO,Nunca ofrecido,Espacio blanco,26.3,C,18,4945.0,0.141,0.0,0.55,0.921,0.1,26.33,1.0,1.0,0.0,0.35304166666666664,100.0,0.0,0,1,0.0,0.0,0.0,0.0,,,,,Sin anclaje en el portafolio actual de la cuenta; servicio con demanda activa en los ultimos meses.,Construir caso con benchmark de la industria antes de pitchear
Sky Airline,SKY AIRLINE,Travel & Aerolineas,Emergente,VIGenAIr,VIGenAIr,Creative Intelligence & GenAI,Video GenAI,CSA - Tech,Proyecto,Medio,BLANCO,Nunca ofrecido,Espacio blanco,26.3,C,18,4945.0,0.141,0.0,0.55,0.921,0.1,26.33,1.0,1.0,0.0,0.35304166666666664,100.0,0.0,0,2,0.0,0.0,0.0,0.0,,,,,Sin anclaje en el portafolio actual de la cuenta; servicio con demanda activa en los ultimos meses.,Construir caso con benchmark de la industria antes de pitchear
Tenpo,TENPO,Fintech & Banca,Emergente,VIGenAIr,VIGenAIr,Creative Intelligence & GenAI,Video GenAI,CSA - Tech,Proyecto,Medio,BLANCO,Nunca ofrecido,Espacio blanco,26.3,C,18,4945.0,0.141,0.0,0.55,0.921,0.1,26.33,1.0,1.0,0.0,0.35304166666666664,100.0,0.0,0,1,0.0,0.0,0.0,0.0,,,,,Sin anclaje en el portafolio actual de la cuenta; servicio con demanda activa en los ultimos meses.,Construir caso con benchmark de la industria antes de pitchear
Tricot,TRICOT,Retail Vestuario,Emergente,VIGenAIr,VIGenAIr,Creative Intelligence & GenAI,Video GenAI,CSA - Tech,Proyecto,Medio,BLANCO,Nunca ofrecido,Espacio blanco,26.3,C,18,4945.0,0.141,0.0,0.55,0.921,0.1,26.33,1.0,1.0,0.0,0.35304166666666664,100.0,0.0,0,1,0.0,0.0,0.0,0.0,,,,,Sin anclaje en el portafolio actual de la cuenta; servicio con demanda activa en los ultimos meses.,Construir caso con benchmark de la industria antes de pitchear
Verisure,VERISURE,Servicios Hogar & Seguridad,Desarrollo,VIGenAIr,VIGenAIr,Creative Intelligence & GenAI,Video GenAI,CSA - Tech,Proyecto,Medio,BLANCO,Nunca ofrecido,Espacio blanco,26.3,C,18,4945.0,0.141,0.0,0.55,0.921,0.1,26.33,1.0,1.0,0.0,0.35304166666666664,100.0,0.0,0,1,0.0,0.0,0.0,0.0,,,,,Sin anclaje en el portafolio actual de la cuenta; servicio con demanda activa en los ultimos meses.,Construir caso con benchmark de la industria antes de pitchear
WOM,WOM,Telco,Desarrollo,VIGenAIr,VIGenAIr,Creative Intelligence & GenAI,Video GenAI,CSA - Tech,Proyecto,Medio,BLANCO,Nunca ofrecido,Espacio blanco,26.3,C,18,4945.0,0.141,0.0,0.55,0.921,0.1,26.33,1.0,1.0,0.0,0.35304166666666664,100.0,0.0,0,3,0.0,0.0,0.0,0.0,,,,,Sin anclaje en el portafolio actual de la cuenta; servicio con demanda activa en los ultimos meses.,Construir caso con benchmark de la industria antes de pitchear
Watts,WATTS,CPG Alimentos,Desarrollo,VIGenAIr,VIGenAIr,Creative Intelligence & GenAI,Video GenAI,CSA - Tech,Proyecto,Medio,BLANCO,Nunca ofrecido,Espacio blanco,26.3,C,19,4945.0,0.141,0.0,0.55,0.921,0.1,26.33,1.0,1.0,0.0,0.35304166666666664,100.0,0.0,0,2,0.0,0.0,0.0,0.0,,,,,Sin anclaje en el portafolio actual de la cuenta; servicio con demanda activa en los ultimos meses.,Construir caso con benchmark de la industria antes de pitchear
Cruz Verde,CRUZ VERDE,Retail Farmacia,Emergente,MIM Bayesiano,MIM Bayesiano,Measurement & Efectividad,Marketing Mix Modeling,CSA - Science,Proyecto,Alto,BLANCO,Nunca ofrecido,Espacio blanco,26.2,C,19,34348.0,0.0,0.0,0.914,0.648,0.1,26.239,1.0,1.0,0.0,0.0,50.0,0.0,0,1,0.0,0.0,0.0,0.0,,,,,Sin anclaje en el portafolio actual de la cuenta.,Construir caso con benchmark de la industria antes de pitchear
Decathlon,DECATHLON,Retail Deportes,Emergente,MIM Bayesiano,MIM Bayesiano,Measurement & Efectividad,Marketing Mix Modeling,CSA - Science,Proyecto,Alto,BLANCO,Nunca ofrecido,Espacio blanco,26.2,C,20,34348.0,0.0,0.0,0.914,0.648,0.1,26.239,1.0,1.0,0.0,0.0,50.0,0.0,0,1,0.0,0.0,0.0,0.0,,,,,Sin anclaje en el portafolio actual de la cuenta.,Construir caso con benchmark de la industria antes de pitchear
Escuela de Comercio y Servicio,ESCUELA DE COMERCIO Y SERVICIO,Educacion,Emergente,MIM Bayesiano,MIM Bayesiano,Measurement & Efectividad,Marketing Mix Modeling,CSA - Science,Proyecto,Alto,BLANCO,Nunca ofrecido,Espacio blanco,26.2,C,20,34348.0,0.0,0.0,0.914,0.648,0.1,26.239,1.0,1.0,0.0,0.0,50.0,0.0,0,1,0.0,0.0,0.0,0.0,,,,,Sin anclaje en el portafolio actual de la cuenta.,Construir caso con benchmark de la industria antes de pitchear
GAES,GAES,Salud,Emergente,MIM Bayesiano,MIM Bayesiano,Measurement & Efectividad,Marketing Mix Modeling,CSA - Science,Proyecto,Alto,BLANCO,Nunca ofrecido,Espacio blanco,26.2,C,19,34348.0,0.0,0.0,0.914,0.648,0.1,26.239,1.0,1.0,0.0,0.0,50.0,0.0,0,1,0.0,0.0,0.0,0.0,,,,,Sin anclaje en el portafolio actual de la cuenta.,Construir caso con benchmark de la industria antes de pitchear
Gasco,GASCO,Energia & Combustibles,Emergente,MIM Bayesiano,MIM Bayesiano,Measurement & Efectividad,Marketing Mix Modeling,CSA - Science,Proyecto,Alto,BLANCO,Nunca ofrecido,Espacio blanco,26.2,C,20,34348.0,0.0,0.0,0.914,0.648,0.1,26.239,1.0,1.0,0.0,0.0,50.0,0.0,0,4,0.0,0.0,0.0,0.0,,,,,Sin anclaje en el portafolio actual de la cuenta.,Construir caso con benchmark de la industria antes de pitchear
Inchcape Americas,INCHAPE AMERICAS,Automotriz,Desarrollo,MIM Bayesiano,MIM Bayesiano,Measurement & Efectividad,Marketing Mix Modeling,CSA - Science,Proyecto,Alto,BLANCO,Nunca ofrecido,Espacio blanco,26.2,C,19,34348.0,0.0,0.0,0.914,0.648,0.1,26.239,1.0,1.0,0.0,0.0,50.0,0.0,0,4,0.0,0.0,0.0,0.0,,,,,Sin anclaje en el portafolio actual de la cuenta.,Construir caso con benchmark de la industria antes de pitchear
LATAM Airlines,LATAM AERLINES,Travel & Aerolineas,Desarrollo,MIM Bayesiano,MIM Bayesiano,Measurement & Efectividad,Marketing Mix Modeling,CSA - Science,Proyecto,Alto,BLANCO,Nunca ofrecido,Espacio blanco,26.2,C,19,34348.0,0.0,0.0,0.914,0.648,0.1,26.239,1.0,1.0,0.0,0.0,50.0,0.0,0,2,0.0,0.0,0.0,0.0,,,,,Sin anclaje en el portafolio actual de la cuenta.,Construir caso con benchmark de la industria antes de pitchear
Lactalis,LACTALIS,CPG Alimentos,Emergente,MIM Bayesiano,MIM Bayesiano,Measurement & Efectividad,Marketing Mix Modeling,CSA - Science,Proyecto,Alto,BLANCO,Nunca ofrecido,Espacio blanco,26.2,C,19,34348.0,0.0,0.0,0.914,0.648,0.1,26.239,1.0,1.0,0.0,0.0,50.0,0.0,0,2,0.0,0.0,0.0,0.0,,,,,Sin anclaje en el portafolio actual de la cuenta.,Construir caso con benchmark de la industria antes de pitchear
PC Factory,PC FACTORY,Retail Electro,Emergente,MIM Bayesiano,MIM Bayesiano,Measurement & Efectividad,Marketing Mix Modeling,CSA - Science,Proyecto,Alto,BLANCO,Nunca ofrecido,Espacio blanco,26.2,C,20,34348.0,0.0,0.0,0.914,0.648,0.1,26.239,1.0,1.0,0.0,0.0,50.0,0.0,0,1,0.0,0.0,0.0,0.0,,,,,Sin anclaje en el portafolio actual de la cuenta.,Construir caso con benchmark de la industria antes de pitchear
PJ Chile SpA,PJ CHILE SPA,Food & QSR,Emergente,MIM Bayesiano,MIM Bayesiano,Measurement & Efectividad,Marketing Mix Modeling,CSA - Science,Proyecto,Alto,BLANCO,Nunca ofrecido,Espacio blanco,26.2,C,19,34348.0,0.0,0.0,0.914,0.648,0.1,26.239,1.0,1.0,0.0,0.0,50.0,0.0,0,1,0.0,0.0,0.0,0.0,,,,,Sin anclaje en el portafolio actual de la cuenta.,Construir caso con benchmark de la industria antes de pitchear
Polla Chilena,POLLA,Juegos & Entretenimiento,Emergente,MIM Bayesiano,MIM Bayesiano,Measurement & Efectividad,Marketing Mix Modeling,CSA - Science,Proyecto,Alto,BLANCO,Nunca ofrecido,Espacio blanco,26.2,C,19,34348.0,0.0,0.0,0.914,0.648,0.1,26.239,1.0,1.0,0.0,0.0,50.0,0.0,0,1,0.0,0.0,0.0,0.0,,,,,Sin anclaje en el portafolio actual de la cuenta.,Construir caso con benchmark de la industria antes de pitchear
Reckitt,RECKITT,CPG Cuidado Personal,Emergente,MIM Bayesiano,MIM Bayesiano,Measurement & Efectividad,Marketing Mix Modeling,CSA - Science,Proyecto,Alto,BLANCO,Nunca ofrecido,Espacio blanco,26.2,C,19,34348.0,0.0,0.0,0.914,0.648,0.1,26.239,1.0,1.0,0.0,0.0,50.0,0.0,0,1,0.0,0.0,0.0,0.0,,,,,Sin anclaje en el portafolio actual de la cuenta.,Construir caso con benchmark de la industria antes de pitchear
Sky Airline,SKY AIRLINE,Travel & Aerolineas,Emergente,MIM Bayesiano,MIM Bayesiano,Measurement & Efectividad,Marketing Mix Modeling,CSA - Science,Proyecto,Alto,BLANCO,Nunca ofrecido,Espacio blanco,26.2,C,19,34348.0,0.0,0.0,0.914,0.648,0.1,26.239,1.0,1.0,0.0,0.0,50.0,0.0,0,2,0.0,0.0,0.0,0.0,,,,,Sin anclaje en el portafolio actual de la cuenta.,Construir caso con benchmark de la industria antes de pitchear
Tenpo,TENPO,Fintech & Banca,Emergente,MIM Bayesiano,MIM Bayesiano,Measurement & Efectividad,Marketing Mix Modeling,CSA - Science,Proyecto,Alto,BLANCO,Nunca ofrecido,Espacio blanco,26.2,C,19,34348.0,0.0,0.0,0.914,0.648,0.1,26.239,1.0,1.0,0.0,0.0,50.0,0.0,0,1,0.0,0.0,0.0,0.0,,,,,Sin anclaje en el portafolio actual de la cuenta.,Construir caso con benchmark de la industria antes de pitchear
Tricot,TRICOT,Retail Vestuario,Emergente,MIM Bayesiano,MIM Bayesiano,Measurement & Efectividad,Marketing Mix Modeling,CSA - Science,Proyecto,Alto,BLANCO,Nunca ofrecido,Espacio blanco,26.2,C,19,34348.0,0.0,0.0,0.914,0.648,0.1,26.239,1.0,1.0,0.0,0.0,50.0,0.0,0,1,0.0,0.0,0.0,0.0,,,,,Sin anclaje en el portafolio actual de la cuenta.,Construir caso con benchmark de la industria antes de pitchear
WOM,WOM,Telco,Desarrollo,MIM Bayesiano,MIM Bayesiano,Measurement & Efectividad,Marketing Mix Modeling,CSA - Science,Proyecto,Alto,BLANCO,Nunca ofrecido,Espacio blanco,26.2,C,19,34348.0,0.0,0.0,0.914,0.648,0.1,26.239,1.0,1.0,0.0,0.0,50.0,0.0,0,3,0.0,0.0,0.0,0.0,,,,,Sin anclaje en el portafolio actual de la cuenta.,Construir caso con benchmark de la industria antes de pitchear
Watts,WATTS,CPG Alimentos,Desarrollo,MIM Bayesiano,MIM Bayesiano,Measurement & Efectividad,Marketing Mix Modeling,CSA - Science,Proyecto,Alto,BLANCO,Nunca ofrecido,Espacio blanco,26.2,C,20,34348.0,0.0,0.0,0.914,0.648,0.1,26.239,1.0,1.0,0.0,0.0,50.0,0.0,0,2,0.0,0.0,0.0,0.0,,,,,Sin anclaje en el portafolio actual de la cuenta.,Construir caso con benchmark de la industria antes de pitchear
Claro,CLARO,Telco,Estrategica,Nested (MMM + BEM),Nested (MMM + BEM) without Data Collection,Measurement & Efectividad,Marketing Mix Modeling,CSA - Science,Proyecto,Alto,EN_PAUSA,En pausa,Rescate (en pausa),26.0,C,17,28181.0,0.0,0.0,0.877,0.963,1.0,47.346,0.55,1.0,0.0,0.0,100.0,0.0,0,3,0.0,0.0,1.0,0.0,,,,2026-04-17,"Adyacente a measurement & efectividad, familia donde la cuenta ya compra; servicio con demanda activa en los ultimos meses; quedo en pausa: falta destrabar.",Destrabar la propuesta en pausa con el contacto original
PJ Chile SpA,PJ CHILE SPA,Food & QSR,Emergente,C-GenIA Basic Mensual,C-GenIA - Basic (200 images) per month,Creative Intelligence & GenAI,Creative GenAI,CSA - Tech,Recurrente,Medio,BLANCO,Nunca ofrecido,Espacio blanco,26.0,C,20,9661.0,0.0,0.047,0.676,0.881,0.1,25.96,1.0,1.0,0.0,0.0,100.0,0.0,0,1,0.0,0.0,0.0,0.0,,,,,Sin anclaje en el portafolio actual de la cuenta; servicio con demanda activa en los ultimos meses.,Construir caso con benchmark de la industria antes de pitchear
Tricot,TRICOT,Retail Vestuario,Emergente,C-GenIA Basic Mensual,C-GenIA - Basic (200 images) per month,Creative Intelligence & GenAI,Creative GenAI,CSA - Tech,Recurrente,Medio,BLANCO,Nunca ofrecido,Espacio blanco,26.0,C,20,9661.0,0.0,0.047,0.676,0.881,0.1,25.96,1.0,1.0,0.0,0.0,100.0,0.0,0,1,0.0,0.0,0.0,0.0,,,,,Sin anclaje en el portafolio actual de la cuenta; servicio con demanda activa en los ultimos meses.,Construir caso con benchmark de la industria antes de pitchear
Cruz Verde,CRUZ VERDE,Retail Farmacia,Emergente,CAPI Offline CRM,CAPI Automated Offline Integration with CRM,Data Collection & Activacion,Server-Side / CAPI,CSA - Tech,Proyecto,Medio,BLANCO,Nunca ofrecido,Espacio blanco,25.9,C,20,4068.0,0.141,0.0,0.513,0.937,0.1,25.866,1.0,1.0,0.0,0.35304166666666664,100.0,0.0,0,1,0.0,0.0,0.0,0.0,,,,,Sin anclaje en el portafolio actual de la cuenta; servicio con demanda activa en los ultimos meses.,Construir caso con benchmark de la industria antes de pitchear
Decathlon,DECATHLON,Retail Deportes,Emergente,CAPI Offline CRM,CAPI Automated Offline Integration with CRM,Data Collection & Activacion,Server-Side / CAPI,CSA - Tech,Proyecto,Medio,BLANCO,Nunca ofrecido,Espacio blanco,25.9,C,21,4068.0,0.141,0.0,0.513,0.937,0.1,25.866,1.0,1.0,0.0,0.35304166666666664,100.0,0.0,0,1,0.0,0.0,0.0,0.0,,,,,Sin anclaje en el portafolio actual de la cuenta; servicio con demanda activa en los ultimos meses.,Construir caso con benchmark de la industria antes de pitchear
Escuela de Comercio y Servicio,ESCUELA DE COMERCIO Y SERVICIO,Educacion,Emergente,CAPI Offline CRM,CAPI Automated Offline Integration with CRM,Data Collection & Activacion,Server-Side / CAPI,CSA - Tech,Proyecto,Medio,BLANCO,Nunca ofrecido,Espacio blanco,25.9,C,21,4068.0,0.141,0.0,0.513,0.937,0.1,25.866,1.0,1.0,0.0,0.35304166666666664,100.0,0.0,0,1,0.0,0.0,0.0,0.0,,,,,Sin anclaje en el portafolio actual de la cuenta; servicio con demanda activa en los ultimos meses.,Construir caso con benchmark de la industria antes de pitchear
GAES,GAES,Salud,Emergente,CAPI Offline CRM,CAPI Automated Offline Integration with CRM,Data Collection & Activacion,Server-Side / CAPI,CSA - Tech,Proyecto,Medio,BLANCO,Nunca ofrecido,Espacio blanco,25.9,C,20,4068.0,0.141,0.0,0.513,0.937,0.1,25.866,1.0,1.0,0.0,0.35304166666666664,100.0,0.0,0,1,0.0,0.0,0.0,0.0,,,,,Sin anclaje en el portafolio actual de la cuenta; servicio con demanda activa en los ultimos meses.,Construir caso con benchmark de la industria antes de pitchear
Gasco,GASCO,Energia & Combustibles,Emergente,CAPI Offline CRM,CAPI Automated Offline Integration with CRM,Data Collection & Activacion,Server-Side / CAPI,CSA - Tech,Proyecto,Medio,BLANCO,Nunca ofrecido,Espacio blanco,25.9,C,21,4068.0,0.141,0.0,0.513,0.937,0.1,25.866,1.0,1.0,0.0,0.35304166666666664,100.0,0.0,0,4,0.0,0.0,0.0,0.0,,,,,Sin anclaje en el portafolio actual de la cuenta; servicio con demanda activa en los ultimos meses.,Construir caso con benchmark de la industria antes de pitchear
Inchcape Americas,INCHAPE AMERICAS,Automotriz,Desarrollo,CAPI Offline CRM,CAPI Automated Offline Integration with CRM,Data Collection & Activacion,Server-Side / CAPI,CSA - Tech,Proyecto,Medio,BLANCO,Nunca ofrecido,Espacio blanco,25.9,C,20,4068.0,0.141,0.0,0.513,0.937,0.1,25.866,1.0,1.0,0.0,0.35304166666666664,100.0,0.0,0,4,0.0,0.0,0.0,0.0,,,,,Sin anclaje en el portafolio actual de la cuenta; servicio con demanda activa en los ultimos meses.,Construir caso con benchmark de la industria antes de pitchear
LATAM Airlines,LATAM AERLINES,Travel & Aerolineas,Desarrollo,CAPI Offline CRM,CAPI Automated Offline Integration with CRM,Data Collection & Activacion,Server-Side / CAPI,CSA - Tech,Proyecto,Medio,BLANCO,Nunca ofrecido,Espacio blanco,25.9,C,20,4068.0,0.141,0.0,0.513,0.937,0.1,25.866,1.0,1.0,0.0,0.35304166666666664,100.0,0.0,0,2,0.0,0.0,0.0,0.0,,,,,Sin anclaje en el portafolio actual de la cuenta; servicio con demanda activa en los ultimos meses.,Construir caso con benchmark de la industria antes de pitchear
Lactalis,LACTALIS,CPG Alimentos,Emergente,CAPI Offline CRM,CAPI Automated Offline Integration with CRM,Data Collection & Activacion,Server-Side / CAPI,CSA - Tech,Proyecto,Medio,BLANCO,Nunca ofrecido,Espacio blanco,25.9,C,20,4068.0,0.141,0.0,0.513,0.937,0.1,25.866,1.0,1.0,0.0,0.35304166666666664,100.0,0.0,0,2,0.0,0.0,0.0,0.0,,,,,Sin anclaje en el portafolio actual de la cuenta; servicio con demanda activa en los ultimos meses.,Construir caso con benchmark de la industria antes de pitchear
PC Factory,PC FACTORY,Retail Electro,Emergente,CAPI Offline CRM,CAPI Automated Offline Integration with CRM,Data Collection & Activacion,Server-Side / CAPI,CSA - Tech,Proyecto,Medio,BLANCO,Nunca ofrecido,Espacio blanco,25.9,C,21,4068.0,0.141,0.0,0.513,0.937,0.1,25.866,1.0,1.0,0.0,0.35304166666666664,100.0,0.0,0,1,0.0,0.0,0.0,0.0,,,,,Sin anclaje en el portafolio actual de la cuenta; servicio con demanda activa en los ultimos meses.,Construir caso con benchmark de la industria antes de pitchear
PJ Chile SpA,PJ CHILE SPA,Food & QSR,Emergente,CAPI Offline CRM,CAPI Automated Offline Integration with CRM,Data Collection & Activacion,Server-Side / CAPI,CSA - Tech,Proyecto,Medio,BLANCO,Nunca ofrecido,Espacio blanco,25.9,C,21,4068.0,0.141,0.0,0.513,0.937,0.1,25.866,1.0,1.0,0.0,0.35304166666666664,100.0,0.0,0,1,0.0,0.0,0.0,0.0,,,,,Sin anclaje en el portafolio actual de la cuenta; servicio con demanda activa en los ultimos meses.,Construir caso con benchmark de la industria antes de pitchear
Polla Chilena,POLLA,Juegos & Entretenimiento,Emergente,CAPI Offline CRM,CAPI Automated Offline Integration with CRM,Data Collection & Activacion,Server-Side / CAPI,CSA - Tech,Proyecto,Medio,BLANCO,Nunca ofrecido,Espacio blanco,25.9,C,20,4068.0,0.141,0.0,0.513,0.937,0.1,25.866,1.0,1.0,0.0,0.35304166666666664,100.0,0.0,0,1,0.0,0.0,0.0,0.0,,,,,Sin anclaje en el portafolio actual de la cuenta; servicio con demanda activa en los ultimos meses.,Construir caso con benchmark de la industria antes de pitchear
Reckitt,RECKITT,CPG Cuidado Personal,Emergente,CAPI Offline CRM,CAPI Automated Offline Integration with CRM,Data Collection & Activacion,Server-Side / CAPI,CSA - Tech,Proyecto,Medio,BLANCO,Nunca ofrecido,Espacio blanco,25.9,C,20,4068.0,0.141,0.0,0.513,0.937,0.1,25.866,1.0,1.0,0.0,0.35304166666666664,100.0,0.0,0,1,0.0,0.0,0.0,0.0,,,,,Sin anclaje en el portafolio actual de la cuenta; servicio con demanda activa en los ultimos meses.,Construir caso con benchmark de la industria antes de pitchear
Sky Airline,SKY AIRLINE,Travel & Aerolineas,Emergente,CAPI Offline CRM,CAPI Automated Offline Integration with CRM,Data Collection & Activacion,Server-Side / CAPI,CSA - Tech,Proyecto,Medio,BLANCO,Nunca ofrecido,Espacio blanco,25.9,C,20,4068.0,0.141,0.0,0.513,0.937,0.1,25.866,1.0,1.0,0.0,0.35304166666666664,100.0,0.0,0,2,0.0,0.0,0.0,0.0,,,,,Sin anclaje en el portafolio actual de la cuenta; servicio con demanda activa en los ultimos meses.,Construir caso con benchmark de la industria antes de pitchear
Tenpo,TENPO,Fintech & Banca,Emergente,CAPI Offline CRM,CAPI Automated Offline Integration with CRM,Data Collection & Activacion,Server-Side / CAPI,CSA - Tech,Proyecto,Medio,BLANCO,Nunca ofrecido,Espacio blanco,25.9,C,20,4068.0,0.141,0.0,0.513,0.937,0.1,25.866,1.0,1.0,0.0,0.35304166666666664,100.0,0.0,0,1,0.0,0.0,0.0,0.0,,,,,Sin anclaje en el portafolio actual de la cuenta; servicio con demanda activa en los ultimos meses.,Construir caso con benchmark de la industria antes de pitchear
Tricot,TRICOT,Retail Vestuario,Emergente,CAPI Offline CRM,CAPI Automated Offline Integration with CRM,Data Collection & Activacion,Server-Side / CAPI,CSA - Tech,Proyecto,Medio,BLANCO,Nunca ofrecido,Espacio blanco,25.9,C,21,4068.0,0.141,0.0,0.513,0.937,0.1,25.866,1.0,1.0,0.0,0.35304166666666664,100.0,0.0,0,1,0.0,0.0,0.0,0.0,,,,,Sin anclaje en el portafolio actual de la cuenta; servicio con demanda activa en los ultimos meses.,Construir caso con benchmark de la industria antes de pitchear
Verisure,VERISURE,Servicios Hogar & Seguridad,Desarrollo,CAPI Offline CRM,CAPI Automated Offline Integration with CRM,Data Collection & Activacion,Server-Side / CAPI,CSA - Tech,Proyecto,Medio,BLANCO,Nunca ofrecido,Espacio blanco,25.9,C,19,4068.0,0.141,0.0,0.513,0.937,0.1,25.866,1.0,1.0,0.0,0.35304166666666664,100.0,0.0,0,1,0.0,0.0,0.0,0.0,,,,,Sin anclaje en el portafolio actual de la cuenta; servicio con demanda activa en los ultimos meses.,Construir caso con benchmark de la industria antes de pitchear
WOM,WOM,Telco,Desarrollo,CAPI Offline CRM,CAPI Automated Offline Integration with CRM,Data Collection & Activacion,Server-Side / CAPI,CSA - Tech,Proyecto,Medio,BLANCO,Nunca ofrecido,Espacio blanco,25.9,C,20,4068.0,0.141,0.0,0.513,0.937,0.1,25.866,1.0,1.0,0.0,0.35304166666666664,100.0,0.0,0,3,0.0,0.0,0.0,0.0,,,,,Sin anclaje en el portafolio actual de la cuenta; servicio con demanda activa en los ultimos meses.,Construir caso con benchmark de la industria antes de pitchear
Watts,WATTS,CPG Alimentos,Desarrollo,CAPI Offline CRM,CAPI Automated Offline Integration with CRM,Data Collection & Activacion,Server-Side / CAPI,CSA - Tech,Proyecto,Medio,BLANCO,Nunca ofrecido,Espacio blanco,25.9,C,21,4068.0,0.141,0.0,0.513,0.937,0.1,25.866,1.0,1.0,0.0,0.35304166666666664,100.0,0.0,0,2,0.0,0.0,0.0,0.0,,,,,Sin anclaje en el portafolio actual de la cuenta; servicio con demanda activa en los ultimos meses.,Construir caso con benchmark de la industria antes de pitchear
Cruz Verde,CRUZ VERDE,Retail Farmacia,Emergente,Performance Powered Conversions (ECL),Performance Powered Conversions (ECL),Data Collection & Activacion,Conversiones Avanzadas,CSA - Tech,Proyecto,Bajo,BLANCO,Nunca ofrecido,Espacio blanco,25.7,C,21,1961.0,0.299,0.016,0.375,0.779,0.1,25.672,1.0,1.0,3.4,0.5,75.0,0.0,0,1,0.0,0.0,0.0,0.0,,,,,Sin anclaje en el portafolio actual de la cuenta; servicio con demanda activa en los ultimos meses.,Usar como abrepuertas de bajo ticket
GAES,GAES,Salud,Emergente,Performance Powered Conversions (ECL),Performance Powered Conversions (ECL),Data Collection & Activacion,Conversiones Avanzadas,CSA - Tech,Proyecto,Bajo,BLANCO,Nunca ofrecido,Espacio blanco,25.7,C,21,1961.0,0.299,0.016,0.375,0.779,0.1,25.672,1.0,1.0,3.4,0.5,75.0,0.0,0,1,0.0,0.0,0.0,0.0,,,,,Sin anclaje en el portafolio actual de la cuenta; servicio con demanda activa en los ultimos meses.,Usar como abrepuertas de bajo ticket
PC Factory,PC FACTORY,Retail Electro,Emergente,Performance Powered Conversions (ECL),Performance Powered Conversions (ECL),Data Collection & Activacion,Conversiones Avanzadas,CSA - Tech,Proyecto,Bajo,BLANCO,Nunca ofrecido,Espacio blanco,25.7,C,22,1961.0,0.299,0.016,0.375,0.779,0.1,25.672,1.0,1.0,3.4,0.5,75.0,0.0,0,1,0.0,0.0,0.0,0.0,,,,,Sin anclaje en el portafolio actual de la cuenta; servicio con demanda activa en los ultimos meses.,Usar como abrepuertas de bajo ticket
PJ Chile SpA,PJ CHILE SPA,Food & QSR,Emergente,Performance Powered Conversions (ECL),Performance Powered Conversions (ECL),Data Collection & Activacion,Conversiones Avanzadas,CSA - Tech,Proyecto,Bajo,BLANCO,Nunca ofrecido,Espacio blanco,25.7,C,22,1961.0,0.299,0.016,0.375,0.779,0.1,25.672,1.0,1.0,3.4,0.5,75.0,0.0,0,1,0.0,0.0,0.0,0.0,,,,,Sin anclaje en el portafolio actual de la cuenta; servicio con demanda activa en los ultimos meses.,Usar como abrepuertas de bajo ticket
Reckitt,RECKITT,CPG Cuidado Personal,Emergente,Performance Powered Conversions (ECL),Performance Powered Conversions (ECL),Data Collection & Activacion,Conversiones Avanzadas,CSA - Tech,Proyecto,Bajo,BLANCO,Nunca ofrecido,Espacio blanco,25.7,C,21,1961.0,0.299,0.016,0.375,0.779,0.1,25.672,1.0,1.0,3.4,0.5,75.0,0.0,0,1,0.0,0.0,0.0,0.0,,,,,Sin anclaje en el portafolio actual de la cuenta; servicio con demanda activa en los ultimos meses.,Usar como abrepuertas de bajo ticket
Tricot,TRICOT,Retail Vestuario,Emergente,Performance Powered Conversions (ECL),Performance Powered Conversions (ECL),Data Collection & Activacion,Conversiones Avanzadas,CSA - Tech,Proyecto,Bajo,BLANCO,Nunca ofrecido,Espacio blanco,25.7,C,22,1961.0,0.299,0.016,0.375,0.779,0.1,25.672,1.0,1.0,3.4,0.5,75.0,0.0,0,1,0.0,0.0,0.0,0.0,,,,,Sin anclaje en el portafolio actual de la cuenta; servicio con demanda activa en los ultimos meses.,Usar como abrepuertas de bajo ticket
Verisure,VERISURE,Servicios Hogar & Seguridad,Desarrollo,Performance Powered Conversions (ECL),Performance Powered Conversions (ECL),Data Collection & Activacion,Conversiones Avanzadas,CSA - Tech,Proyecto,Bajo,BLANCO,Nunca ofrecido,Espacio blanco,25.7,C,20,1961.0,0.299,0.016,0.375,0.779,0.1,25.672,1.0,1.0,3.4,0.5,75.0,0.0,0,1,0.0,0.0,0.0,0.0,,,,,Sin anclaje en el portafolio actual de la cuenta; servicio con demanda activa en los ultimos meses.,Usar como abrepuertas de bajo ticket
Gasco,GASCO,Energia & Combustibles,Emergente,Performance Powered Conversions (ECL),Performance Powered Conversions (ECL),Data Collection & Activacion,Conversiones Avanzadas,CSA - Tech,Proyecto,Bajo,BLANCO,Nunca ofrecido,Espacio blanco,25.3,C,22,1961.0,0.299,0.0,0.375,0.779,0.1,25.269,1.0,1.0,3.4,0.5,75.0,0.0,0,4,0.0,0.0,0.0,0.0,,,,,Sin anclaje en el portafolio actual de la cuenta; servicio con demanda activa en los ultimos meses.,Usar como abrepuertas de bajo ticket
LATAM Airlines,LATAM AERLINES,Travel & Aerolineas,Desarrollo,Performance Powered Conversions (ECL),Performance Powered Conversions (ECL),Data Collection & Activacion,Conversiones Avanzadas,CSA - Tech,Proyecto,Bajo,BLANCO,Nunca ofrecido,Espacio blanco,25.3,C,21,1961.0,0.299,0.0,0.375,0.779,0.1,25.269,1.0,1.0,3.4,0.5,75.0,0.0,0,2,0.0,0.0,0.0,0.0,,,,,Sin anclaje en el portafolio actual de la cuenta; servicio con demanda activa en los ultimos meses.,Usar como abrepuertas de bajo ticket
Lactalis,LACTALIS,CPG Alimentos,Emergente,Performance Powered Conversions (ECL),Performance Powered Conversions (ECL),Data Collection & Activacion,Conversiones Avanzadas,CSA - Tech,Proyecto,Bajo,BLANCO,Nunca ofrecido,Espacio blanco,25.3,C,21,1961.0,0.299,0.0,0.375,0.779,0.1,25.269,1.0,1.0,3.4,0.5,75.0,0.0,0,2,0.0,0.0,0.0,0.0,,,,,Sin anclaje en el portafolio actual de la cuenta; servicio con demanda activa en los ultimos meses.,Usar como abrepuertas de bajo ticket
Sky Airline,SKY AIRLINE,Travel & Aerolineas,Emergente,Performance Powered Conversions (ECL),Performance Powered Conversions (ECL),Data Collection & Activacion,Conversiones Avanzadas,CSA - Tech,Proyecto,Bajo,BLANCO,Nunca ofrecido,Espacio blanco,25.3,C,21,1961.0,0.299,0.0,0.375,0.779,0.1,25.269,1.0,1.0,3.4,0.5,75.0,0.0,0,2,0.0,0.0,0.0,0.0,,,,,Sin anclaje en el portafolio actual de la cuenta; servicio con demanda activa en los ultimos meses.,Usar como abrepuertas de bajo ticket
Cruz Verde,CRUZ VERDE,Retail Farmacia,Emergente,Online Data Optimization - No E-commerce,Online Data Optimization - sites without E-commerce,Analytics & Optimizacion Digital,Online Data Optimization,CSA - Tech,Proyecto,Bajo,BLANCO,Nunca ofrecido,Espacio blanco,25.2,C,22,3709.0,0.141,0.0,0.495,0.909,0.1,25.219,1.0,1.0,0.0,0.35304166666666664,100.0,0.0,0,1,0.0,0.0,0.0,0.0,,,,,Sin anclaje en el portafolio actual de la cuenta; servicio con demanda activa en los ultimos meses.,Usar como abrepuertas de bajo ticket
Decathlon,DECATHLON,Retail Deportes,Emergente,Online Data Optimization - No E-commerce,Online Data Optimization - sites without E-commerce,Analytics & Optimizacion Digital,Online Data Optimization,CSA - Tech,Proyecto,Bajo,BLANCO,Nunca ofrecido,Espacio blanco,25.2,C,22,3709.0,0.141,0.0,0.495,0.909,0.1,25.219,1.0,1.0,0.0,0.35304166666666664,100.0,0.0,0,1,0.0,0.0,0.0,0.0,,,,,Sin anclaje en el portafolio actual de la cuenta; servicio con demanda activa en los ultimos meses.,Usar como abrepuertas de bajo ticket
Escuela de Comercio y Servicio,ESCUELA DE COMERCIO Y SERVICIO,Educacion,Emergente,Online Data Optimization - No E-commerce,Online Data Optimization - sites without E-commerce,Analytics & Optimizacion Digital,Online Data Optimization,CSA - Tech,Proyecto,Bajo,BLANCO,Nunca ofrecido,Espacio blanco,25.2,C,22,3709.0,0.141,0.0,0.495,0.909,0.1,25.219,1.0,1.0,0.0,0.35304166666666664,100.0,0.0,0,1,0.0,0.0,0.0,0.0,,,,,Sin anclaje en el portafolio actual de la cuenta; servicio con demanda activa en los ultimos meses.,Usar como abrepuertas de bajo ticket
GAES,GAES,Salud,Emergente,Online Data Optimization - No E-commerce,Online Data Optimization - sites without E-commerce,Analytics & Optimizacion Digital,Online Data Optimization,CSA - Tech,Proyecto,Bajo,BLANCO,Nunca ofrecido,Espacio blanco,25.2,C,22,3709.0,0.141,0.0,0.495,0.909,0.1,25.219,1.0,1.0,0.0,0.35304166666666664,100.0,0.0,0,1,0.0,0.0,0.0,0.0,,,,,Sin anclaje en el portafolio actual de la cuenta; servicio con demanda activa en los ultimos meses.,Usar como abrepuertas de bajo ticket
Gasco,GASCO,Energia & Combustibles,Emergente,Online Data Optimization - No E-commerce,Online Data Optimization - sites without E-commerce,Analytics & Optimizacion Digital,Online Data Optimization,CSA - Tech,Proyecto,Bajo,BLANCO,Nunca ofrecido,Espacio blanco,25.2,C,23,3709.0,0.141,0.0,0.495,0.909,0.1,25.219,1.0,1.0,0.0,0.35304166666666664,100.0,0.0,0,4,0.0,0.0,0.0,0.0,,,,,Sin anclaje en el portafolio actual de la cuenta; servicio con demanda activa en los ultimos meses.,Usar como abrepuertas de bajo ticket
Inchcape Americas,INCHAPE AMERICAS,Automotriz,Desarrollo,Online Data Optimization - No E-commerce,Online Data Optimization - sites without E-commerce,Analytics & Optimizacion Digital,Online Data Optimization,CSA - Tech,Proyecto,Bajo,BLANCO,Nunca ofrecido,Espacio blanco,25.2,C,21,3709.0,0.141,0.0,0.495,0.909,0.1,25.219,1.0,1.0,0.0,0.35304166666666664,100.0,0.0,0,4,0.0,0.0,0.0,0.0,,,,,Sin anclaje en el portafolio actual de la cuenta; servicio con demanda activa en los ultimos meses.,Usar como abrepuertas de bajo ticket
LATAM Airlines,LATAM AERLINES,Travel & Aerolineas,Desarrollo,Online Data Optimization - No E-commerce,Online Data Optimization - sites without E-commerce,Analytics & Optimizacion Digital,Online Data Optimization,CSA - Tech,Proyecto,Bajo,BLANCO,Nunca ofrecido,Espacio blanco,25.2,C,22,3709.0,0.141,0.0,0.495,0.909,0.1,25.219,1.0,1.0,0.0,0.35304166666666664,100.0,0.0,0,2,0.0,0.0,0.0,0.0,,,,,Sin anclaje en el portafolio actual de la cuenta; servicio con demanda activa en los ultimos meses.,Usar como abrepuertas de bajo ticket
Lactalis,LACTALIS,CPG Alimentos,Emergente,Online Data Optimization - No E-commerce,Online Data Optimization - sites without E-commerce,Analytics & Optimizacion Digital,Online Data Optimization,CSA - Tech,Proyecto,Bajo,BLANCO,Nunca ofrecido,Espacio blanco,25.2,C,22,3709.0,0.141,0.0,0.495,0.909,0.1,25.219,1.0,1.0,0.0,0.35304166666666664,100.0,0.0,0,2,0.0,0.0,0.0,0.0,,,,,Sin anclaje en el portafolio actual de la cuenta; servicio con demanda activa en los ultimos meses.,Usar como abrepuertas de bajo ticket
PC Factory,PC FACTORY,Retail Electro,Emergente,Online Data Optimization - No E-commerce,Online Data Optimization - sites without E-commerce,Analytics & Optimizacion Digital,Online Data Optimization,CSA - Tech,Proyecto,Bajo,BLANCO,Nunca ofrecido,Espacio blanco,25.2,C,23,3709.0,0.141,0.0,0.495,0.909,0.1,25.219,1.0,1.0,0.0,0.35304166666666664,100.0,0.0,0,1,0.0,0.0,0.0,0.0,,,,,Sin anclaje en el portafolio actual de la cuenta; servicio con demanda activa en los ultimos meses.,Usar como abrepuertas de bajo ticket
PJ Chile SpA,PJ CHILE SPA,Food & QSR,Emergente,Online Data Optimization - No E-commerce,Online Data Optimization - sites without E-commerce,Analytics & Optimizacion Digital,Online Data Optimization,CSA - Tech,Proyecto,Bajo,BLANCO,Nunca ofrecido,Espacio blanco,25.2,C,23,3709.0,0.141,0.0,0.495,0.909,0.1,25.219,1.0,1.0,0.0,0.35304166666666664,100.0,0.0,0,1,0.0,0.0,0.0,0.0,,,,,Sin anclaje en el portafolio actual de la cuenta; servicio con demanda activa en los ultimos meses.,Usar como abrepuertas de bajo ticket
Polla Chilena,POLLA,Juegos & Entretenimiento,Emergente,Online Data Optimization - No E-commerce,Online Data Optimization - sites without E-commerce,Analytics & Optimizacion Digital,Online Data Optimization,CSA - Tech,Proyecto,Bajo,BLANCO,Nunca ofrecido,Espacio blanco,25.2,C,21,3709.0,0.141,0.0,0.495,0.909,0.1,25.219,1.0,1.0,0.0,0.35304166666666664,100.0,0.0,0,1,0.0,0.0,0.0,0.0,,,,,Sin anclaje en el portafolio actual de la cuenta; servicio con demanda activa en los ultimos meses.,Usar como abrepuertas de bajo ticket
Reckitt,RECKITT,CPG Cuidado Personal,Emergente,Online Data Optimization - No E-commerce,Online Data Optimization - sites without E-commerce,Analytics & Optimizacion Digital,Online Data Optimization,CSA - Tech,Proyecto,Bajo,BLANCO,Nunca ofrecido,Espacio blanco,25.2,C,22,3709.0,0.141,0.0,0.495,0.909,0.1,25.219,1.0,1.0,0.0,0.35304166666666664,100.0,0.0,0,1,0.0,0.0,0.0,0.0,,,,,Sin anclaje en el portafolio actual de la cuenta; servicio con demanda activa en los ultimos meses.,Usar como abrepuertas de bajo ticket
Sky Airline,SKY AIRLINE,Travel & Aerolineas,Emergente,Online Data Optimization - No E-commerce,Online Data Optimization - sites without E-commerce,Analytics & Optimizacion Digital,Online Data Optimization,CSA - Tech,Proyecto,Bajo,BLANCO,Nunca ofrecido,Espacio blanco,25.2,C,22,3709.0,0.141,0.0,0.495,0.909,0.1,25.219,1.0,1.0,0.0,0.35304166666666664,100.0,0.0,0,2,0.0,0.0,0.0,0.0,,,,,Sin anclaje en el portafolio actual de la cuenta; servicio con demanda activa en los ultimos meses.,Usar como abrepuertas de bajo ticket
Tenpo,TENPO,Fintech & Banca,Emergente,Online Data Optimization - No E-commerce,Online Data Optimization - sites without E-commerce,Analytics & Optimizacion Digital,Online Data Optimization,CSA - Tech,Proyecto,Bajo,BLANCO,Nunca ofrecido,Espacio blanco,25.2,C,21,3709.0,0.141,0.0,0.495,0.909,0.1,25.219,1.0,1.0,0.0,0.35304166666666664,100.0,0.0,0,1,0.0,0.0,0.0,0.0,,,,,Sin anclaje en el portafolio actual de la cuenta; servicio con demanda activa en los ultimos meses.,Usar como abrepuertas de bajo ticket
Tricot,TRICOT,Retail Vestuario,Emergente,Online Data Optimization - No E-commerce,Online Data Optimization - sites without E-commerce,Analytics & Optimizacion Digital,Online Data Optimization,CSA - Tech,Proyecto,Bajo,BLANCO,Nunca ofrecido,Espacio blanco,25.2,C,23,3709.0,0.141,0.0,0.495,0.909,0.1,25.219,1.0,1.0,0.0,0.35304166666666664,100.0,0.0,0,1,0.0,0.0,0.0,0.0,,,,,Sin anclaje en el portafolio actual de la cuenta; servicio con demanda activa en los ultimos meses.,Usar como abrepuertas de bajo ticket
Verisure,VERISURE,Servicios Hogar & Seguridad,Desarrollo,Online Data Optimization - No E-commerce,Online Data Optimization - sites without E-commerce,Analytics & Optimizacion Digital,Online Data Optimization,CSA - Tech,Proyecto,Bajo,BLANCO,Nunca ofrecido,Espacio blanco,25.2,C,21,3709.0,0.141,0.0,0.495,0.909,0.1,25.219,1.0,1.0,0.0,0.35304166666666664,100.0,0.0,0,1,0.0,0.0,0.0,0.0,,,,,Sin anclaje en el portafolio actual de la cuenta; servicio con demanda activa en los ultimos meses.,Usar como abrepuertas de bajo ticket
WOM,WOM,Telco,Desarrollo,Online Data Optimization - No E-commerce,Online Data Optimization - sites without E-commerce,Analytics & Optimizacion Digital,Online Data Optimization,CSA - Tech,Proyecto,Bajo,BLANCO,Nunca ofrecido,Espacio blanco,25.2,C,21,3709.0,0.141,0.0,0.495,0.909,0.1,25.219,1.0,1.0,0.0,0.35304166666666664,100.0,0.0,0,3,0.0,0.0,0.0,0.0,,,,,Sin anclaje en el portafolio actual de la cuenta; servicio con demanda activa en los ultimos meses.,Usar como abrepuertas de bajo ticket
Watts,WATTS,CPG Alimentos,Desarrollo,Online Data Optimization - No E-commerce,Online Data Optimization - sites without E-commerce,Analytics & Optimizacion Digital,Online Data Optimization,CSA - Tech,Proyecto,Bajo,BLANCO,Nunca ofrecido,Espacio blanco,25.2,C,22,3709.0,0.141,0.0,0.495,0.909,0.1,25.219,1.0,1.0,0.0,0.35304166666666664,100.0,0.0,0,2,0.0,0.0,0.0,0.0,,,,,Sin anclaje en el portafolio actual de la cuenta; servicio con demanda activa en los ultimos meses.,Usar como abrepuertas de bajo ticket
Claro,CLARO,Telco,Estrategica,Performance Powered Conversions (ECL),Performance Powered Conversions (ECL),Data Collection & Activacion,Conversiones Avanzadas,CSA - Tech,Proyecto,Bajo,PERDIDO,Ofrecido y perdido,Reactivacion,25.0,C,18,1961.0,0.299,0.093,0.375,0.779,0.5,35.676,0.7,1.0,3.4,0.5,75.0,0.0,0,3,0.0,0.0,1.0,1.0,2025-10-20,311.0,True,2025-10-20,Servicio con demanda activa en los ultimos meses; se perdio hace 311 dias.,Re-pitchear con nuevo angulo (revisar motivo de perdida)
Cruz Verde,CRUZ VERDE,Retail Farmacia,Emergente,C-GenIA Basic Mensual,C-GenIA - Basic (200 images) per month,Creative Intelligence & GenAI,Creative GenAI,CSA - Tech,Recurrente,Medio,BLANCO,Nunca ofrecido,Espacio blanco,24.7,C,23,9661.0,0.0,0.0,0.676,0.881,0.1,24.736,1.0,1.0,0.0,0.0,100.0,0.0,0,1,0.0,0.0,0.0,0.0,,,,,Sin anclaje en el portafolio actual de la cuenta; servicio con demanda activa en los ultimos meses.,Construir caso con benchmark de la industria antes de pitchear
Decathlon,DECATHLON,Retail Deportes,Emergente,C-GenIA Basic Mensual,C-GenIA - Basic (200 images) per month,Creative Intelligence & GenAI,Creative GenAI,CSA - Tech,Recurrente,Medio,BLANCO,Nunca ofrecido,Espacio blanco,24.7,C,23,9661.0,0.0,0.0,0.676,0.881,0.1,24.736,1.0,1.0,0.0,0.0,100.0,0.0,0,1,0.0,0.0,0.0,0.0,,,,,Sin anclaje en el portafolio actual de la cuenta; servicio con demanda activa en los ultimos meses.,Construir caso con benchmark de la industria antes de pitchear
Escuela de Comercio y Servicio,ESCUELA DE COMERCIO Y SERVICIO,Educacion,Emergente,C-GenIA Basic Mensual,C-GenIA - Basic (200 images) per month,Creative Intelligence & GenAI,Creative GenAI,CSA - Tech,Recurrente,Medio,BLANCO,Nunca ofrecido,Espacio blanco,24.7,C,23,9661.0,0.0,0.0,0.676,0.881,0.1,24.736,1.0,1.0,0.0,0.0,100.0,0.0,0,1,0.0,0.0,0.0,0.0,,,,,Sin anclaje en el portafolio actual de la cuenta; servicio con demanda activa en los ultimos meses.,Construir caso con benchmark de la industria antes de pitchear
GAES,GAES,Salud,Emergente,C-GenIA Basic Mensual,C-GenIA - Basic (200 images) per month,Creative Intelligence & GenAI,Creative GenAI,CSA - Tech,Recurrente,Medio,BLANCO,Nunca ofrecido,Espacio blanco,24.7,C,23,9661.0,0.0,0.0,0.676,0.881,0.1,24.736,1.0,1.0,0.0,0.0,100.0,0.0,0,1,0.0,0.0,0.0,0.0,,,,,Sin anclaje en el portafolio actual de la cuenta; servicio con demanda activa en los ultimos meses.,Construir caso con benchmark de la industria antes de pitchear
LATAM Airlines,LATAM AERLINES,Travel & Aerolineas,Desarrollo,C-GenIA Basic Mensual,C-GenIA - Basic (200 images) per month,Creative Intelligence & GenAI,Creative GenAI,CSA - Tech,Recurrente,Medio,BLANCO,Nunca ofrecido,Espacio blanco,24.7,C,23,9661.0,0.0,0.0,0.676,0.881,0.1,24.736,1.0,1.0,0.0,0.0,100.0,0.0,0,2,0.0,0.0,0.0,0.0,,,,,Sin anclaje en el portafolio actual de la cuenta; servicio con demanda activa en los ultimos meses.,Construir caso con benchmark de la industria antes de pitchear
Lactalis,LACTALIS,CPG Alimentos,Emergente,C-GenIA Basic Mensual,C-GenIA - Basic (200 images) per month,Creative Intelligence & GenAI,Creative GenAI,CSA - Tech,Recurrente,Medio,BLANCO,Nunca ofrecido,Espacio blanco,24.7,C,23,9661.0,0.0,0.0,0.676,0.881,0.1,24.736,1.0,1.0,0.0,0.0,100.0,0.0,0,2,0.0,0.0,0.0,0.0,,,,,Sin anclaje en el portafolio actual de la cuenta; servicio con demanda activa en los ultimos meses.,Construir caso con benchmark de la industria antes de pitchear
Polla Chilena,POLLA,Juegos & Entretenimiento,Emergente,C-GenIA Basic Mensual,C-GenIA - Basic (200 images) per month,Creative Intelligence & GenAI,Creative GenAI,CSA - Tech,Recurrente,Medio,BLANCO,Nunca ofrecido,Espacio blanco,24.7,C,22,9661.0,0.0,0.0,0.676,0.881,0.1,24.736,1.0,1.0,0.0,0.0,100.0,0.0,0,1,0.0,0.0,0.0,0.0,,,,,Sin anclaje en el portafolio actual de la cuenta; servicio con demanda activa en los ultimos meses.,Construir caso con benchmark de la industria antes de pitchear
Reckitt,RECKITT,CPG Cuidado Personal,Emergente,C-GenIA Basic Mensual,C-GenIA - Basic (200 images) per month,Creative Intelligence & GenAI,Creative GenAI,CSA - Tech,Recurrente,Medio,BLANCO,Nunca ofrecido,Espacio blanco,24.7,C,23,9661.0,0.0,0.0,0.676,0.881,0.1,24.736,1.0,1.0,0.0,0.0,100.0,0.0,0,1,0.0,0.0,0.0,0.0,,,,,Sin anclaje en el portafolio actual de la cuenta; servicio con demanda activa en los ultimos meses.,Construir caso con benchmark de la industria antes de pitchear
Sky Airline,SKY AIRLINE,Travel & Aerolineas,Emergente,C-GenIA Basic Mensual,C-GenIA - Basic (200 images) per month,Creative Intelligence & GenAI,Creative GenAI,CSA - Tech,Recurrente,Medio,BLANCO,Nunca ofrecido,Espacio blanco,24.7,C,23,9661.0,0.0,0.0,0.676,0.881,0.1,24.736,1.0,1.0,0.0,0.0,100.0,0.0,0,2,0.0,0.0,0.0,0.0,,,,,Sin anclaje en el portafolio actual de la cuenta; servicio con demanda activa en los ultimos meses.,Construir caso con benchmark de la industria antes de pitchear
Tenpo,TENPO,Fintech & Banca,Emergente,C-GenIA Basic Mensual,C-GenIA - Basic (200 images) per month,Creative Intelligence & GenAI,Creative GenAI,CSA - Tech,Recurrente,Medio,BLANCO,Nunca ofrecido,Espacio blanco,24.7,C,22,9661.0,0.0,0.0,0.676,0.881,0.1,24.736,1.0,1.0,0.0,0.0,100.0,0.0,0,1,0.0,0.0,0.0,0.0,,,,,Sin anclaje en el portafolio actual de la cuenta; servicio con demanda activa en los ultimos meses.,Construir caso con benchmark de la industria antes de pitchear
WOM,WOM,Telco,Desarrollo,C-GenIA Basic Mensual,C-GenIA - Basic (200 images) per month,Creative Intelligence & GenAI,Creative GenAI,CSA - Tech,Recurrente,Medio,BLANCO,Nunca ofrecido,Espacio blanco,24.7,C,22,9661.0,0.0,0.0,0.676,0.881,0.1,24.736,1.0,1.0,0.0,0.0,100.0,0.0,0,3,0.0,0.0,0.0,0.0,,,,,Sin anclaje en el portafolio actual de la cuenta; servicio con demanda activa en los ultimos meses.,Construir caso con benchmark de la industria antes de pitchear
Copec Flux,COPEC FLUX,Energia & Combustibles,Estrategica,Tech Services Ad Hoc,Tech Services Ad Hoc,Consultoria & Ad Hoc,Servicios Tech,CSA - Tech,Proyecto,Bajo,EN_PAUSA,En pausa,Rescate (en pausa),24.5,C,22,3814.0,0.289,0.102,0.501,0.906,0.75,44.459,0.55,1.0,6.9,0.222,81.8,0.0,0,4,0.0,0.0,1.0,0.0,,,,2026-08-25,"Adyacente a consultoria & ad hoc, familia donde la cuenta ya compra; servicio con demanda activa en los ultimos meses; quedo en pausa: falta destrabar.",Destrabar la propuesta en pausa con el contacto original
Esmax,ESMAX,Energia & Combustibles,Desarrollo,BI Services,BI Services,Analytics & Optimizacion Digital,Business Intelligence,CSA - Tech,Proyecto,Bajo,BLANCO,Nunca ofrecido,Espacio blanco,23.8,C,23,266.0,0.299,0.0,0.0,0.968,0.25,23.783,1.0,1.0,3.4,0.5,100.0,0.0,0,4,0.0,0.0,0.0,0.0,,,,,Sin anclaje en el portafolio actual de la cuenta; servicio con demanda activa en los ultimos meses.,Usar como abrepuertas de bajo ticket
Inchcape Americas,INCHAPE AMERICAS,Automotriz,Desarrollo,BI Services,BI Services,Analytics & Optimizacion Digital,Business Intelligence,CSA - Tech,Proyecto,Bajo,BLANCO,Nunca ofrecido,Espacio blanco,23.7,C,22,266.0,0.299,0.112,0.0,0.968,0.1,23.708,1.0,1.0,3.4,0.5,100.0,25.0,1,4,0.0,0.0,0.0,0.0,,,,,1 de 4 cuentas de automotriz ya lo ejecutan; sin anclaje en el portafolio actual de la cuenta; servicio con demanda activa en los ultimos meses.,Usar como abrepuertas de bajo ticket
Inchcape Americas,INCHAPE AMERICAS,Automotriz,Desarrollo,ABCD Detector,ABCD Detector - Basic (20 Videos) per month,Creative Intelligence & GenAI,Creative Analytics,CSA - Tech,Recurrente,Bajo,BLANCO,Nunca ofrecido,Espacio blanco,23.7,C,23,3488.0,0.0,0.119,0.484,0.826,0.1,23.704,1.0,1.0,0.0,0.0,75.0,0.0,0,4,0.0,0.0,0.0,0.0,,,,,Sin anclaje en el portafolio actual de la cuenta; servicio con demanda activa en los ultimos meses.,Usar como abrepuertas de bajo ticket
Gasco,GASCO,Energia & Combustibles,Emergente,ABCD Detector,ABCD Detector - Basic (20 Videos) per month,Creative Intelligence & GenAI,Creative Analytics,CSA - Tech,Recurrente,Bajo,BLANCO,Nunca ofrecido,Espacio blanco,23.2,C,24,3488.0,0.0,0.099,0.484,0.826,0.1,23.179,1.0,1.0,0.0,0.0,75.0,0.0,0,4,0.0,0.0,0.0,0.0,,,,,Sin anclaje en el portafolio actual de la cuenta; servicio con demanda activa en los ultimos meses.,Usar como abrepuertas de bajo ticket
Tenpo,TENPO,Fintech & Banca,Emergente,BI Services,BI Services,Analytics & Optimizacion Digital,Business Intelligence,CSA - Tech,Proyecto,Bajo,BLANCO,Nunca ofrecido,Espacio blanco,23.2,C,23,266.0,0.299,0.091,0.0,0.968,0.1,23.16,1.0,1.0,3.4,0.5,100.0,0.0,0,1,0.0,0.0,0.0,0.0,,,,,Sin anclaje en el portafolio actual de la cuenta; servicio con demanda activa en los ultimos meses.,Usar como abrepuertas de bajo ticket
Copec Flux,COPEC FLUX,Energia & Combustibles,Estrategica,Custom Bidding,Custom Bidding,Activacion & Bidding,Bidding Avanzado,CSA - Tech,Proyecto,Medio,BLANCO,Nunca ofrecido,Espacio blanco,23.1,C,23,6936.0,0.0,0.0,0.613,0.169,0.5,23.066,1.0,1.0,0.0,0.0,0.0,0.0,0,4,0.0,0.0,0.0,0.0,,,,,Servicio sin movimiento en el mercado hace mas de un ano.,Cross-sell dentro del mismo pilar
Enex,ENEX,Energia & Combustibles,Desarrollo,Custom Bidding,Custom Bidding,Activacion & Bidding,Bidding Avanzado,CSA - Tech,Proyecto,Medio,BLANCO,Nunca ofrecido,Espacio blanco,23.1,C,26,6936.0,0.0,0.0,0.613,0.169,0.5,23.066,1.0,1.0,0.0,0.0,0.0,0.0,0,4,0.0,0.0,0.0,0.0,,,,,Servicio sin movimiento en el mercado hace mas de un ano.,Cross-sell dentro del mismo pilar
Gildemeister,GILDEMEISTER,Automotriz,Estrategica,Custom Bidding,Custom Bidding,Activacion & Bidding,Bidding Avanzado,CSA - Tech,Proyecto,Medio,BLANCO,Nunca ofrecido,Espacio blanco,23.1,C,21,6936.0,0.0,0.0,0.613,0.169,0.5,23.066,1.0,1.0,0.0,0.0,0.0,0.0,0,4,0.0,0.0,0.0,0.0,,,,,Servicio sin movimiento en el mercado hace mas de un ano.,Cross-sell dentro del mismo pilar
Indumotora,INDUMOTORA,Automotriz,Estrategica,Custom Bidding,Custom Bidding,Activacion & Bidding,Bidding Avanzado,CSA - Tech,Proyecto,Medio,BLANCO,Nunca ofrecido,Espacio blanco,23.1,C,20,6936.0,0.0,0.0,0.613,0.169,0.5,23.066,1.0,1.0,0.0,0.0,0.0,0.0,0,4,0.0,0.0,0.0,0.0,,,,,Servicio sin movimiento en el mercado hace mas de un ano.,Cross-sell dentro del mismo pilar
Parque Arauco,PARQUE ARAUCO,Real Estate & Malls,Estrategica,Custom Bidding,Custom Bidding,Activacion & Bidding,Bidding Avanzado,CSA - Tech,Proyecto,Medio,BLANCO,Nunca ofrecido,Espacio blanco,23.1,C,23,6936.0,0.0,0.0,0.613,0.169,0.5,23.066,1.0,1.0,0.0,0.0,0.0,0.0,0,1,0.0,0.0,0.0,0.0,,,,,Servicio sin movimiento en el mercado hace mas de un ano.,Cross-sell dentro del mismo pilar
Porsche Group,PORSCHE GROUP,Automotriz,Desarrollo,Custom Bidding,Custom Bidding,Activacion & Bidding,Bidding Avanzado,CSA - Tech,Proyecto,Medio,BLANCO,Nunca ofrecido,Espacio blanco,23.1,C,26,6936.0,0.0,0.0,0.613,0.169,0.5,23.066,1.0,1.0,0.0,0.0,0.0,0.0,0,4,0.0,0.0,0.0,0.0,,,,,Servicio sin movimiento en el mercado hace mas de un ano.,Cross-sell dentro del mismo pilar
SMU,SMU,Retail Supermercados,Emergente,Custom Bidding,Custom Bidding,Activacion & Bidding,Bidding Avanzado,CSA - Tech,Proyecto,Medio,BLANCO,Nunca ofrecido,Espacio blanco,23.1,C,26,6936.0,0.0,0.0,0.613,0.169,0.5,23.066,1.0,1.0,0.0,0.0,0.0,0.0,0,1,0.0,0.0,0.0,0.0,,,,,Servicio sin movimiento en el mercado hace mas de un ano.,Cross-sell dentro del mismo pilar
TUA,TUA,Por clasificar,Emergente,Custom Bidding,Custom Bidding,Activacion & Bidding,Bidding Avanzado,CSA - Tech,Proyecto,Medio,BLANCO,Nunca ofrecido,Espacio blanco,23.1,C,24,6936.0,0.0,0.0,0.613,0.169,0.5,23.066,1.0,1.0,0.0,0.0,0.0,0.0,0,1,0.0,0.0,0.0,0.0,,,,,Servicio sin movimiento en el mercado hace mas de un ano.,Cross-sell dentro del mismo pilar
Telefonica,TELEFONICA,Telco,Estrategica,Custom Bidding,Custom Bidding,Activacion & Bidding,Bidding Avanzado,CSA - Tech,Proyecto,Medio,BLANCO,Nunca ofrecido,Espacio blanco,23.1,C,22,6936.0,0.0,0.0,0.613,0.169,0.5,23.066,1.0,1.0,0.0,0.0,0.0,0.0,0,3,0.0,0.0,0.0,0.0,,,,,Servicio sin movimiento en el mercado hace mas de un ano.,Cross-sell dentro del mismo pilar
PJ Chile SpA,PJ CHILE SPA,Food & QSR,Emergente,ABCD Detector,ABCD Detector - Basic (20 Videos) per month,Creative Intelligence & GenAI,Creative Analytics,CSA - Tech,Recurrente,Bajo,BLANCO,Nunca ofrecido,Espacio blanco,23.0,C,24,3488.0,0.0,0.093,0.484,0.826,0.1,23.041,1.0,1.0,0.0,0.0,75.0,0.0,0,1,0.0,0.0,0.0,0.0,,,,,Sin anclaje en el portafolio actual de la cuenta; servicio con demanda activa en los ultimos meses.,Usar como abrepuertas de bajo ticket
Tricot,TRICOT,Retail Vestuario,Emergente,ABCD Detector,ABCD Detector - Basic (20 Videos) per month,Creative Intelligence & GenAI,Creative Analytics,CSA - Tech,Recurrente,Bajo,BLANCO,Nunca ofrecido,Espacio blanco,23.0,C,24,3488.0,0.0,0.093,0.484,0.826,0.1,23.041,1.0,1.0,0.0,0.0,75.0,0.0,0,1,0.0,0.0,0.0,0.0,,,,,Sin anclaje en el portafolio actual de la cuenta; servicio con demanda activa en los ultimos meses.,Usar como abrepuertas de bajo ticket
WOM,WOM,Telco,Desarrollo,BI Services,BI Services,Analytics & Optimizacion Digital,Business Intelligence,CSA - Tech,Proyecto,Bajo,BLANCO,Nunca ofrecido,Espacio blanco,22.8,C,23,266.0,0.299,0.076,0.0,0.968,0.1,22.757,1.0,1.0,3.4,0.5,100.0,0.0,0,3,0.0,0.0,0.0,0.0,,,,,Sin anclaje en el portafolio actual de la cuenta; servicio con demanda activa en los ultimos meses.,Usar como abrepuertas de bajo ticket
Enex,ENEX,Energia & Combustibles,Desarrollo,Shopping Insider / Feed AI,Shopping Insider / Feed AI,Analytics & Optimizacion Digital,Retail & Feed,CSA - Tech,Proyecto,Bajo,BLANCO,Nunca ofrecido,Espacio blanco,22.6,C,27,3976.0,0.0,0.046,0.509,0.185,0.5,22.562,1.0,1.0,0.0,0.0,0.0,0.0,0,4,0.0,0.0,0.0,0.0,,,,,Oportunidad de catalogo sin senales de traccion aun.,Cross-sell dentro del mismo pilar
TUA,TUA,Por clasificar,Emergente,Shopping Insider / Feed AI,Shopping Insider / Feed AI,Analytics & Optimizacion Digital,Retail & Feed,CSA - Tech,Proyecto,Bajo,BLANCO,Nunca ofrecido,Espacio blanco,22.6,C,25,3976.0,0.0,0.046,0.509,0.185,0.5,22.562,1.0,1.0,0.0,0.0,0.0,0.0,0,1,0.0,0.0,0.0,0.0,,,,,Oportunidad de catalogo sin senales de traccion aun.,Cross-sell dentro del mismo pilar
Decathlon,DECATHLON,Retail Deportes,Emergente,BI Services,BI Services,Analytics & Optimizacion Digital,Business Intelligence,CSA - Tech,Proyecto,Bajo,BLANCO,Nunca ofrecido,Espacio blanco,22.3,C,24,266.0,0.299,0.057,0.0,0.968,0.1,22.263,1.0,1.0,3.4,0.5,100.0,0.0,0,1,0.0,0.0,0.0,0.0,,,,,Sin anclaje en el portafolio actual de la cuenta; servicio con demanda activa en los ultimos meses.,Usar como abrepuertas de bajo ticket
Escuela de Comercio y Servicio,ESCUELA DE COMERCIO Y SERVICIO,Educacion,Emergente,BI Services,BI Services,Analytics & Optimizacion Digital,Business Intelligence,CSA - Tech,Proyecto,Bajo,BLANCO,Nunca ofrecido,Espacio blanco,22.3,C,24,266.0,0.299,0.057,0.0,0.968,0.1,22.263,1.0,1.0,3.4,0.5,100.0,0.0,0,1,0.0,0.0,0.0,0.0,,,,,Sin anclaje en el portafolio actual de la cuenta; servicio con demanda activa en los ultimos meses.,Usar como abrepuertas de bajo ticket
Polla Chilena,POLLA,Juegos & Entretenimiento,Emergente,BI Services,BI Services,Analytics & Optimizacion Digital,Business Intelligence,CSA - Tech,Proyecto,Bajo,BLANCO,Nunca ofrecido,Espacio blanco,22.3,C,23,266.0,0.299,0.057,0.0,0.968,0.1,22.263,1.0,1.0,3.4,0.5,100.0,0.0,0,1,0.0,0.0,0.0,0.0,,,,,Sin anclaje en el portafolio actual de la cuenta; servicio con demanda activa en los ultimos meses.,Usar como abrepuertas de bajo ticket
Indumotora,INDUMOTORA,Automotriz,Estrategica,Shopping Insider / Feed AI,Shopping Insider / Feed AI,Analytics & Optimizacion Digital,Retail & Feed,CSA - Tech,Proyecto,Bajo,BLANCO,Nunca ofrecido,Espacio blanco,21.4,C,21,3976.0,0.0,0.0,0.509,0.185,0.5,21.379,1.0,1.0,0.0,0.0,0.0,0.0,0,4,0.0,0.0,0.0,0.0,,,,,Oportunidad de catalogo sin senales de traccion aun.,Cross-sell dentro del mismo pilar
Parque Arauco,PARQUE ARAUCO,Real Estate & Malls,Estrategica,Shopping Insider / Feed AI,Shopping Insider / Feed AI,Analytics & Optimizacion Digital,Retail & Feed,CSA - Tech,Proyecto,Bajo,BLANCO,Nunca ofrecido,Espacio blanco,21.4,C,24,3976.0,0.0,0.0,0.509,0.185,0.5,21.379,1.0,1.0,0.0,0.0,0.0,0.0,0,1,0.0,0.0,0.0,0.0,,,,,Oportunidad de catalogo sin senales de traccion aun.,Cross-sell dentro del mismo pilar
Porsche Group,PORSCHE GROUP,Automotriz,Desarrollo,Shopping Insider / Feed AI,Shopping Insider / Feed AI,Analytics & Optimizacion Digital,Retail & Feed,CSA - Tech,Proyecto,Bajo,BLANCO,Nunca ofrecido,Espacio blanco,21.4,C,27,3976.0,0.0,0.0,0.509,0.185,0.5,21.379,1.0,1.0,0.0,0.0,0.0,0.0,0,4,0.0,0.0,0.0,0.0,,,,,Oportunidad de catalogo sin senales de traccion aun.,Cross-sell dentro del mismo pilar
SMU,SMU,Retail Supermercados,Emergente,Shopping Insider / Feed AI,Shopping Insider / Feed AI,Analytics & Optimizacion Digital,Retail & Feed,CSA - Tech,Proyecto,Bajo,BLANCO,Nunca ofrecido,Espacio blanco,21.4,C,27,3976.0,0.0,0.0,0.509,0.185,0.5,21.379,1.0,1.0,0.0,0.0,0.0,0.0,0,1,0.0,0.0,0.0,0.0,,,,,Oportunidad de catalogo sin senales de traccion aun.,Cross-sell dentro del mismo pilar
Cruz Verde,CRUZ VERDE,Retail Farmacia,Emergente,BI Services,BI Services,Analytics & Optimizacion Digital,Business Intelligence,CSA - Tech,Proyecto,Bajo,BLANCO,Nunca ofrecido,Espacio blanco,21.2,C,24,266.0,0.299,0.016,0.0,0.968,0.1,21.186,1.0,1.0,3.4,0.5,100.0,0.0,0,1,0.0,0.0,0.0,0.0,,,,,Sin anclaje en el portafolio actual de la cuenta; servicio con demanda activa en los ultimos meses.,Usar como abrepuertas de bajo ticket
GAES,GAES,Salud,Emergente,BI Services,BI Services,Analytics & Optimizacion Digital,Business Intelligence,CSA - Tech,Proyecto,Bajo,BLANCO,Nunca ofrecido,Espacio blanco,21.2,C,24,266.0,0.299,0.016,0.0,0.968,0.1,21.186,1.0,1.0,3.4,0.5,100.0,0.0,0,1,0.0,0.0,0.0,0.0,,,,,Sin anclaje en el portafolio actual de la cuenta; servicio con demanda activa en los ultimos meses.,Usar como abrepuertas de bajo ticket
PC Factory,PC FACTORY,Retail Electro,Emergente,BI Services,BI Services,Analytics & Optimizacion Digital,Business Intelligence,CSA - Tech,Proyecto,Bajo,BLANCO,Nunca ofrecido,Espacio blanco,21.2,C,24,266.0,0.299,0.016,0.0,0.968,0.1,21.186,1.0,1.0,3.4,0.5,100.0,0.0,0,1,0.0,0.0,0.0,0.0,,,,,Sin anclaje en el portafolio actual de la cuenta; servicio con demanda activa en los ultimos meses.,Usar como abrepuertas de bajo ticket
PJ Chile SpA,PJ CHILE SPA,Food & QSR,Emergente,BI Services,BI Services,Analytics & Optimizacion Digital,Business Intelligence,CSA - Tech,Proyecto,Bajo,BLANCO,Nunca ofrecido,Espacio blanco,21.2,C,25,266.0,0.299,0.016,0.0,0.968,0.1,21.186,1.0,1.0,3.4,0.5,100.0,0.0,0,1,0.0,0.0,0.0,0.0,,,,,Sin anclaje en el portafolio actual de la cuenta; servicio con demanda activa en los ultimos meses.,Usar como abrepuertas de bajo ticket
Reckitt,RECKITT,CPG Cuidado Personal,Emergente,BI Services,BI Services,Analytics & Optimizacion Digital,Business Intelligence,CSA - Tech,Proyecto,Bajo,BLANCO,Nunca ofrecido,Espacio blanco,21.2,C,24,266.0,0.299,0.016,0.0,0.968,0.1,21.186,1.0,1.0,3.4,0.5,100.0,0.0,0,1,0.0,0.0,0.0,0.0,,,,,Sin anclaje en el portafolio actual de la cuenta; servicio con demanda activa en los ultimos meses.,Usar como abrepuertas de bajo ticket
Tricot,TRICOT,Retail Vestuario,Emergente,BI Services,BI Services,Analytics & Optimizacion Digital,Business Intelligence,CSA - Tech,Proyecto,Bajo,BLANCO,Nunca ofrecido,Espacio blanco,21.2,C,25,266.0,0.299,0.016,0.0,0.968,0.1,21.186,1.0,1.0,3.4,0.5,100.0,0.0,0,1,0.0,0.0,0.0,0.0,,,,,Sin anclaje en el portafolio actual de la cuenta; servicio con demanda activa en los ultimos meses.,Usar como abrepuertas de bajo ticket
Verisure,VERISURE,Servicios Hogar & Seguridad,Desarrollo,BI Services,BI Services,Analytics & Optimizacion Digital,Business Intelligence,CSA - Tech,Proyecto,Bajo,BLANCO,Nunca ofrecido,Espacio blanco,21.2,C,22,266.0,0.299,0.016,0.0,0.968,0.1,21.186,1.0,1.0,3.4,0.5,100.0,0.0,0,1,0.0,0.0,0.0,0.0,,,,,Sin anclaje en el portafolio actual de la cuenta; servicio con demanda activa en los ultimos meses.,Usar como abrepuertas de bajo ticket
Copec Flux,COPEC FLUX,Energia & Combustibles,Estrategica,Investment Curves,Investment Curves (by conversion:channel),Measurement & Efectividad,Curvas de Inversion,CSA - Science,Proyecto,Bajo,BLANCO,Nunca ofrecido,Espacio blanco,21.0,C,24,1271.0,0.0,0.0,0.294,0.896,0.25,21.043,1.0,1.0,0.0,0.0,100.0,0.0,0,4,0.0,0.0,0.0,0.0,,,,,Sin anclaje en el portafolio actual de la cuenta; servicio con demanda activa en los ultimos meses.,Usar como abrepuertas de bajo ticket
Enex,ENEX,Energia & Combustibles,Desarrollo,Investment Curves,Investment Curves (by conversion:channel),Measurement & Efectividad,Curvas de Inversion,CSA - Science,Proyecto,Bajo,BLANCO,Nunca ofrecido,Espacio blanco,21.0,C,28,1271.0,0.0,0.0,0.294,0.896,0.25,21.043,1.0,1.0,0.0,0.0,100.0,0.0,0,4,0.0,0.0,0.0,0.0,,,,,Sin anclaje en el portafolio actual de la cuenta; servicio con demanda activa en los ultimos meses.,Usar como abrepuertas de bajo ticket
Gildemeister,GILDEMEISTER,Automotriz,Estrategica,Investment Curves,Investment Curves (by conversion:channel),Measurement & Efectividad,Curvas de Inversion,CSA - Science,Proyecto,Bajo,BLANCO,Nunca ofrecido,Espacio blanco,21.0,C,22,1271.0,0.0,0.0,0.294,0.896,0.25,21.043,1.0,1.0,0.0,0.0,100.0,0.0,0,4,0.0,0.0,0.0,0.0,,,,,Sin anclaje en el portafolio actual de la cuenta; servicio con demanda activa en los ultimos meses.,Usar como abrepuertas de bajo ticket
Indumotora,INDUMOTORA,Automotriz,Estrategica,Investment Curves,Investment Curves (by conversion:channel),Measurement & Efectividad,Curvas de Inversion,CSA - Science,Proyecto,Bajo,BLANCO,Nunca ofrecido,Espacio blanco,21.0,C,22,1271.0,0.0,0.0,0.294,0.896,0.25,21.043,1.0,1.0,0.0,0.0,100.0,0.0,0,4,0.0,0.0,0.0,0.0,,,,,Sin anclaje en el portafolio actual de la cuenta; servicio con demanda activa en los ultimos meses.,Usar como abrepuertas de bajo ticket
Parque Arauco,PARQUE ARAUCO,Real Estate & Malls,Estrategica,Investment Curves,Investment Curves (by conversion:channel),Measurement & Efectividad,Curvas de Inversion,CSA - Science,Proyecto,Bajo,BLANCO,Nunca ofrecido,Espacio blanco,21.0,C,25,1271.0,0.0,0.0,0.294,0.896,0.25,21.043,1.0,1.0,0.0,0.0,100.0,0.0,0,1,0.0,0.0,0.0,0.0,,,,,Sin anclaje en el portafolio actual de la cuenta; servicio con demanda activa en los ultimos meses.,Usar como abrepuertas de bajo ticket
Porsche Group,PORSCHE GROUP,Automotriz,Desarrollo,Investment Curves,Investment Curves (by conversion:channel),Measurement & Efectividad,Curvas de Inversion,CSA - Science,Proyecto,Bajo,BLANCO,Nunca ofrecido,Espacio blanco,21.0,C,28,1271.0,0.0,0.0,0.294,0.896,0.25,21.043,1.0,1.0,0.0,0.0,100.0,0.0,0,4,0.0,0.0,0.0,0.0,,,,,Sin anclaje en el portafolio actual de la cuenta; servicio con demanda activa en los ultimos meses.,Usar como abrepuertas de bajo ticket
SMU,SMU,Retail Supermercados,Emergente,Investment Curves,Investment Curves (by conversion:channel),Measurement & Efectividad,Curvas de Inversion,CSA - Science,Proyecto,Bajo,BLANCO,Nunca ofrecido,Espacio blanco,21.0,C,28,1271.0,0.0,0.0,0.294,0.896,0.25,21.043,1.0,1.0,0.0,0.0,100.0,0.0,0,1,0.0,0.0,0.0,0.0,,,,,Sin anclaje en el portafolio actual de la cuenta; servicio con demanda activa en los ultimos meses.,Usar como abrepuertas de bajo ticket
TUA,TUA,Por clasificar,Emergente,Investment Curves,Investment Curves (by conversion:channel),Measurement & Efectividad,Curvas de Inversion,CSA - Science,Proyecto,Bajo,BLANCO,Nunca ofrecido,Espacio blanco,21.0,C,26,1271.0,0.0,0.0,0.294,0.896,0.25,21.043,1.0,1.0,0.0,0.0,100.0,0.0,0,1,0.0,0.0,0.0,0.0,,,,,Sin anclaje en el portafolio actual de la cuenta; servicio con demanda activa en los ultimos meses.,Usar como abrepuertas de bajo ticket
Telefonica,TELEFONICA,Telco,Estrategica,C-GenIA,C-GenIA,Creative Intelligence & GenAI,Creative GenAI,CSA - Tech,Proyecto,Alto,EN_PAUSA,En pausa,Rescate (en pausa),21.0,C,23,18305.0,0.0,0.094,0.796,0.951,0.5,38.183,0.55,1.0,0.0,0.0,100.0,0.0,0,3,0.0,0.0,1.0,0.0,,,,2026-07-20,Servicio con demanda activa en los ultimos meses; quedo en pausa: falta destrabar.,Destrabar la propuesta en pausa con el contacto original
Telefonica,TELEFONICA,Telco,Estrategica,Investment Curves,Investment Curves (by conversion:channel),Measurement & Efectividad,Curvas de Inversion,CSA - Science,Proyecto,Bajo,BLANCO,Nunca ofrecido,Espacio blanco,21.0,C,24,1271.0,0.0,0.0,0.294,0.896,0.25,21.043,1.0,1.0,0.0,0.0,100.0,0.0,0,3,0.0,0.0,0.0,0.0,,,,,Sin anclaje en el portafolio actual de la cuenta; servicio con demanda activa en los ultimos meses.,Usar como abrepuertas de bajo ticket
Gasco,GASCO,Energia & Combustibles,Emergente,BI Services,BI Services,Analytics & Optimizacion Digital,Business Intelligence,CSA - Tech,Proyecto,Bajo,BLANCO,Nunca ofrecido,Espacio blanco,20.8,C,25,266.0,0.299,0.0,0.0,0.968,0.1,20.783,1.0,1.0,3.4,0.5,100.0,0.0,0,4,0.0,0.0,0.0,0.0,,,,,Sin anclaje en el portafolio actual de la cuenta; servicio con demanda activa en los ultimos meses.,Usar como abrepuertas de bajo ticket
LATAM Airlines,LATAM AERLINES,Travel & Aerolineas,Desarrollo,BI Services,BI Services,Analytics & Optimizacion Digital,Business Intelligence,CSA - Tech,Proyecto,Bajo,BLANCO,Nunca ofrecido,Espacio blanco,20.8,C,24,266.0,0.299,0.0,0.0,0.968,0.1,20.783,1.0,1.0,3.4,0.5,100.0,0.0,0,2,0.0,0.0,0.0,0.0,,,,,Sin anclaje en el portafolio actual de la cuenta; servicio con demanda activa en los ultimos meses.,Usar como abrepuertas de bajo ticket
Lactalis,LACTALIS,CPG Alimentos,Emergente,BI Services,BI Services,Analytics & Optimizacion Digital,Business Intelligence,CSA - Tech,Proyecto,Bajo,BLANCO,Nunca ofrecido,Espacio blanco,20.8,C,24,266.0,0.299,0.0,0.0,0.968,0.1,20.783,1.0,1.0,3.4,0.5,100.0,0.0,0,2,0.0,0.0,0.0,0.0,,,,,Sin anclaje en el portafolio actual de la cuenta; servicio con demanda activa en los ultimos meses.,Usar como abrepuertas de bajo ticket
Sky Airline,SKY AIRLINE,Travel & Aerolineas,Emergente,BI Services,BI Services,Analytics & Optimizacion Digital,Business Intelligence,CSA - Tech,Proyecto,Bajo,BLANCO,Nunca ofrecido,Espacio blanco,20.8,C,24,266.0,0.299,0.0,0.0,0.968,0.1,20.783,1.0,1.0,3.4,0.5,100.0,0.0,0,2,0.0,0.0,0.0,0.0,,,,,Sin anclaje en el portafolio actual de la cuenta; servicio con demanda activa en los ultimos meses.,Usar como abrepuertas de bajo ticket
Watts,WATTS,CPG Alimentos,Desarrollo,BI Services,BI Services,Analytics & Optimizacion Digital,Business Intelligence,CSA - Tech,Proyecto,Bajo,BLANCO,Nunca ofrecido,Espacio blanco,20.8,C,23,266.0,0.299,0.0,0.0,0.968,0.1,20.783,1.0,1.0,3.4,0.5,100.0,0.0,0,2,0.0,0.0,0.0,0.0,,,,,Sin anclaje en el portafolio actual de la cuenta; servicio con demanda activa en los ultimos meses.,Usar como abrepuertas de bajo ticket
Cruz Verde,CRUZ VERDE,Retail Farmacia,Emergente,ABCD Detector,ABCD Detector - Basic (20 Videos) per month,Creative Intelligence & GenAI,Creative Analytics,CSA - Tech,Recurrente,Bajo,BLANCO,Nunca ofrecido,Espacio blanco,20.6,C,25,3488.0,0.0,0.0,0.484,0.826,0.1,20.615,1.0,1.0,0.0,0.0,75.0,0.0,0,1,0.0,0.0,0.0,0.0,,,,,Sin anclaje en el portafolio actual de la cuenta; servicio con demanda activa en los ultimos meses.,Usar como abrepuertas de bajo ticket
Decathlon,DECATHLON,Retail Deportes,Emergente,ABCD Detector,ABCD Detector - Basic (20 Videos) per month,Creative Intelligence & GenAI,Creative Analytics,CSA - Tech,Recurrente,Bajo,BLANCO,Nunca ofrecido,Espacio blanco,20.6,C,25,3488.0,0.0,0.0,0.484,0.826,0.1,20.615,1.0,1.0,0.0,0.0,75.0,0.0,0,1,0.0,0.0,0.0,0.0,,,,,Sin anclaje en el portafolio actual de la cuenta; servicio con demanda activa en los ultimos meses.,Usar como abrepuertas de bajo ticket
Escuela de Comercio y Servicio,ESCUELA DE COMERCIO Y SERVICIO,Educacion,Emergente,ABCD Detector,ABCD Detector - Basic (20 Videos) per month,Creative Intelligence & GenAI,Creative Analytics,CSA - Tech,Recurrente,Bajo,BLANCO,Nunca ofrecido,Espacio blanco,20.6,C,25,3488.0,0.0,0.0,0.484,0.826,0.1,20.615,1.0,1.0,0.0,0.0,75.0,0.0,0,1,0.0,0.0,0.0,0.0,,,,,Sin anclaje en el portafolio actual de la cuenta; servicio con demanda activa en los ultimos meses.,Usar como abrepuertas de bajo ticket
GAES,GAES,Salud,Emergente,ABCD Detector,ABCD Detector - Basic (20 Videos) per month,Creative Intelligence & GenAI,Creative Analytics,CSA - Tech,Recurrente,Bajo,BLANCO,Nunca ofrecido,Espacio blanco,20.6,C,25,3488.0,0.0,0.0,0.484,0.826,0.1,20.615,1.0,1.0,0.0,0.0,75.0,0.0,0,1,0.0,0.0,0.0,0.0,,,,,Sin anclaje en el portafolio actual de la cuenta; servicio con demanda activa en los ultimos meses.,Usar como abrepuertas de bajo ticket
LATAM Airlines,LATAM AERLINES,Travel & Aerolineas,Desarrollo,ABCD Detector,ABCD Detector - Basic (20 Videos) per month,Creative Intelligence & GenAI,Creative Analytics,CSA - Tech,Recurrente,Bajo,BLANCO,Nunca ofrecido,Espacio blanco,20.6,C,25,3488.0,0.0,0.0,0.484,0.826,0.1,20.615,1.0,1.0,0.0,0.0,75.0,0.0,0,2,0.0,0.0,0.0,0.0,,,,,Sin anclaje en el portafolio actual de la cuenta; servicio con demanda activa en los ultimos meses.,Usar como abrepuertas de bajo ticket
Lactalis,LACTALIS,CPG Alimentos,Emergente,ABCD Detector,ABCD Detector - Basic (20 Videos) per month,Creative Intelligence & GenAI,Creative Analytics,CSA - Tech,Recurrente,Bajo,BLANCO,Nunca ofrecido,Espacio blanco,20.6,C,25,3488.0,0.0,0.0,0.484,0.826,0.1,20.615,1.0,1.0,0.0,0.0,75.0,0.0,0,2,0.0,0.0,0.0,0.0,,,,,Sin anclaje en el portafolio actual de la cuenta; servicio con demanda activa en los ultimos meses.,Usar como abrepuertas de bajo ticket
Polla Chilena,POLLA,Juegos & Entretenimiento,Emergente,ABCD Detector,ABCD Detector - Basic (20 Videos) per month,Creative Intelligence & GenAI,Creative Analytics,CSA - Tech,Recurrente,Bajo,BLANCO,Nunca ofrecido,Espacio blanco,20.6,C,24,3488.0,0.0,0.0,0.484,0.826,0.1,20.615,1.0,1.0,0.0,0.0,75.0,0.0,0,1,0.0,0.0,0.0,0.0,,,,,Sin anclaje en el portafolio actual de la cuenta; servicio con demanda activa en los ultimos meses.,Usar como abrepuertas de bajo ticket
Reckitt,RECKITT,CPG Cuidado Personal,Emergente,ABCD Detector,ABCD Detector - Basic (20 Videos) per month,Creative Intelligence & GenAI,Creative Analytics,CSA - Tech,Recurrente,Bajo,BLANCO,Nunca ofrecido,Espacio blanco,20.6,C,25,3488.0,0.0,0.0,0.484,0.826,0.1,20.615,1.0,1.0,0.0,0.0,75.0,0.0,0,1,0.0,0.0,0.0,0.0,,,,,Sin anclaje en el portafolio actual de la cuenta; servicio con demanda activa en los ultimos meses.,Usar como abrepuertas de bajo ticket
Sky Airline,SKY AIRLINE,Travel & Aerolineas,Emergente,ABCD Detector,ABCD Detector - Basic (20 Videos) per month,Creative Intelligence & GenAI,Creative Analytics,CSA - Tech,Recurrente,Bajo,BLANCO,Nunca ofrecido,Espacio blanco,20.6,C,25,3488.0,0.0,0.0,0.484,0.826,0.1,20.615,1.0,1.0,0.0,0.0,75.0,0.0,0,2,0.0,0.0,0.0,0.0,,,,,Sin anclaje en el portafolio actual de la cuenta; servicio con demanda activa en los ultimos meses.,Usar como abrepuertas de bajo ticket
Tenpo,TENPO,Fintech & Banca,Emergente,ABCD Detector,ABCD Detector - Basic (20 Videos) per month,Creative Intelligence & GenAI,Creative Analytics,CSA - Tech,Recurrente,Bajo,BLANCO,Nunca ofrecido,Espacio blanco,20.6,C,24,3488.0,0.0,0.0,0.484,0.826,0.1,20.615,1.0,1.0,0.0,0.0,75.0,0.0,0,1,0.0,0.0,0.0,0.0,,,,,Sin anclaje en el portafolio actual de la cuenta; servicio con demanda activa en los ultimos meses.,Usar como abrepuertas de bajo ticket
WOM,WOM,Telco,Desarrollo,ABCD Detector,ABCD Detector - Basic (20 Videos) per month,Creative Intelligence & GenAI,Creative Analytics,CSA - Tech,Recurrente,Bajo,BLANCO,Nunca ofrecido,Espacio blanco,20.6,C,24,3488.0,0.0,0.0,0.484,0.826,0.1,20.615,1.0,1.0,0.0,0.0,75.0,0.0,0,3,0.0,0.0,0.0,0.0,,,,,Sin anclaje en el portafolio actual de la cuenta; servicio con demanda activa en los ultimos meses.,Usar como abrepuertas de bajo ticket
Claro,CLARO,Telco,Estrategica,Shopping Insider / Feed AI,Shopping Insider / Feed AI,Analytics & Optimizacion Digital,Retail & Feed,CSA - Tech,Proyecto,Bajo,PERDIDO,Ofrecido y perdido,Reactivacion,19.3,C,19,3976.0,0.0,0.046,0.509,0.185,0.75,27.562,0.7,1.0,0.0,0.0,0.0,0.0,0,3,0.0,0.0,1.0,1.0,2025-06-30,423.0,True,2025-06-30,"Adyacente a analytics & optimizacion digital, familia donde la cuenta ya compra; se perdio hace 423 dias.",Re-pitchear con nuevo angulo (revisar motivo de perdida)
Polla Chilena,POLLA,Juegos & Entretenimiento,Emergente,Online Data Optimization - E-commerce,Online Data Optimization - sites with E-commerce,Analytics & Optimizacion Digital,Online Data Optimization,CSA - Tech,Proyecto,Medio,EN_PAUSA,En pausa,Rescate (en pausa),18.5,C,25,7336.0,0.299,0.058,0.624,0.983,0.1,33.697,0.55,1.0,3.4,0.5,100.0,0.0,0,1,0.0,0.0,1.0,0.0,,,,2026-06-15,Sin anclaje en el portafolio actual de la cuenta; servicio con demanda activa en los ultimos meses; quedo en pausa: falta destrabar.,Destrabar la propuesta en pausa con el contacto original
Claro,CLARO,Telco,Estrategica,Geolift,Geolift,Measurement & Efectividad,Incrementalidad & Experimentos,CSA - Science,Proyecto,Bajo,PERDIDO,Ofrecido y perdido,Reactivacion,18.4,C,20,3628.0,0.0,0.0,0.491,0.202,0.75,26.266,0.7,1.0,0.0,0.0,0.0,0.0,0,3,0.0,0.0,1.0,1.0,2025-09-30,331.0,True,2025-09-30,"Adyacente a measurement & efectividad, familia donde la cuenta ya compra; se perdio hace 331 dias.",Re-pitchear con nuevo angulo (revisar motivo de perdida)
Verisure,VERISURE,Servicios Hogar & Seguridad,Desarrollo,MIM Bayesiano,MIM Bayesiano,Measurement & Efectividad,Marketing Mix Modeling,CSA - Science,Proyecto,Alto,PERDIDO,Ofrecido y perdido,Reactivacion,18.4,C,23,34348.0,0.0,0.0,0.914,0.648,0.1,26.239,0.7,1.0,0.0,0.0,50.0,0.0,0,1,0.0,0.0,1.0,1.0,2025-08-30,362.0,True,2025-08-30,Sin anclaje en el portafolio actual de la cuenta; se perdio hace 362 dias.,Re-pitchear con nuevo angulo (revisar motivo de perdida)
Parque Arauco,PARQUE ARAUCO,Real Estate & Malls,Estrategica,Online Data Optimization - No E-commerce,Online Data Optimization - sites without E-commerce,Analytics & Optimizacion Digital,Online Data Optimization,CSA - Tech,Proyecto,Bajo,EN_PAUSA,En pausa,Rescate (en pausa),18.3,C,26,3709.0,0.141,0.0,0.495,0.909,0.5,33.219,0.55,1.0,0.0,0.35304166666666664,100.0,0.0,0,1,0.0,0.0,1.0,0.0,,,,2026-06-15,Servicio con demanda activa en los ultimos meses; quedo en pausa: falta destrabar.,Destrabar la propuesta en pausa con el contacto original
Esmax,ESMAX,Energia & Combustibles,Desarrollo,Custom Bidding,Custom Bidding,Activacion & Bidding,Bidding Avanzado,CSA - Tech,Proyecto,Medio,BLANCO,Nunca ofrecido,Espacio blanco,18.1,C,24,6936.0,0.0,0.0,0.613,0.169,0.25,18.066,1.0,1.0,0.0,0.0,0.0,0.0,0,4,0.0,0.0,0.0,0.0,,,,,Sin anclaje en el portafolio actual de la cuenta; servicio sin movimiento en el mercado hace mas de un ano.,Construir caso con benchmark de la industria antes de pitchear
Cruz Verde,CRUZ VERDE,Retail Farmacia,Emergente,Investment Curves,Investment Curves (by conversion:channel),Measurement & Efectividad,Curvas de Inversion,CSA - Science,Proyecto,Bajo,BLANCO,Nunca ofrecido,Espacio blanco,18.0,C,26,1271.0,0.0,0.0,0.294,0.896,0.1,18.043,1.0,1.0,0.0,0.0,100.0,0.0,0,1,0.0,0.0,0.0,0.0,,,,,Sin anclaje en el portafolio actual de la cuenta; servicio con demanda activa en los ultimos meses.,Usar como abrepuertas de bajo ticket
Decathlon,DECATHLON,Retail Deportes,Emergente,Investment Curves,Investment Curves (by conversion:channel),Measurement & Efectividad,Curvas de Inversion,CSA - Science,Proyecto,Bajo,BLANCO,Nunca ofrecido,Espacio blanco,18.0,C,26,1271.0,0.0,0.0,0.294,0.896,0.1,18.043,1.0,1.0,0.0,0.0,100.0,0.0,0,1,0.0,0.0,0.0,0.0,,,,,Sin anclaje en el portafolio actual de la cuenta; servicio con demanda activa en los ultimos meses.,Usar como abrepuertas de bajo ticket
Escuela de Comercio y Servicio,ESCUELA DE COMERCIO Y SERVICIO,Educacion,Emergente,Investment Curves,Investment Curves (by conversion:channel),Measurement & Efectividad,Curvas de Inversion,CSA - Science,Proyecto,Bajo,BLANCO,Nunca ofrecido,Espacio blanco,18.0,C,26,1271.0,0.0,0.0,0.294,0.896,0.1,18.043,1.0,1.0,0.0,0.0,100.0,0.0,0,1,0.0,0.0,0.0,0.0,,,,,Sin anclaje en el portafolio actual de la cuenta; servicio con demanda activa en los ultimos meses.,Usar como abrepuertas de bajo ticket
GAES,GAES,Salud,Emergente,Investment Curves,Investment Curves (by conversion:channel),Measurement & Efectividad,Curvas de Inversion,CSA - Science,Proyecto,Bajo,BLANCO,Nunca ofrecido,Espacio blanco,18.0,C,26,1271.0,0.0,0.0,0.294,0.896,0.1,18.043,1.0,1.0,0.0,0.0,100.0,0.0,0,1,0.0,0.0,0.0,0.0,,,,,Sin anclaje en el portafolio actual de la cuenta; servicio con demanda activa en los ultimos meses.,Usar como abrepuertas de bajo ticket
Gasco,GASCO,Energia & Combustibles,Emergente,Investment Curves,Investment Curves (by conversion:channel),Measurement & Efectividad,Curvas de Inversion,CSA - Science,Proyecto,Bajo,BLANCO,Nunca ofrecido,Espacio blanco,18.0,C,26,1271.0,0.0,0.0,0.294,0.896,0.1,18.043,1.0,1.0,0.0,0.0,100.0,0.0,0,4,0.0,0.0,0.0,0.0,,,,,Sin anclaje en el portafolio actual de la cuenta; servicio con demanda activa en los ultimos meses.,Usar como abrepuertas de bajo ticket
Inchcape Americas,INCHAPE AMERICAS,Automotriz,Desarrollo,Investment Curves,Investment Curves (by conversion:channel),Measurement & Efectividad,Curvas de Inversion,CSA - Science,Proyecto,Bajo,BLANCO,Nunca ofrecido,Espacio blanco,18.0,C,24,1271.0,0.0,0.0,0.294,0.896,0.1,18.043,1.0,1.0,0.0,0.0,100.0,0.0,0,4,0.0,0.0,0.0,0.0,,,,,Sin anclaje en el portafolio actual de la cuenta; servicio con demanda activa en los ultimos meses.,Usar como abrepuertas de bajo ticket
LATAM Airlines,LATAM AERLINES,Travel & Aerolineas,Desarrollo,Investment Curves,Investment Curves (by conversion:channel),Measurement & Efectividad,Curvas de Inversion,CSA - Science,Proyecto,Bajo,BLANCO,Nunca ofrecido,Espacio blanco,18.0,C,26,1271.0,0.0,0.0,0.294,0.896,0.1,18.043,1.0,1.0,0.0,0.0,100.0,0.0,0,2,0.0,0.0,0.0,0.0,,,,,Sin anclaje en el portafolio actual de la cuenta; servicio con demanda activa en los ultimos meses.,Usar como abrepuertas de bajo ticket
Lactalis,LACTALIS,CPG Alimentos,Emergente,Investment Curves,Investment Curves (by conversion:channel),Measurement & Efectividad,Curvas de Inversion,CSA - Science,Proyecto,Bajo,BLANCO,Nunca ofrecido,Espacio blanco,18.0,C,26,1271.0,0.0,0.0,0.294,0.896,0.1,18.043,1.0,1.0,0.0,0.0,100.0,0.0,0,2,0.0,0.0,0.0,0.0,,,,,Sin anclaje en el portafolio actual de la cuenta; servicio con demanda activa en los ultimos meses.,Usar como abrepuertas de bajo ticket
PC Factory,PC FACTORY,Retail Electro,Emergente,Investment Curves,Investment Curves (by conversion:channel),Measurement & Efectividad,Curvas de Inversion,CSA - Science,Proyecto,Bajo,BLANCO,Nunca ofrecido,Espacio blanco,18.0,C,25,1271.0,0.0,0.0,0.294,0.896,0.1,18.043,1.0,1.0,0.0,0.0,100.0,0.0,0,1,0.0,0.0,0.0,0.0,,,,,Sin anclaje en el portafolio actual de la cuenta; servicio con demanda activa en los ultimos meses.,Usar como abrepuertas de bajo ticket
PJ Chile SpA,PJ CHILE SPA,Food & QSR,Emergente,Investment Curves,Investment Curves (by conversion:channel),Measurement & Efectividad,Curvas de Inversion,CSA - Science,Proyecto,Bajo,BLANCO,Nunca ofrecido,Espacio blanco,18.0,C,26,1271.0,0.0,0.0,0.294,0.896,0.1,18.043,1.0,1.0,0.0,0.0,100.0,0.0,0,1,0.0,0.0,0.0,0.0,,,,,Sin anclaje en el portafolio actual de la cuenta; servicio con demanda activa en los ultimos meses.,Usar como abrepuertas de bajo ticket
Polla Chilena,POLLA,Juegos & Entretenimiento,Emergente,Investment Curves,Investment Curves (by conversion:channel),Measurement & Efectividad,Curvas de Inversion,CSA - Science,Proyecto,Bajo,BLANCO,Nunca ofrecido,Espacio blanco,18.0,C,26,1271.0,0.0,0.0,0.294,0.896,0.1,18.043,1.0,1.0,0.0,0.0,100.0,0.0,0,1,0.0,0.0,0.0,0.0,,,,,Sin anclaje en el portafolio actual de la cuenta; servicio con demanda activa en los ultimos meses.,Usar como abrepuertas de bajo ticket
Reckitt,RECKITT,CPG Cuidado Personal,Emergente,Investment Curves,Investment Curves (by conversion:channel),Measurement & Efectividad,Curvas de Inversion,CSA - Science,Proyecto,Bajo,BLANCO,Nunca ofrecido,Espacio blanco,18.0,C,26,1271.0,0.0,0.0,0.294,0.896,0.1,18.043,1.0,1.0,0.0,0.0,100.0,0.0,0,1,0.0,0.0,0.0,0.0,,,,,Sin anclaje en el portafolio actual de la cuenta; servicio con demanda activa en los ultimos meses.,Usar como abrepuertas de bajo ticket
Sky Airline,SKY AIRLINE,Travel & Aerolineas,Emergente,Investment Curves,Investment Curves (by conversion:channel),Measurement & Efectividad,Curvas de Inversion,CSA - Science,Proyecto,Bajo,BLANCO,Nunca ofrecido,Espacio blanco,18.0,C,26,1271.0,0.0,0.0,0.294,0.896,0.1,18.043,1.0,1.0,0.0,0.0,100.0,0.0,0,2,0.0,0.0,0.0,0.0,,,,,Sin anclaje en el portafolio actual de la cuenta; servicio con demanda activa en los ultimos meses.,Usar como abrepuertas de bajo ticket
Tenpo,TENPO,Fintech & Banca,Emergente,Investment Curves,Investment Curves (by conversion:channel),Measurement & Efectividad,Curvas de Inversion,CSA - Science,Proyecto,Bajo,BLANCO,Nunca ofrecido,Espacio blanco,18.0,C,25,1271.0,0.0,0.0,0.294,0.896,0.1,18.043,1.0,1.0,0.0,0.0,100.0,0.0,0,1,0.0,0.0,0.0,0.0,,,,,Sin anclaje en el portafolio actual de la cuenta; servicio con demanda activa en los ultimos meses.,Usar como abrepuertas de bajo ticket
Tricot,TRICOT,Retail Vestuario,Emergente,Investment Curves,Investment Curves (by conversion:channel),Measurement & Efectividad,Curvas de Inversion,CSA - Science,Proyecto,Bajo,BLANCO,Nunca ofrecido,Espacio blanco,18.0,C,26,1271.0,0.0,0.0,0.294,0.896,0.1,18.043,1.0,1.0,0.0,0.0,100.0,0.0,0,1,0.0,0.0,0.0,0.0,,,,,Sin anclaje en el portafolio actual de la cuenta; servicio con demanda activa en los ultimos meses.,Usar como abrepuertas de bajo ticket
WOM,WOM,Telco,Desarrollo,Investment Curves,Investment Curves (by conversion:channel),Measurement & Efectividad,Curvas de Inversion,CSA - Science,Proyecto,Bajo,BLANCO,Nunca ofrecido,Espacio blanco,18.0,C,25,1271.0,0.0,0.0,0.294,0.896,0.1,18.043,1.0,1.0,0.0,0.0,100.0,0.0,0,3,0.0,0.0,0.0,0.0,,,,,Sin anclaje en el portafolio actual de la cuenta; servicio con demanda activa en los ultimos meses.,Usar como abrepuertas de bajo ticket
Watts,WATTS,CPG Alimentos,Desarrollo,Investment Curves,Investment Curves (by conversion:channel),Measurement & Efectividad,Curvas de Inversion,CSA - Science,Proyecto,Bajo,BLANCO,Nunca ofrecido,Espacio blanco,18.0,C,24,1271.0,0.0,0.0,0.294,0.896,0.1,18.043,1.0,1.0,0.0,0.0,100.0,0.0,0,2,0.0,0.0,0.0,0.0,,,,,Sin anclaje en el portafolio actual de la cuenta; servicio con demanda activa en los ultimos meses.,Usar como abrepuertas de bajo ticket
Esmax,ESMAX,Energia & Combustibles,Desarrollo,Shopping Insider / Feed AI,Shopping Insider / Feed AI,Analytics & Optimizacion Digital,Retail & Feed,CSA - Tech,Proyecto,Bajo,BLANCO,Nunca ofrecido,Espacio blanco,17.6,C,25,3976.0,0.0,0.046,0.509,0.185,0.25,17.562,1.0,1.0,0.0,0.0,0.0,0.0,0,4,0.0,0.0,0.0,0.0,,,,,Sin anclaje en el portafolio actual de la cuenta.,Usar como abrepuertas de bajo ticket
Telefonica,TELEFONICA,Telco,Estrategica,ABCD Detector,ABCD Detector - Basic (20 Videos) per month,Creative Intelligence & GenAI,Creative Analytics,CSA - Tech,Recurrente,Bajo,EN_PAUSA,En pausa,Rescate (en pausa),17.1,C,25,3488.0,0.0,0.099,0.484,0.826,0.5,31.179,0.55,1.0,0.0,0.0,75.0,0.0,0,3,0.0,0.0,1.0,0.0,,,,2026-07-20,Servicio con demanda activa en los ultimos meses; quedo en pausa: falta destrabar.,Destrabar la propuesta en pausa con el contacto original
Watts,WATTS,CPG Alimentos,Desarrollo,ABCD Detector,ABCD Detector - Basic (20 Videos) per month,Creative Intelligence & GenAI,Creative Analytics,CSA - Tech,Recurrente,Bajo,PERDIDO,Ofrecido y perdido,Reactivacion,16.6,C,25,3488.0,0.0,0.119,0.484,0.826,0.1,23.704,0.7,1.0,0.0,0.0,75.0,0.0,0,2,0.0,0.0,1.0,1.0,2025-06-30,423.0,True,2025-06-30,Sin anclaje en el portafolio actual de la cuenta; servicio con demanda activa en los ultimos meses; se perdio hace 423 dias.,Re-pitchear con nuevo angulo (revisar motivo de perdida)
Copec Flux,COPEC FLUX,Energia & Combustibles,Estrategica,Geolift,Geolift,Measurement & Efectividad,Incrementalidad & Experimentos,CSA - Science,Proyecto,Bajo,BLANCO,Nunca ofrecido,Espacio blanco,16.3,C,25,3628.0,0.0,0.0,0.491,0.202,0.25,16.266,1.0,1.0,0.0,0.0,0.0,0.0,0,4,0.0,0.0,0.0,0.0,,,,,Sin anclaje en el portafolio actual de la cuenta.,Usar como abrepuertas de bajo ticket
Enex,ENEX,Energia & Combustibles,Desarrollo,Geolift,Geolift,Measurement & Efectividad,Incrementalidad & Experimentos,CSA - Science,Proyecto,Bajo,BLANCO,Nunca ofrecido,Espacio blanco,16.3,C,29,3628.0,0.0,0.0,0.491,0.202,0.25,16.266,1.0,1.0,0.0,0.0,0.0,0.0,0,4,0.0,0.0,0.0,0.0,,,,,Sin anclaje en el portafolio actual de la cuenta.,Usar como abrepuertas de bajo ticket
Gildemeister,GILDEMEISTER,Automotriz,Estrategica,Geolift,Geolift,Measurement & Efectividad,Incrementalidad & Experimentos,CSA - Science,Proyecto,Bajo,BLANCO,Nunca ofrecido,Espacio blanco,16.3,C,23,3628.0,0.0,0.0,0.491,0.202,0.25,16.266,1.0,1.0,0.0,0.0,0.0,0.0,0,4,0.0,0.0,0.0,0.0,,,,,Sin anclaje en el portafolio actual de la cuenta.,Usar como abrepuertas de bajo ticket
Indumotora,INDUMOTORA,Automotriz,Estrategica,Geolift,Geolift,Measurement & Efectividad,Incrementalidad & Experimentos,CSA - Science,Proyecto,Bajo,BLANCO,Nunca ofrecido,Espacio blanco,16.3,C,23,3628.0,0.0,0.0,0.491,0.202,0.25,16.266,1.0,1.0,0.0,0.0,0.0,0.0,0,4,0.0,0.0,0.0,0.0,,,,,Sin anclaje en el portafolio actual de la cuenta.,Usar como abrepuertas de bajo ticket
Parque Arauco,PARQUE ARAUCO,Real Estate & Malls,Estrategica,Geolift,Geolift,Measurement & Efectividad,Incrementalidad & Experimentos,CSA - Science,Proyecto,Bajo,BLANCO,Nunca ofrecido,Espacio blanco,16.3,C,27,3628.0,0.0,0.0,0.491,0.202,0.25,16.266,1.0,1.0,0.0,0.0,0.0,0.0,0,1,0.0,0.0,0.0,0.0,,,,,Sin anclaje en el portafolio actual de la cuenta.,Usar como abrepuertas de bajo ticket
Porsche Group,PORSCHE GROUP,Automotriz,Desarrollo,Geolift,Geolift,Measurement & Efectividad,Incrementalidad & Experimentos,CSA - Science,Proyecto,Bajo,BLANCO,Nunca ofrecido,Espacio blanco,16.3,C,29,3628.0,0.0,0.0,0.491,0.202,0.25,16.266,1.0,1.0,0.0,0.0,0.0,0.0,0,4,0.0,0.0,0.0,0.0,,,,,Sin anclaje en el portafolio actual de la cuenta.,Usar como abrepuertas de bajo ticket
SMU,SMU,Retail Supermercados,Emergente,Geolift,Geolift,Measurement & Efectividad,Incrementalidad & Experimentos,CSA - Science,Proyecto,Bajo,BLANCO,Nunca ofrecido,Espacio blanco,16.3,C,29,3628.0,0.0,0.0,0.491,0.202,0.25,16.266,1.0,1.0,0.0,0.0,0.0,0.0,0,1,0.0,0.0,0.0,0.0,,,,,Sin anclaje en el portafolio actual de la cuenta.,Usar como abrepuertas de bajo ticket
TUA,TUA,Por clasificar,Emergente,Geolift,Geolift,Measurement & Efectividad,Incrementalidad & Experimentos,CSA - Science,Proyecto,Bajo,BLANCO,Nunca ofrecido,Espacio blanco,16.3,C,27,3628.0,0.0,0.0,0.491,0.202,0.25,16.266,1.0,1.0,0.0,0.0,0.0,0.0,0,1,0.0,0.0,0.0,0.0,,,,,Sin anclaje en el portafolio actual de la cuenta.,Usar como abrepuertas de bajo ticket
Telefonica,TELEFONICA,Telco,Estrategica,Geolift,Geolift,Measurement & Efectividad,Incrementalidad & Experimentos,CSA - Science,Proyecto,Bajo,BLANCO,Nunca ofrecido,Espacio blanco,16.3,C,26,3628.0,0.0,0.0,0.491,0.202,0.25,16.266,1.0,1.0,0.0,0.0,0.0,0.0,0,3,0.0,0.0,0.0,0.0,,,,,Sin anclaje en el portafolio actual de la cuenta.,Usar como abrepuertas de bajo ticket
Claro,CLARO,Telco,Estrategica,Custom Bidding,Custom Bidding,Activacion & Bidding,Bidding Avanzado,CSA - Tech,Proyecto,Medio,PERDIDO,Ofrecido y perdido,Reactivacion,16.1,C,21,6936.0,0.0,0.0,0.613,0.169,0.5,23.066,0.7,1.0,0.0,0.0,0.0,0.0,0,3,0.0,0.0,1.0,1.0,2025-07-27,396.0,True,2025-07-27,Servicio sin movimiento en el mercado hace mas de un ano; se perdio hace 396 dias.,Re-pitchear con nuevo angulo (revisar motivo de perdida)
Cruz Verde,CRUZ VERDE,Retail Farmacia,Emergente,Custom Bidding,Custom Bidding,Activacion & Bidding,Bidding Avanzado,CSA - Tech,Proyecto,Medio,BLANCO,Nunca ofrecido,Espacio blanco,15.1,C,27,6936.0,0.0,0.0,0.613,0.169,0.1,15.066,1.0,1.0,0.0,0.0,0.0,0.0,0,1,0.0,0.0,0.0,0.0,,,,,Sin anclaje en el portafolio actual de la cuenta; servicio sin movimiento en el mercado hace mas de un ano.,Construir caso con benchmark de la industria antes de pitchear
Decathlon,DECATHLON,Retail Deportes,Emergente,Custom Bidding,Custom Bidding,Activacion & Bidding,Bidding Avanzado,CSA - Tech,Proyecto,Medio,BLANCO,Nunca ofrecido,Espacio blanco,15.1,C,27,6936.0,0.0,0.0,0.613,0.169,0.1,15.066,1.0,1.0,0.0,0.0,0.0,0.0,0,1,0.0,0.0,0.0,0.0,,,,,Sin anclaje en el portafolio actual de la cuenta; servicio sin movimiento en el mercado hace mas de un ano.,Construir caso con benchmark de la industria antes de pitchear
Escuela de Comercio y Servicio,ESCUELA DE COMERCIO Y SERVICIO,Educacion,Emergente,Custom Bidding,Custom Bidding,Activacion & Bidding,Bidding Avanzado,CSA - Tech,Proyecto,Medio,BLANCO,Nunca ofrecido,Espacio blanco,15.1,C,27,6936.0,0.0,0.0,0.613,0.169,0.1,15.066,1.0,1.0,0.0,0.0,0.0,0.0,0,1,0.0,0.0,0.0,0.0,,,,,Sin anclaje en el portafolio actual de la cuenta; servicio sin movimiento en el mercado hace mas de un ano.,Construir caso con benchmark de la industria antes de pitchear
GAES,GAES,Salud,Emergente,Custom Bidding,Custom Bidding,Activacion & Bidding,Bidding Avanzado,CSA - Tech,Proyecto,Medio,BLANCO,Nunca ofrecido,Espacio blanco,15.1,C,27,6936.0,0.0,0.0,0.613,0.169,0.1,15.066,1.0,1.0,0.0,0.0,0.0,0.0,0,1,0.0,0.0,0.0,0.0,,,,,Sin anclaje en el portafolio actual de la cuenta; servicio sin movimiento en el mercado hace mas de un ano.,Construir caso con benchmark de la industria antes de pitchear
Gasco,GASCO,Energia & Combustibles,Emergente,Custom Bidding,Custom Bidding,Activacion & Bidding,Bidding Avanzado,CSA - Tech,Proyecto,Medio,BLANCO,Nunca ofrecido,Espacio blanco,15.1,C,27,6936.0,0.0,0.0,0.613,0.169,0.1,15.066,1.0,1.0,0.0,0.0,0.0,0.0,0,4,0.0,0.0,0.0,0.0,,,,,Sin anclaje en el portafolio actual de la cuenta; servicio sin movimiento en el mercado hace mas de un ano.,Construir caso con benchmark de la industria antes de pitchear
Inchcape Americas,INCHAPE AMERICAS,Automotriz,Desarrollo,Custom Bidding,Custom Bidding,Activacion & Bidding,Bidding Avanzado,CSA - Tech,Proyecto,Medio,BLANCO,Nunca ofrecido,Espacio blanco,15.1,C,25,6936.0,0.0,0.0,0.613,0.169,0.1,15.066,1.0,1.0,0.0,0.0,0.0,0.0,0,4,0.0,0.0,0.0,0.0,,,,,Sin anclaje en el portafolio actual de la cuenta; servicio sin movimiento en el mercado hace mas de un ano.,Construir caso con benchmark de la industria antes de pitchear
LATAM Airlines,LATAM AERLINES,Travel & Aerolineas,Desarrollo,Custom Bidding,Custom Bidding,Activacion & Bidding,Bidding Avanzado,CSA - Tech,Proyecto,Medio,BLANCO,Nunca ofrecido,Espacio blanco,15.1,C,27,6936.0,0.0,0.0,0.613,0.169,0.1,15.066,1.0,1.0,0.0,0.0,0.0,0.0,0,2,0.0,0.0,0.0,0.0,,,,,Sin anclaje en el portafolio actual de la cuenta; servicio sin movimiento en el mercado hace mas de un ano.,Construir caso con benchmark de la industria antes de pitchear
Lactalis,LACTALIS,CPG Alimentos,Emergente,Custom Bidding,Custom Bidding,Activacion & Bidding,Bidding Avanzado,CSA - Tech,Proyecto,Medio,BLANCO,Nunca ofrecido,Espacio blanco,15.1,C,27,6936.0,0.0,0.0,0.613,0.169,0.1,15.066,1.0,1.0,0.0,0.0,0.0,0.0,0,2,0.0,0.0,0.0,0.0,,,,,Sin anclaje en el portafolio actual de la cuenta; servicio sin movimiento en el mercado hace mas de un ano.,Construir caso con benchmark de la industria antes de pitchear
PC Factory,PC FACTORY,Retail Electro,Emergente,Custom Bidding,Custom Bidding,Activacion & Bidding,Bidding Avanzado,CSA - Tech,Proyecto,Medio,BLANCO,Nunca ofrecido,Espacio blanco,15.1,C,26,6936.0,0.0,0.0,0.613,0.169,0.1,15.066,1.0,1.0,0.0,0.0,0.0,0.0,0,1,0.0,0.0,0.0,0.0,,,,,Sin anclaje en el portafolio actual de la cuenta; servicio sin movimiento en el mercado hace mas de un ano.,Construir caso con benchmark de la industria antes de pitchear
PJ Chile SpA,PJ CHILE SPA,Food & QSR,Emergente,Custom Bidding,Custom Bidding,Activacion & Bidding,Bidding Avanzado,CSA - Tech,Proyecto,Medio,BLANCO,Nunca ofrecido,Espacio blanco,15.1,C,27,6936.0,0.0,0.0,0.613,0.169,0.1,15.066,1.0,1.0,0.0,0.0,0.0,0.0,0,1,0.0,0.0,0.0,0.0,,,,,Sin anclaje en el portafolio actual de la cuenta; servicio sin movimiento en el mercado hace mas de un ano.,Construir caso con benchmark de la industria antes de pitchear
Polla Chilena,POLLA,Juegos & Entretenimiento,Emergente,Custom Bidding,Custom Bidding,Activacion & Bidding,Bidding Avanzado,CSA - Tech,Proyecto,Medio,BLANCO,Nunca ofrecido,Espacio blanco,15.1,C,27,6936.0,0.0,0.0,0.613,0.169,0.1,15.066,1.0,1.0,0.0,0.0,0.0,0.0,0,1,0.0,0.0,0.0,0.0,,,,,Sin anclaje en el portafolio actual de la cuenta; servicio sin movimiento en el mercado hace mas de un ano.,Construir caso con benchmark de la industria antes de pitchear
Reckitt,RECKITT,CPG Cuidado Personal,Emergente,Custom Bidding,Custom Bidding,Activacion & Bidding,Bidding Avanzado,CSA - Tech,Proyecto,Medio,BLANCO,Nunca ofrecido,Espacio blanco,15.1,C,27,6936.0,0.0,0.0,0.613,0.169,0.1,15.066,1.0,1.0,0.0,0.0,0.0,0.0,0,1,0.0,0.0,0.0,0.0,,,,,Sin anclaje en el portafolio actual de la cuenta; servicio sin movimiento en el mercado hace mas de un ano.,Construir caso con benchmark de la industria antes de pitchear
Sky Airline,SKY AIRLINE,Travel & Aerolineas,Emergente,Custom Bidding,Custom Bidding,Activacion & Bidding,Bidding Avanzado,CSA - Tech,Proyecto,Medio,BLANCO,Nunca ofrecido,Espacio blanco,15.1,C,27,6936.0,0.0,0.0,0.613,0.169,0.1,15.066,1.0,1.0,0.0,0.0,0.0,0.0,0,2,0.0,0.0,0.0,0.0,,,,,Sin anclaje en el portafolio actual de la cuenta; servicio sin movimiento en el mercado hace mas de un ano.,Construir caso con benchmark de la industria antes de pitchear
Tenpo,TENPO,Fintech & Banca,Emergente,Custom Bidding,Custom Bidding,Activacion & Bidding,Bidding Avanzado,CSA - Tech,Proyecto,Medio,BLANCO,Nunca ofrecido,Espacio blanco,15.1,C,26,6936.0,0.0,0.0,0.613,0.169,0.1,15.066,1.0,1.0,0.0,0.0,0.0,0.0,0,1,0.0,0.0,0.0,0.0,,,,,Sin anclaje en el portafolio actual de la cuenta; servicio sin movimiento en el mercado hace mas de un ano.,Construir caso con benchmark de la industria antes de pitchear
Tricot,TRICOT,Retail Vestuario,Emergente,Custom Bidding,Custom Bidding,Activacion & Bidding,Bidding Avanzado,CSA - Tech,Proyecto,Medio,BLANCO,Nunca ofrecido,Espacio blanco,15.1,C,27,6936.0,0.0,0.0,0.613,0.169,0.1,15.066,1.0,1.0,0.0,0.0,0.0,0.0,0,1,0.0,0.0,0.0,0.0,,,,,Sin anclaje en el portafolio actual de la cuenta; servicio sin movimiento en el mercado hace mas de un ano.,Construir caso con benchmark de la industria antes de pitchear
Verisure,VERISURE,Servicios Hogar & Seguridad,Desarrollo,Custom Bidding,Custom Bidding,Activacion & Bidding,Bidding Avanzado,CSA - Tech,Proyecto,Medio,BLANCO,Nunca ofrecido,Espacio blanco,15.1,C,24,6936.0,0.0,0.0,0.613,0.169,0.1,15.066,1.0,1.0,0.0,0.0,0.0,0.0,0,1,0.0,0.0,0.0,0.0,,,,,Sin anclaje en el portafolio actual de la cuenta; servicio sin movimiento en el mercado hace mas de un ano.,Construir caso con benchmark de la industria antes de pitchear
WOM,WOM,Telco,Desarrollo,Custom Bidding,Custom Bidding,Activacion & Bidding,Bidding Avanzado,CSA - Tech,Proyecto,Medio,BLANCO,Nunca ofrecido,Espacio blanco,15.1,C,26,6936.0,0.0,0.0,0.613,0.169,0.1,15.066,1.0,1.0,0.0,0.0,0.0,0.0,0,3,0.0,0.0,0.0,0.0,,,,,Sin anclaje en el portafolio actual de la cuenta; servicio sin movimiento en el mercado hace mas de un ano.,Construir caso con benchmark de la industria antes de pitchear
Watts,WATTS,CPG Alimentos,Desarrollo,Custom Bidding,Custom Bidding,Activacion & Bidding,Bidding Avanzado,CSA - Tech,Proyecto,Medio,BLANCO,Nunca ofrecido,Espacio blanco,15.1,C,26,6936.0,0.0,0.0,0.613,0.169,0.1,15.066,1.0,1.0,0.0,0.0,0.0,0.0,0,2,0.0,0.0,0.0,0.0,,,,,Sin anclaje en el portafolio actual de la cuenta; servicio sin movimiento en el mercado hace mas de un ano.,Construir caso con benchmark de la industria antes de pitchear
PC Factory,PC FACTORY,Retail Electro,Emergente,Shopping Insider / Feed AI,Shopping Insider / Feed AI,Analytics & Optimizacion Digital,Retail & Feed,CSA - Tech,Proyecto,Bajo,BLANCO,Nunca ofrecido,Espacio blanco,14.6,C,27,3976.0,0.0,0.046,0.509,0.185,0.1,14.562,1.0,1.0,0.0,0.0,0.0,0.0,0,1,0.0,0.0,0.0,0.0,,,,,Sin anclaje en el portafolio actual de la cuenta.,Usar como abrepuertas de bajo ticket
PJ Chile SpA,PJ CHILE SPA,Food & QSR,Emergente,Shopping Insider / Feed AI,Shopping Insider / Feed AI,Analytics & Optimizacion Digital,Retail & Feed,CSA - Tech,Proyecto,Bajo,BLANCO,Nunca ofrecido,Espacio blanco,14.6,C,28,3976.0,0.0,0.046,0.509,0.185,0.1,14.562,1.0,1.0,0.0,0.0,0.0,0.0,0,1,0.0,0.0,0.0,0.0,,,,,Sin anclaje en el portafolio actual de la cuenta.,Usar como abrepuertas de bajo ticket
WOM,WOM,Telco,Desarrollo,Consulting Ad Hoc,Consulting Ad Hoc,Consultoria & Ad Hoc,Consultoria Estrategica,CSA - Tech,Proyecto,Bajo,PERDIDO,Ofrecido y perdido,Reactivacion,13.7,C,27,3235.0,0.9,0.459,0.47,1.0,0.1,55.999,0.7,0.35,20.7,0.75,100.0,66.7,2,3,0.0,0.0,2.0,2.0,2026-06-23,65.0,False,2026-06-23,2 de 3 cuentas de telco ya lo ejecutan; sin anclaje en el portafolio actual de la cuenta; servicio con demanda activa en los ultimos meses; se perdio hace 65 dias.,Re-pitchear con nuevo angulo (revisar motivo de perdida)
Cruz Verde,CRUZ VERDE,Retail Farmacia,Emergente,Shopping Insider / Feed AI,Shopping Insider / Feed AI,Analytics & Optimizacion Digital,Retail & Feed,CSA - Tech,Proyecto,Bajo,BLANCO,Nunca ofrecido,Espacio blanco,13.4,C,28,3976.0,0.0,0.0,0.509,0.185,0.1,13.379,1.0,1.0,0.0,0.0,0.0,0.0,0,1,0.0,0.0,0.0,0.0,,,,,Sin anclaje en el portafolio actual de la cuenta.,Usar como abrepuertas de bajo ticket
Decathlon,DECATHLON,Retail Deportes,Emergente,Shopping Insider / Feed AI,Shopping Insider / Feed AI,Analytics & Optimizacion Digital,Retail & Feed,CSA - Tech,Proyecto,Bajo,BLANCO,Nunca ofrecido,Espacio blanco,13.4,C,28,3976.0,0.0,0.0,0.509,0.185,0.1,13.379,1.0,1.0,0.0,0.0,0.0,0.0,0,1,0.0,0.0,0.0,0.0,,,,,Sin anclaje en el portafolio actual de la cuenta.,Usar como abrepuertas de bajo ticket
Escuela de Comercio y Servicio,ESCUELA DE COMERCIO Y SERVICIO,Educacion,Emergente,Shopping Insider / Feed AI,Shopping Insider / Feed AI,Analytics & Optimizacion Digital,Retail & Feed,CSA - Tech,Proyecto,Bajo,BLANCO,Nunca ofrecido,Espacio blanco,13.4,C,28,3976.0,0.0,0.0,0.509,0.185,0.1,13.379,1.0,1.0,0.0,0.0,0.0,0.0,0,1,0.0,0.0,0.0,0.0,,,,,Sin anclaje en el portafolio actual de la cuenta.,Usar como abrepuertas de bajo ticket
GAES,GAES,Salud,Emergente,Shopping Insider / Feed AI,Shopping Insider / Feed AI,Analytics & Optimizacion Digital,Retail & Feed,CSA - Tech,Proyecto,Bajo,BLANCO,Nunca ofrecido,Espacio blanco,13.4,C,28,3976.0,0.0,0.0,0.509,0.185,0.1,13.379,1.0,1.0,0.0,0.0,0.0,0.0,0,1,0.0,0.0,0.0,0.0,,,,,Sin anclaje en el portafolio actual de la cuenta.,Usar como abrepuertas de bajo ticket
Gasco,GASCO,Energia & Combustibles,Emergente,Shopping Insider / Feed AI,Shopping Insider / Feed AI,Analytics & Optimizacion Digital,Retail & Feed,CSA - Tech,Proyecto,Bajo,BLANCO,Nunca ofrecido,Espacio blanco,13.4,C,28,3976.0,0.0,0.0,0.509,0.185,0.1,13.379,1.0,1.0,0.0,0.0,0.0,0.0,0,4,0.0,0.0,0.0,0.0,,,,,Sin anclaje en el portafolio actual de la cuenta.,Usar como abrepuertas de bajo ticket
Inchcape Americas,INCHAPE AMERICAS,Automotriz,Desarrollo,Shopping Insider / Feed AI,Shopping Insider / Feed AI,Analytics & Optimizacion Digital,Retail & Feed,CSA - Tech,Proyecto,Bajo,BLANCO,Nunca ofrecido,Espacio blanco,13.4,C,26,3976.0,0.0,0.0,0.509,0.185,0.1,13.379,1.0,1.0,0.0,0.0,0.0,0.0,0,4,0.0,0.0,0.0,0.0,,,,,Sin anclaje en el portafolio actual de la cuenta.,Usar como abrepuertas de bajo ticket
LATAM Airlines,LATAM AERLINES,Travel & Aerolineas,Desarrollo,Shopping Insider / Feed AI,Shopping Insider / Feed AI,Analytics & Optimizacion Digital,Retail & Feed,CSA - Tech,Proyecto,Bajo,BLANCO,Nunca ofrecido,Espacio blanco,13.4,C,28,3976.0,0.0,0.0,0.509,0.185,0.1,13.379,1.0,1.0,0.0,0.0,0.0,0.0,0,2,0.0,0.0,0.0,0.0,,,,,Sin anclaje en el portafolio actual de la cuenta.,Usar como abrepuertas de bajo ticket
Lactalis,LACTALIS,CPG Alimentos,Emergente,Shopping Insider / Feed AI,Shopping Insider / Feed AI,Analytics & Optimizacion Digital,Retail & Feed,CSA - Tech,Proyecto,Bajo,BLANCO,Nunca ofrecido,Espacio blanco,13.4,C,28,3976.0,0.0,0.0,0.509,0.185,0.1,13.379,1.0,1.0,0.0,0.0,0.0,0.0,0,2,0.0,0.0,0.0,0.0,,,,,Sin anclaje en el portafolio actual de la cuenta.,Usar como abrepuertas de bajo ticket
Polla Chilena,POLLA,Juegos & Entretenimiento,Emergente,Shopping Insider / Feed AI,Shopping Insider / Feed AI,Analytics & Optimizacion Digital,Retail & Feed,CSA - Tech,Proyecto,Bajo,BLANCO,Nunca ofrecido,Espacio blanco,13.4,C,28,3976.0,0.0,0.0,0.509,0.185,0.1,13.379,1.0,1.0,0.0,0.0,0.0,0.0,0,1,0.0,0.0,0.0,0.0,,,,,Sin anclaje en el portafolio actual de la cuenta.,Usar como abrepuertas de bajo ticket
Reckitt,RECKITT,CPG Cuidado Personal,Emergente,Shopping Insider / Feed AI,Shopping Insider / Feed AI,Analytics & Optimizacion Digital,Retail & Feed,CSA - Tech,Proyecto,Bajo,BLANCO,Nunca ofrecido,Espacio blanco,13.4,C,28,3976.0,0.0,0.0,0.509,0.185,0.1,13.379,1.0,1.0,0.0,0.0,0.0,0.0,0,1,0.0,0.0,0.0,0.0,,,,,Sin anclaje en el portafolio actual de la cuenta.,Usar como abrepuertas de bajo ticket
Sky Airline,SKY AIRLINE,Travel & Aerolineas,Emergente,Shopping Insider / Feed AI,Shopping Insider / Feed AI,Analytics & Optimizacion Digital,Retail & Feed,CSA - Tech,Proyecto,Bajo,BLANCO,Nunca ofrecido,Espacio blanco,13.4,C,28,3976.0,0.0,0.0,0.509,0.185,0.1,13.379,1.0,1.0,0.0,0.0,0.0,0.0,0,2,0.0,0.0,0.0,0.0,,,,,Sin anclaje en el portafolio actual de la cuenta.,Usar como abrepuertas de bajo ticket
Tenpo,TENPO,Fintech & Banca,Emergente,Shopping Insider / Feed AI,Shopping Insider / Feed AI,Analytics & Optimizacion Digital,Retail & Feed,CSA - Tech,Proyecto,Bajo,BLANCO,Nunca ofrecido,Espacio blanco,13.4,C,27,3976.0,0.0,0.0,0.509,0.185,0.1,13.379,1.0,1.0,0.0,0.0,0.0,0.0,0,1,0.0,0.0,0.0,0.0,,,,,Sin anclaje en el portafolio actual de la cuenta.,Usar como abrepuertas de bajo ticket
Verisure,VERISURE,Servicios Hogar & Seguridad,Desarrollo,Shopping Insider / Feed AI,Shopping Insider / Feed AI,Analytics & Optimizacion Digital,Retail & Feed,CSA - Tech,Proyecto,Bajo,BLANCO,Nunca ofrecido,Espacio blanco,13.4,C,25,3976.0,0.0,0.0,0.509,0.185,0.1,13.379,1.0,1.0,0.0,0.0,0.0,0.0,0,1,0.0,0.0,0.0,0.0,,,,,Sin anclaje en el portafolio actual de la cuenta.,Usar como abrepuertas de bajo ticket
WOM,WOM,Telco,Desarrollo,Shopping Insider / Feed AI,Shopping Insider / Feed AI,Analytics & Optimizacion Digital,Retail & Feed,CSA - Tech,Proyecto,Bajo,BLANCO,Nunca ofrecido,Espacio blanco,13.4,C,28,3976.0,0.0,0.0,0.509,0.185,0.1,13.379,1.0,1.0,0.0,0.0,0.0,0.0,0,3,0.0,0.0,0.0,0.0,,,,,Sin anclaje en el portafolio actual de la cuenta.,Usar como abrepuertas de bajo ticket
Watts,WATTS,CPG Alimentos,Desarrollo,Shopping Insider / Feed AI,Shopping Insider / Feed AI,Analytics & Optimizacion Digital,Retail & Feed,CSA - Tech,Proyecto,Bajo,BLANCO,Nunca ofrecido,Espacio blanco,13.4,C,27,3976.0,0.0,0.0,0.509,0.185,0.1,13.379,1.0,1.0,0.0,0.0,0.0,0.0,0,2,0.0,0.0,0.0,0.0,,,,,Sin anclaje en el portafolio actual de la cuenta.,Usar como abrepuertas de bajo ticket
Cruz Verde,CRUZ VERDE,Retail Farmacia,Emergente,Geolift,Geolift,Measurement & Efectividad,Incrementalidad & Experimentos,CSA - Science,Proyecto,Bajo,BLANCO,Nunca ofrecido,Espacio blanco,13.3,C,29,3628.0,0.0,0.0,0.491,0.202,0.1,13.266,1.0,1.0,0.0,0.0,0.0,0.0,0,1,0.0,0.0,0.0,0.0,,,,,Sin anclaje en el portafolio actual de la cuenta.,Usar como abrepuertas de bajo ticket
Decathlon,DECATHLON,Retail Deportes,Emergente,Geolift,Geolift,Measurement & Efectividad,Incrementalidad & Experimentos,CSA - Science,Proyecto,Bajo,BLANCO,Nunca ofrecido,Espacio blanco,13.3,C,29,3628.0,0.0,0.0,0.491,0.202,0.1,13.266,1.0,1.0,0.0,0.0,0.0,0.0,0,1,0.0,0.0,0.0,0.0,,,,,Sin anclaje en el portafolio actual de la cuenta.,Usar como abrepuertas de bajo ticket
Escuela de Comercio y Servicio,ESCUELA DE COMERCIO Y SERVICIO,Educacion,Emergente,Geolift,Geolift,Measurement & Efectividad,Incrementalidad & Experimentos,CSA - Science,Proyecto,Bajo,BLANCO,Nunca ofrecido,Espacio blanco,13.3,C,29,3628.0,0.0,0.0,0.491,0.202,0.1,13.266,1.0,1.0,0.0,0.0,0.0,0.0,0,1,0.0,0.0,0.0,0.0,,,,,Sin anclaje en el portafolio actual de la cuenta.,Usar como abrepuertas de bajo ticket
GAES,GAES,Salud,Emergente,Geolift,Geolift,Measurement & Efectividad,Incrementalidad & Experimentos,CSA - Science,Proyecto,Bajo,BLANCO,Nunca ofrecido,Espacio blanco,13.3,C,29,3628.0,0.0,0.0,0.491,0.202,0.1,13.266,1.0,1.0,0.0,0.0,0.0,0.0,0,1,0.0,0.0,0.0,0.0,,,,,Sin anclaje en el portafolio actual de la cuenta.,Usar como abrepuertas de bajo ticket
Gasco,GASCO,Energia & Combustibles,Emergente,Geolift,Geolift,Measurement & Efectividad,Incrementalidad & Experimentos,CSA - Science,Proyecto,Bajo,BLANCO,Nunca ofrecido,Espacio blanco,13.3,C,29,3628.0,0.0,0.0,0.491,0.202,0.1,13.266,1.0,1.0,0.0,0.0,0.0,0.0,0,4,0.0,0.0,0.0,0.0,,,,,Sin anclaje en el portafolio actual de la cuenta.,Usar como abrepuertas de bajo ticket
Inchcape Americas,INCHAPE AMERICAS,Automotriz,Desarrollo,Geolift,Geolift,Measurement & Efectividad,Incrementalidad & Experimentos,CSA - Science,Proyecto,Bajo,BLANCO,Nunca ofrecido,Espacio blanco,13.3,C,27,3628.0,0.0,0.0,0.491,0.202,0.1,13.266,1.0,1.0,0.0,0.0,0.0,0.0,0,4,0.0,0.0,0.0,0.0,,,,,Sin anclaje en el portafolio actual de la cuenta.,Usar como abrepuertas de bajo ticket
LATAM Airlines,LATAM AERLINES,Travel & Aerolineas,Desarrollo,Geolift,Geolift,Measurement & Efectividad,Incrementalidad & Experimentos,CSA - Science,Proyecto,Bajo,BLANCO,Nunca ofrecido,Espacio blanco,13.3,C,29,3628.0,0.0,0.0,0.491,0.202,0.1,13.266,1.0,1.0,0.0,0.0,0.0,0.0,0,2,0.0,0.0,0.0,0.0,,,,,Sin anclaje en el portafolio actual de la cuenta.,Usar como abrepuertas de bajo ticket
Lactalis,LACTALIS,CPG Alimentos,Emergente,Geolift,Geolift,Measurement & Efectividad,Incrementalidad & Experimentos,CSA - Science,Proyecto,Bajo,BLANCO,Nunca ofrecido,Espacio blanco,13.3,C,29,3628.0,0.0,0.0,0.491,0.202,0.1,13.266,1.0,1.0,0.0,0.0,0.0,0.0,0,2,0.0,0.0,0.0,0.0,,,,,Sin anclaje en el portafolio actual de la cuenta.,Usar como abrepuertas de bajo ticket
PC Factory,PC FACTORY,Retail Electro,Emergente,Geolift,Geolift,Measurement & Efectividad,Incrementalidad & Experimentos,CSA - Science,Proyecto,Bajo,BLANCO,Nunca ofrecido,Espacio blanco,13.3,C,28,3628.0,0.0,0.0,0.491,0.202,0.1,13.266,1.0,1.0,0.0,0.0,0.0,0.0,0,1,0.0,0.0,0.0,0.0,,,,,Sin anclaje en el portafolio actual de la cuenta.,Usar como abrepuertas de bajo ticket
PJ Chile SpA,PJ CHILE SPA,Food & QSR,Emergente,Geolift,Geolift,Measurement & Efectividad,Incrementalidad & Experimentos,CSA - Science,Proyecto,Bajo,BLANCO,Nunca ofrecido,Espacio blanco,13.3,C,29,3628.0,0.0,0.0,0.491,0.202,0.1,13.266,1.0,1.0,0.0,0.0,0.0,0.0,0,1,0.0,0.0,0.0,0.0,,,,,Sin anclaje en el portafolio actual de la cuenta.,Usar como abrepuertas de bajo ticket
Polla Chilena,POLLA,Juegos & Entretenimiento,Emergente,Geolift,Geolift,Measurement & Efectividad,Incrementalidad & Experimentos,CSA - Science,Proyecto,Bajo,BLANCO,Nunca ofrecido,Espacio blanco,13.3,C,29,3628.0,0.0,0.0,0.491,0.202,0.1,13.266,1.0,1.0,0.0,0.0,0.0,0.0,0,1,0.0,0.0,0.0,0.0,,,,,Sin anclaje en el portafolio actual de la cuenta.,Usar como abrepuertas de bajo ticket
Reckitt,RECKITT,CPG Cuidado Personal,Emergente,Geolift,Geolift,Measurement & Efectividad,Incrementalidad & Experimentos,CSA - Science,Proyecto,Bajo,BLANCO,Nunca ofrecido,Espacio blanco,13.3,C,29,3628.0,0.0,0.0,0.491,0.202,0.1,13.266,1.0,1.0,0.0,0.0,0.0,0.0,0,1,0.0,0.0,0.0,0.0,,,,,Sin anclaje en el portafolio actual de la cuenta.,Usar como abrepuertas de bajo ticket
Sky Airline,SKY AIRLINE,Travel & Aerolineas,Emergente,Geolift,Geolift,Measurement & Efectividad,Incrementalidad & Experimentos,CSA - Science,Proyecto,Bajo,BLANCO,Nunca ofrecido,Espacio blanco,13.3,C,29,3628.0,0.0,0.0,0.491,0.202,0.1,13.266,1.0,1.0,0.0,0.0,0.0,0.0,0,2,0.0,0.0,0.0,0.0,,,,,Sin anclaje en el portafolio actual de la cuenta.,Usar como abrepuertas de bajo ticket
Tenpo,TENPO,Fintech & Banca,Emergente,Geolift,Geolift,Measurement & Efectividad,Incrementalidad & Experimentos,CSA - Science,Proyecto,Bajo,BLANCO,Nunca ofrecido,Espacio blanco,13.3,C,28,3628.0,0.0,0.0,0.491,0.202,0.1,13.266,1.0,1.0,0.0,0.0,0.0,0.0,0,1,0.0,0.0,0.0,0.0,,,,,Sin anclaje en el portafolio actual de la cuenta.,Usar como abrepuertas de bajo ticket
Tricot,TRICOT,Retail Vestuario,Emergente,Geolift,Geolift,Measurement & Efectividad,Incrementalidad & Experimentos,CSA - Science,Proyecto,Bajo,BLANCO,Nunca ofrecido,Espacio blanco,13.3,C,28,3628.0,0.0,0.0,0.491,0.202,0.1,13.266,1.0,1.0,0.0,0.0,0.0,0.0,0,1,0.0,0.0,0.0,0.0,,,,,Sin anclaje en el portafolio actual de la cuenta.,Usar como abrepuertas de bajo ticket
Verisure,VERISURE,Servicios Hogar & Seguridad,Desarrollo,Geolift,Geolift,Measurement & Efectividad,Incrementalidad & Experimentos,CSA - Science,Proyecto,Bajo,BLANCO,Nunca ofrecido,Espacio blanco,13.3,C,26,3628.0,0.0,0.0,0.491,0.202,0.1,13.266,1.0,1.0,0.0,0.0,0.0,0.0,0,1,0.0,0.0,0.0,0.0,,,,,Sin anclaje en el portafolio actual de la cuenta.,Usar como abrepuertas de bajo ticket
WOM,WOM,Telco,Desarrollo,Geolift,Geolift,Measurement & Efectividad,Incrementalidad & Experimentos,CSA - Science,Proyecto,Bajo,BLANCO,Nunca ofrecido,Espacio blanco,13.3,C,29,3628.0,0.0,0.0,0.491,0.202,0.1,13.266,1.0,1.0,0.0,0.0,0.0,0.0,0,3,0.0,0.0,0.0,0.0,,,,,Sin anclaje en el portafolio actual de la cuenta.,Usar como abrepuertas de bajo ticket
Watts,WATTS,CPG Alimentos,Desarrollo,Geolift,Geolift,Measurement & Efectividad,Incrementalidad & Experimentos,CSA - Science,Proyecto,Bajo,BLANCO,Nunca ofrecido,Espacio blanco,13.3,C,28,3628.0,0.0,0.0,0.491,0.202,0.1,13.266,1.0,1.0,0.0,0.0,0.0,0.0,0,2,0.0,0.0,0.0,0.0,,,,,Sin anclaje en el portafolio actual de la cuenta.,Usar como abrepuertas de bajo ticket
Claro,CLARO,Telco,Estrategica,MIM Bayesiano,MIM Bayesiano,Measurement & Efectividad,Marketing Mix Modeling,CSA - Science,Proyecto,Alto,PERDIDO,Ofrecido y perdido,Reactivacion,10.8,C,22,34348.0,0.0,0.0,0.914,0.648,1.0,44.239,0.7,0.35,0.0,0.0,50.0,0.0,0,3,0.0,0.0,1.0,1.0,2026-06-05,83.0,False,2026-06-05,"Adyacente a measurement & efectividad, familia donde la cuenta ya compra; se perdio hace 83 dias.",Re-pitchear con nuevo angulo (revisar motivo de perdida)
Esmax,ESMAX,Energia & Combustibles,Desarrollo,People Data Fee Media,People data fee Media,Licencias & Plataformas,Data Fee,CSA - Tech,Recurrente,Alto,PERDIDO,Ofrecido y perdido,Reactivacion,10.8,C,26,10879.0,0.565,0.069,0.698,0.928,0.25,44.061,0.7,0.35,10.3,0.667,100.0,0.0,0,4,0.0,0.0,2.0,2.0,2026-07-01,57.0,False,2026-07-01,Sin anclaje en el portafolio actual de la cuenta; servicio con demanda activa en los ultimos meses; se perdio hace 57 dias.,Re-pitchear con nuevo angulo (revisar motivo de perdida)
Tricot,TRICOT,Retail Vestuario,Emergente,Shopping Insider / Feed AI,Shopping Insider / Feed AI,Analytics & Optimizacion Digital,Retail & Feed,CSA - Tech,Proyecto,Bajo,PERDIDO,Ofrecido y perdido,Reactivacion,10.2,C,29,3976.0,0.0,0.046,0.509,0.185,0.1,14.562,0.7,1.0,0.0,0.0,0.0,0.0,0,1,0.0,0.0,1.0,1.0,2025-08-30,362.0,True,2025-08-30,Sin anclaje en el portafolio actual de la cuenta; se perdio hace 362 dias.,Re-pitchear con nuevo angulo (revisar motivo de perdida)
Copec Flux,COPEC FLUX,Energia & Combustibles,Estrategica,Licencias GA4 360,Licencias GA4 360,Licencias & Plataformas,Licencias Analytics,CSA - Tech,Licencia,Alto,PERDIDO,Ofrecido y perdido,Reactivacion,10.0,C,26,25314.0,0.0,0.159,0.857,0.951,0.5,40.974,0.7,0.35,0.0,0.0,100.0,0.0,0,4,0.0,0.0,1.0,1.0,2026-04-27,122.0,False,2026-04-27,Servicio con demanda activa en los ultimos meses; se perdio hace 122 dias.,Re-pitchear con nuevo angulo (revisar motivo de perdida)
Claro,CLARO,Telco,Estrategica,C-GenIA,C-GenIA,Creative Intelligence & GenAI,Creative GenAI,CSA - Tech,Proyecto,Alto,PERDIDO,Ofrecido y perdido,Reactivacion,9.5,C,23,18305.0,0.0,0.118,0.796,0.951,0.5,38.789,0.7,0.35,0.0,0.0,100.0,0.0,0,3,0.0,0.0,1.0,1.0,2025-12-27,243.0,False,2025-12-27,Servicio con demanda activa en los ultimos meses; se perdio hace 243 dias.,Re-pitchear con nuevo angulo (revisar motivo de perdida)
Gildemeister,GILDEMEISTER,Automotriz,Estrategica,C-GenIA,C-GenIA,Creative Intelligence & GenAI,Creative GenAI,CSA - Tech,Proyecto,Alto,PERDIDO,Ofrecido y perdido,Reactivacion,9.5,C,24,18305.0,0.0,0.118,0.796,0.951,0.5,38.789,0.7,0.35,0.0,0.0,100.0,0.0,0,4,0.0,0.0,1.0,1.0,2025-12-27,243.0,False,2025-12-27,Servicio con demanda activa en los ultimos meses; se perdio hace 243 dias.,Re-pitchear con nuevo angulo (revisar motivo de perdida)
Indumotora,INDUMOTORA,Automotriz,Estrategica,C-GenIA Basic Anual,C-GenIA - Basic (200 images) Annual Subscription,Creative Intelligence & GenAI,Creative GenAI,CSA - Tech,Licencia,Medio,PERDIDO,Ofrecido y perdido,Reactivacion,9.5,C,24,7919.0,0.299,0.0,0.638,0.858,0.5,38.948,0.7,0.35,3.4,0.5,100.0,0.0,0,4,0.0,0.0,1.0,1.0,2026-01-02,237.0,False,2026-01-02,Servicio con demanda activa en los ultimos meses; se perdio hace 237 dias.,Re-pitchear con nuevo angulo (revisar motivo de perdida)
GAES,GAES,Salud,Emergente,SEO,SEO,Analytics & Optimizacion Digital,SEO,CSA - Tech,Proyecto,Alto,PERDIDO,Ofrecido y perdido,Reactivacion,9.0,C,30,15497.0,0.365,0.016,0.765,0.972,0.1,36.599,0.7,0.35,3.4,0.667,100.0,0.0,0,1,0.0,0.0,1.0,1.0,2025-12-30,240.0,False,2025-12-30,Sin anclaje en el portafolio actual de la cuenta; servicio con demanda activa en los ultimos meses; se perdio hace 240 dias.,Re-pitchear con nuevo angulo (revisar motivo de perdida)
Copec Flux,COPEC FLUX,Energia & Combustibles,Estrategica,BI Services,BI Services,Analytics & Optimizacion Digital,Business Intelligence,CSA - Tech,Proyecto,Bajo,PERDIDO,Ofrecido y perdido,Reactivacion,8.8,C,27,266.0,0.299,0.076,0.0,0.968,0.75,35.757,0.7,0.35,3.4,0.5,100.0,0.0,0,4,0.0,0.0,1.0,1.0,2026-03-05,175.0,False,2026-03-05,"Adyacente a analytics & optimizacion digital, familia donde la cuenta ya compra; servicio con demanda activa en los ultimos meses; se perdio hace 175 dias.",Re-pitchear con nuevo angulo (revisar motivo de perdida)
Esmax,ESMAX,Energia & Combustibles,Desarrollo,Tech Services Ad Hoc,Tech Services Ad Hoc,Consultoria & Ad Hoc,Servicios Tech,CSA - Tech,Proyecto,Bajo,PERDIDO,Ofrecido y perdido,Reactivacion,8.7,C,27,3814.0,0.289,0.146,0.501,0.906,0.25,35.603,0.7,0.35,6.9,0.222,81.8,0.0,0,4,0.0,0.0,1.0,1.0,2026-07-20,38.0,False,2026-07-20,Sin anclaje en el portafolio actual de la cuenta; servicio con demanda activa en los ultimos meses; se perdio hace 38 dias.,Re-pitchear con nuevo angulo (revisar motivo de perdida)
Gildemeister,GILDEMEISTER,Automotriz,Estrategica,MMM Lite,MMM Lite,Measurement & Efectividad,Marketing Mix Modeling,CSA - Science,Proyecto,Alto,PERDIDO,Ofrecido y perdido,Reactivacion,8.6,C,25,16312.0,0.165,0.096,0.774,0.802,0.25,35.012,0.7,0.35,3.4,0.167,100.0,0.0,0,4,0.0,0.0,2.0,2.0,2026-02-24,184.0,False,2026-02-24,Sin anclaje en el portafolio actual de la cuenta; servicio con demanda activa en los ultimos meses; se perdio hace 184 dias.,Re-pitchear con nuevo angulo (revisar motivo de perdida)
Tricot,TRICOT,Retail Vestuario,Emergente,Tech Services Ad Hoc,Tech Services Ad Hoc,Consultoria & Ad Hoc,Servicios Tech,CSA - Tech,Proyecto,Bajo,PERDIDO,Ofrecido y perdido,Reactivacion,8.3,C,30,3814.0,0.289,0.2,0.501,0.906,0.1,34.028,0.7,0.35,6.9,0.222,81.8,0.0,0,1,0.0,0.0,1.0,1.0,2026-07-20,38.0,False,2026-07-20,Sin anclaje en el portafolio actual de la cuenta; servicio con demanda activa en los ultimos meses; se perdio hace 38 dias.,Re-pitchear con nuevo angulo (revisar motivo de perdida)
PC Factory,PC FACTORY,Retail Electro,Emergente,Tech Services Ad Hoc,Tech Services Ad Hoc,Consultoria & Ad Hoc,Servicios Tech,CSA - Tech,Proyecto,Bajo,PERDIDO,Ofrecido y perdido,Reactivacion,8.0,C,29,3814.0,0.289,0.15,0.501,0.906,0.1,32.707,0.7,0.35,6.9,0.222,81.8,0.0,0,1,0.0,0.0,1.0,1.0,2026-03-30,150.0,False,2026-03-30,Sin anclaje en el portafolio actual de la cuenta; servicio con demanda activa en los ultimos meses; se perdio hace 150 dias.,Re-pitchear con nuevo angulo (revisar motivo de perdida)
Verisure,VERISURE,Servicios Hogar & Seguridad,Desarrollo,MMM Lite,MMM Lite,Measurement & Efectividad,Marketing Mix Modeling,CSA - Science,Proyecto,Alto,PERDIDO,Ofrecido y perdido,Reactivacion,7.9,C,27,16312.0,0.165,0.111,0.774,0.802,0.1,32.415,0.7,0.35,3.4,0.167,100.0,0.0,0,1,0.0,0.0,1.0,1.0,2025-12-27,243.0,False,2025-12-27,Sin anclaje en el portafolio actual de la cuenta; servicio con demanda activa en los ultimos meses; se perdio hace 243 dias.,Re-pitchear con nuevo angulo (revisar motivo de perdida)
Watts,WATTS,CPG Alimentos,Desarrollo,MMM Lite,MMM Lite,Measurement & Efectividad,Marketing Mix Modeling,CSA - Science,Proyecto,Alto,PERDIDO,Ofrecido y perdido,Reactivacion,7.8,C,29,16312.0,0.165,0.096,0.774,0.802,0.1,32.012,0.7,0.35,3.4,0.167,100.0,0.0,0,2,0.0,0.0,1.0,1.0,2025-12-27,243.0,False,2025-12-27,Sin anclaje en el portafolio actual de la cuenta; servicio con demanda activa en los ultimos meses; se perdio hace 243 dias.,Re-pitchear con nuevo angulo (revisar motivo de perdida)
WOM,WOM,Telco,Desarrollo,Licencias GA4 360,Licencias GA4 360,Licencias & Plataformas,Licencias Analytics,CSA - Tech,Licencia,Alto,PERDIDO,Ofrecido y perdido,Reactivacion,7.6,C,30,25314.0,0.0,0.083,0.857,0.951,0.1,31.001,0.7,0.35,0.0,0.0,100.0,0.0,0,3,0.0,0.0,1.0,1.0,2026-06-09,79.0,False,2026-06-09,Sin anclaje en el portafolio actual de la cuenta; servicio con demanda activa en los ultimos meses; se perdio hace 79 dias.,Re-pitchear con nuevo angulo (revisar motivo de perdida)
Esmax,ESMAX,Energia & Combustibles,Desarrollo,C-GenIA Basic Mensual,C-GenIA - Basic (200 images) per month,Creative Intelligence & GenAI,Creative GenAI,CSA - Tech,Recurrente,Medio,PERDIDO,Ofrecido y perdido,Reactivacion,7.3,C,28,9661.0,0.0,0.078,0.676,0.881,0.25,29.772,0.7,0.35,0.0,0.0,100.0,0.0,0,4,0.0,0.0,1.0,1.0,2026-05-20,99.0,False,2026-05-20,Sin anclaje en el portafolio actual de la cuenta; servicio con demanda activa en los ultimos meses; se perdio hace 99 dias.,Re-pitchear con nuevo angulo (revisar motivo de perdida)
PJ Chile SpA,PJ CHILE SPA,Food & QSR,Emergente,Tech Services Ad Hoc,Tech Services Ad Hoc,Consultoria & Ad Hoc,Servicios Tech,CSA - Tech,Proyecto,Bajo,PERDIDO,Ofrecido y perdido,Reactivacion,7.3,C,30,3814.0,0.289,0.031,0.501,0.906,0.1,29.624,0.7,0.35,6.9,0.222,81.8,0.0,0,1,0.0,0.0,1.0,1.0,2026-05-29,90.0,False,2026-05-29,Sin anclaje en el portafolio actual de la cuenta; servicio con demanda activa en los ultimos meses; se perdio hace 90 dias.,Re-pitchear con nuevo angulo (revisar motivo de perdida)
Watts,WATTS,CPG Alimentos,Desarrollo,C-GenIA,C-GenIA,Creative Intelligence & GenAI,Creative GenAI,CSA - Tech,Proyecto,Alto,PERDIDO,Ofrecido y perdido,Reactivacion,7.3,C,30,18305.0,0.0,0.078,0.796,0.951,0.1,29.77,0.7,0.35,0.0,0.0,100.0,0.0,0,2,0.0,0.0,1.0,1.0,2025-12-27,243.0,False,2025-12-27,Sin anclaje en el portafolio actual de la cuenta; servicio con demanda activa en los ultimos meses; se perdio hace 243 dias.,Re-pitchear con nuevo angulo (revisar motivo de perdida)
Inchcape Americas,INCHAPE AMERICAS,Automotriz,Desarrollo,MMM Lite,MMM Lite,Measurement & Efectividad,Marketing Mix Modeling,CSA - Science,Proyecto,Alto,PERDIDO,Ofrecido y perdido,Reactivacion,7.2,C,28,16312.0,0.165,0.0,0.774,0.802,0.1,29.529,0.7,0.35,3.4,0.167,100.0,0.0,0,4,0.0,0.0,1.0,1.0,2026-02-24,184.0,False,2026-02-24,Sin anclaje en el portafolio actual de la cuenta; servicio con demanda activa en los ultimos meses; se perdio hace 184 dias.,Re-pitchear con nuevo angulo (revisar motivo de perdida)
Sky Airline,SKY AIRLINE,Travel & Aerolineas,Emergente,Nested (MMM + BEM),Nested (MMM + BEM) without Data Collection,Measurement & Efectividad,Marketing Mix Modeling,CSA - Science,Proyecto,Alto,PERDIDO,Ofrecido y perdido,Reactivacion,7.2,C,30,28181.0,0.0,0.0,0.877,0.963,0.1,29.346,0.7,0.35,0.0,0.0,100.0,0.0,0,2,0.0,0.0,1.0,1.0,2026-02-24,184.0,False,2026-02-24,Sin anclaje en el portafolio actual de la cuenta; servicio con demanda activa en los ultimos meses; se perdio hace 184 dias.,Re-pitchear con nuevo angulo (revisar motivo de perdida)
Tenpo,TENPO,Fintech & Banca,Emergente,Licencias GA4 360,Licencias GA4 360,Licencias & Plataformas,Licencias Analytics,CSA - Tech,Licencia,Alto,PERDIDO,Ofrecido y perdido,Reactivacion,7.1,C,29,25314.0,0.0,0.0,0.857,0.951,0.1,28.832,0.7,0.35,0.0,0.0,100.0,0.0,0,1,0.0,0.0,1.0,1.0,2026-07-20,38.0,False,2026-07-20,Sin anclaje en el portafolio actual de la cuenta; servicio con demanda activa en los ultimos meses; se perdio hace 38 dias.,Re-pitchear con nuevo angulo (revisar motivo de perdida)
Indumotora,INDUMOTORA,Automotriz,Estrategica,ABCD Detector,ABCD Detector - Basic (20 Videos) per month,Creative Intelligence & GenAI,Creative Analytics,CSA - Tech,Recurrente,Bajo,PERDIDO,Ofrecido y perdido,Reactivacion,7.0,C,25,3488.0,0.0,0.0,0.484,0.826,0.5,28.615,0.7,0.35,0.0,0.0,75.0,0.0,0,4,0.0,0.0,1.0,1.0,2026-01-02,237.0,False,2026-01-02,Servicio con demanda activa en los ultimos meses; se perdio hace 237 dias.,Re-pitchear con nuevo angulo (revisar motivo de perdida)
Tenpo,TENPO,Fintech & Banca,Emergente,Science Ad Hoc,Science Ad Hoc,Consultoria & Ad Hoc,Servicios Science,CSA - Science,Proyecto,Medio,PERDIDO,Ofrecido y perdido,Reactivacion,6.9,C,30,30377.0,0.0,0.0,0.891,0.848,0.1,28.223,0.7,0.35,0.0,0.0,100.0,0.0,0,1,0.0,0.0,1.0,1.0,2026-04-17,132.0,False,2026-04-17,Sin anclaje en el portafolio actual de la cuenta; servicio con demanda activa en los ultimos meses; se perdio hace 132 dias.,Re-pitchear con nuevo angulo (revisar motivo de perdida)
Verisure,VERISURE,Servicios Hogar & Seguridad,Desarrollo,C-GenIA Basic Mensual,C-GenIA - Basic (200 images) per month,Creative Intelligence & GenAI,Creative GenAI,CSA - Tech,Recurrente,Medio,PERDIDO,Ofrecido y perdido,Reactivacion,6.6,C,28,9661.0,0.0,0.078,0.676,0.881,0.1,26.772,0.7,0.35,0.0,0.0,100.0,0.0,0,1,0.0,0.0,1.0,1.0,2026-05-20,99.0,False,2026-05-20,Sin anclaje en el portafolio actual de la cuenta; servicio con demanda activa en los ultimos meses; se perdio hace 99 dias.,Re-pitchear con nuevo angulo (revisar motivo de perdida)
Verisure,VERISURE,Servicios Hogar & Seguridad,Desarrollo,ABCD Detector,ABCD Detector - Basic (20 Videos) per month,Creative Intelligence & GenAI,Creative Analytics,CSA - Tech,Recurrente,Bajo,PERDIDO,Ofrecido y perdido,Reactivacion,5.8,C,29,3488.0,0.0,0.119,0.484,0.826,0.1,23.704,0.7,0.35,0.0,0.0,75.0,0.0,0,1,0.0,0.0,2.0,2.0,2026-05-20,99.0,False,2026-05-20,Sin anclaje en el portafolio actual de la cuenta; servicio con demanda activa en los ultimos meses; se perdio hace 99 dias.,Re-pitchear con nuevo angulo (revisar motivo de perdida)
Verisure,VERISURE,Servicios Hogar & Seguridad,Desarrollo,Investment Curves,Investment Curves (by conversion:channel),Measurement & Efectividad,Curvas de Inversion,CSA - Science,Proyecto,Bajo,PERDIDO,Ofrecido y perdido,Reactivacion,4.4,C,30,1271.0,0.0,0.0,0.294,0.896,0.1,18.043,0.7,0.35,0.0,0.0,100.0,0.0,0,1,0.0,0.0,1.0,1.0,2026-06-03,85.0,False,2026-06-03,Sin anclaje en el portafolio actual de la cuenta; servicio con demanda activa en los ultimos meses; se perdio hace 85 dias.,Re-pitchear con nuevo angulo (revisar motivo de perdida)
